"회사명","공고제목","근무지역","주소","급여","근무시간","고용형태","직종","업종","경력조건","최소학력","최대학력","등록일","마감일","모집인원","모집내용","전형방법","접수방법","제출서류","담당부서","연락처","원본_근무조건"
"주식회사 늘푸른한가족","염창동, 4등급, 일3시간, 재가 요양보호사 채용","(07535)  서울특별시 강서구 양천로67길 32 (염창동, 신동아아파트)","08027 서울특별시 양천구 오목로 181, 5층 (신정동)","시급10,320원 이상 ~ 13,000원 이하,","평일 : (근무시간) (오후) 1시 00분 ~ (오후) 4시 00분, 주 5일 근무","기간의 정함이 없는 근로계약(시간(선택)제)/ 파견근로 비희망/ 대체인력채용 비희망","요양보호사(550100)","그 외 기타 보건업","경력","학력무관","","26-08-05","채용시까지  26-10-04","","- 대상자: 4등급 할머니 (40년생, 가족거주하나 근무시간에는 출근함)  - 직무: 일상생활 및 신체활동 - 근무시간: 주 5일, 13:00~16:00  (오전으로 시간변경가능)","면접","방문,기타(전화 후 방문)","기타(요양보호사 자격증 사본)","","","평일 : (근무시간) (오후) 1시 00분 ~ (오후) 4시 00분, 주 5일 근무"
"실버사랑방문요양재가센터","[초이동] 4등급 여자 어르신 케어 재가요양보호사...","(12986)  경기도 하남시 초이로99번길 127-22, 주택 (초이동)","12961 경기도 하남시 하남대로739번길 34, 실버사랑 (신장동)","시급10,320원 이상,","평일 : (근무시간) (오전) 8시 00분 ~ (오전) 11시 00분, 주 5일 근무","기간의 정함이 없는 근로계약(시간(선택)제)/ 파견근로 비희망/ 대체인력채용 비희망","재가 요양보호사(550102)","방문 복지서비스 제공업","관계없음","학력무관","","26-08-05","채용시까지  26-10-04","","[초이동] 4등급 여자 어르신 케어 재가요양보호사 모집  ㅇ 혼자 거주, 거동 가능  ㅇ 가사 및 일상생활지원 등  ㅇ근무시간 : 주5일(월~금) 08:00 ~ 11:00 (시간 협의 가능)  ㅇ급여 : 기본시급 10,320원 + 기타수당 포함 = 시급 13,000원  ◆전화( 센터장 010-5429-2844 또는 시설장 010-7429-2844 )상담 후 지원◆","면접","방문,기타(◆전화( 센터장 010-5429-2844 또는 시설장 010-7429-2844 )상담 후 지원◆)","기타(요양보호사자격증)","","031-796-5755","평일 : (근무시간) (오전) 8시 00분 ~ (오전) 11시 00분, 주 5일 근무"
"광명노인복지센터","재가요양보호사 채용(서창동)","(21602)  인천광역시 남동구 매소홀로 1103, .. (서창동, 현대모닝사이드 아파트)","21647 인천광역시 남동구 호구포로 294-1 (논현동)","시급10,320원 이상 ~ 10,320원 이하,","평일 : (근무시간) (오전) 9시 00분 ~ (정오) 12시 00분, 주 6일 근무","기간의 정함이 없는 근로계약(시간(선택)제)/ 파견근로 비희망/ 대체인력채용 비희망","재가 요양보호사(550102)","방문 복지서비스 제공업","관계없음","학력무관","","26-08-05","채용시까지  26-10-04","","- 4등급 여자 어르신 케어/독거 - 주6일 근무(월24회 이내) - 각종수당 포함 시급 13,000원","면접","방문","이력서","","","평일 : (근무시간) (오전) 9시 00분 ~ (정오) 12시 00분, 주 6일 근무"
"올바른 방문요양센터","어르신을 위한 따뜻한 격려와 지원을 나누고 싶은 ...","(16539)  경기도 수원시 영통구 매원로12번길 9 (매탄동)","16539 경기도 수원시 영통구 매원로12번길 9, 매탄4동 209-20 103호 (매탄동)","시급10,320원 이상 ~ 10,320원 이하,","평일 : (근무시간) (오전) 10시 00분 ~ (오후) 1시 00분, 주 5일 근무","기간의 정함이 없는 근로계약(시간(선택)제)/ 파견근로 비희망/ 대체인력채용 비희망","재가 요양보호사(550102)","노인 요양 복지시설 운영업","관계없음","학력무관","","26-08-05","채용시까지  26-10-04","","근무요일 : 월요일~ 금요일 (주 5일)  근무시간 : 오전 10시 ~ 오후 1시  업      무 : 일상적인 지원 및 환경 정리, 정서지원  시      급 : 10,320원 (기타 지급 포함 : 13,000원)  * 78세 4등급 여자 어르신 입니다. * 어르신이 병원 가시는 날이 있어 그 달에 60시간 안 될 경우가 있습니다.  지원 시, 참고 부탁 드립니다.","면접","방문,고용24","기타(건강검진표 / 요양보호사 자격증)","","","평일 : (근무시간) (오전) 10시 00분 ~ (오후) 1시 00분, 주 5일 근무"
"더케어방문요양센터","[감북동] 4등급 여자어르신 케어 재가요양보호사 ...","(12990)  경기도 하남시 감초로70번길 68, . (감북동)","12925 경기도 하남시 미사대로 550 (덕풍동, 현대지식산업센터 한강미사 2층)","시급10,320원 이상,","평일 : 주5일(월~금) 13:00 ~ 16:00 (근무시간 30분 조정 가능 / 주3일 근무도 가능), 주 5일 근무","기간의 정함이 없는 근로계약(시간(선택)제)/ 파견근로 비희망/ 대체인력채용 비희망","재가 요양보호사(550102)","노인 요양 복지시설 운영업","관계없음","학력무관","","26-08-05","채용시까지  26-10-04","","(감북동) 4등급 여자어르신 케어  ㅇ가사일, 청소, 장보기, 말벗, 인지 좋으심.  ㅇ근무시간 : 주5일(월~금) 13:00 ~ 16:00 (근무시간 30분 조정 가능 / 주3일 근무도 가능)  ㅇ급여 : 기본시급 10,320원 + 기타수당 포함 = 시급 13,500원  ◆전화( 010-6722-5078 )상담 후 지원◆","면접","방문,기타(◆전화( 010-6722-5078 )상담 후 지원◆)","기타(요양보호사자격증)","","031-8027-7988","평일 : 주5일(월~금) 13:00 ~ 16:00 (근무시간 30분 조정 가능 / 주3일 근무도 가능), 주 5일 근무"
"동분당재가복지센터","방문요양보호사를 모집합니다.(도촌동 근무)","(13424)  경기도 성남시 중원구 도촌남로 69, 403동 (도촌동, 휴먼시아섬마을4단지아파트)","13426 경기도 성남시 중원구 도촌로8번길 20, 103호 (도촌파크오피스텔) (도촌동)","시급10,320원 이상 ~ 10,320원 이하,","평일 : (근무시간) (오후) 4시 30분 ~ (오후) 7시 30분, 주 6일 근무","기간의 정함이 없는 근로계약(시간(선택)제)/ 파견근로 비희망/ 대체인력채용 비희망","재가 요양보호사(550102)","사회복지 상담서비스 제공업","관계없음","학력무관","","26-08-05","채용시까지  26-10-04","","*84세 여자 어르신 (4등급) 케어 입니다.  1. 주 6일 근무 2. 근무 시간 - 16:30~19:30 3. 포괄시급-13,100원(시급10,320원) 4. 요양보호사 업무범위 서비스제공  5. 성실한  요양보호사님  모집합니다. 6. 모집인원 : 1명 7. 근무지: 성남시 중원구 도촌동 4단지 아파트 8. 근무내용: 일상생활지원,신체활동지원,정서지원,병원동행등","면접,기타(이력서 요양보호사자격증)","방문,팩스,고용24","이력서","","031-722-5451","평일 : (근무시간) (오후) 4시 30분 ~ (오후) 7시 30분, 주 6일 근무"
"돌보인방문요양센터강서점","[옥수동/4등급/할머니/14~17시/주3일] 재가...","(04739)  서울특별시 성동구 독서당로40길 37, 옥수어울림아파트 (옥수동, 옥수 어울림)","07686 서울특별시 강서구 우장산로16길 42 (화곡동)","시급10,320원 이상 ~ 13,050원 이하,","평일 : (근무시간) (오후) 2시 00분 ~ (오후) 5시 00분, 주 3일 근무","기간의 정함이 있는 근로계약(시간(선택)제)12 개월/ 파견근로 비희망/ 대체인력채용 비희망","재가 요양보호사(550102)","방문 복지서비스 제공업","관계없음","학력무관","","26-08-05","채용시까지  26-10-04","","-대상자: 4등급 할머니(독거), 치매없음 -직무내용:  식사도움, 가사지원 -근로시간: 14:00~17:00 주3일 -근무예정지: 옥수어울림아파트 -지원문의: 02-2607-2937","면접","방문,기타(전화문의지원 ( 010-8916-9911))","기타(요양보호사자격증)","","02-2607-2937","평일 : (근무시간) (오후) 2시 00분 ~ (오후) 5시 00분, 주 3일 근무"
"수정노인복지센터","작전동 오후재가 요양보호사 구인","(21125)  인천광역시 계양구 효서로 393, .. (작전동, 까치마을태화.한진아파트)","21124 인천광역시 계양구 봉오대로774번길 21, 2층 (작전동)","시급10,320원 이상 ~ 10,320원 이하,","평일 : (근무시간) (오후) 12시 30분 ~ (오후) 3시 30분, 주 5일 근무","기간의 정함이 없는 근로계약(시간(선택)제)/ 파견근로 비희망/ 대체인력채용 비희망","재가 요양보호사(550102)","사회복지 상담서비스 제공업","관계없음","학력무관","","26-08-05","채용시까지  26-10-04","","* 4등급 할머님 (34년생) / 독거 * 오후 12:30 - 3:30 / 주5일 / 일일3시간 * 시급 + 제수당 = 13,200원 * 일상생활 도움 , 말벗, 식사 준비 등 가사생활 지원","서류,면접","방문","이력서","","032-222-9395","평일 : (근무시간) (오후) 12시 30분 ~ (오후) 3시 30분, 주 5일 근무"
"대교뉴이프 방문요양센터 인천계양센터","대교뉴이프 방문요양 인천계양센터 수원시 권선구 오...","(16636)  경기도 수원시 권선구 오목천로 15, 112동 (오목천동, 상송마을주공아파트)","21037 인천광역시 계양구 경명대로 1023, 1층 (계산동)","시급10,320원 이상 ~ 10,320원 이하,","평일 : (근무시간) (오전) 11시 30분 ~ (오후) 2시 30분, 주 5일 근무","기간의 정함이 없는 근로계약/ 파견근로 비희망/ 대체인력채용 비희망","요양보호사(노인요양사)(550101)","방문 복지서비스 제공업","관계없음","학력무관","","26-08-05","채용시까지  26-10-04","","*요양보호사 급여 기본시급(10,320원) + 각종수당 = 13,300원  *근무시간 11:30-14:30 (평일3시간)  *5등급 여자 어르신 케어  *치매전문교육이수 필수  *어르신 스스로 거동 가능하며, 인지기능 양호, 의사소통 원활하며 성격이 온화한 어르신입니다.  * 주변 정리정돈 및 청소, 병원 동행, 복약도움, 부축 도움 등","면접","고용24","이력서","","032-710-2990","평일 : (근무시간) (오전) 11시 30분 ~ (오후) 2시 30분, 주 5일 근무"
"사회복지법인한국봉사회(북부다나을방문요양센터)","하계동 중계주공9단지 2등급 여자어르신 요양보호사...","(01748)  서울특별시 노원구 노원로16길 15, 908동 (하계동, 중계주공9단지아파트)","01604 서울특별시 노원구 동일로245길 56 (상계동)","시급10,320원 이상 ~ 10,320원 이하,","평일 : (근무시간) (오전) 8시 00분 ~ (오전) 11시 00분, 주 6일 근무","기간의 정함이 없는 근로계약/ 파견근로 비희망/ 대체인력채용 비희망","재가 요양보호사(550102)","방문 복지서비스 제공업","관계없음","학력무관","","26-08-05","채용시까지  26-10-04","","하계동 중계주공9단지 2등급 여자어르신 요양보호사 구인  근무 일자 : 주6회 (월~토)  근무 시간 : 오전 08:00~11:00 (3시간) 오전으로 시간 협의 가능  어르신 상태 : 2등급이나 기본적인 개인위생수행은 혼자서 하시며 기저귀케어 및 목욕케어 없음. 4등급같은 2등급이심. 근무 내용 : 가사활동(취사, 청소, 세탁), 말벗도움, 병원동행 시급 : 13,500원,","서류,면접","방문","기타(요양보호사 자격증 1부, 채용건강검진 1부)","","02-952-7188","평일 : (근무시간) (오전) 8시 00분 ~ (오전) 11시 00분, 주 6일 근무"
"주식회사 제이비제이","단순제조 생산사원 모집","(22847)  인천광역시 서해구 보도진로54번길 11-7, 1층 (가좌동)","22121 인천광역시 미추홀구 방축로 312, 10층 (주안동)","시급10,320원 이상,","평일 : (근무시간) (오전) 9시 00분 ~ (오후) 6시 00분, 주 5일 근무","기간의 정함이 없는 근로계약/ 파견근로 비희망/ 대체인력채용 희망","기계·금속 분야 단순 종사원(890001)","수동식 식품 가공기기 및 금속 주방용기 제조업","관계없음","학력무관","","26-08-05","채용시까지  26-10-04","","당사는 올스텐 식기건조대 및 올스텐 세탁바구니 제조업체 입니다. 스텐와이어 절곡품 용접  업무가 주업무 입니다. 성실하게 근무해주실 분 모십니다.","서류,면접","팩스,고용24,이메일","이력서,자기소개서","","032-822-6245","평일 : (근무시간) (오전) 9시 00분 ~ (오후) 6시 00분, 주 5일 근무"
"재원요양센터","방문요양보호사(화성 양감) 구인","(18307)  경기도 화성시 효행구 봉담읍 상리1길 167, 상가동 110호 (중흥에스클래스 에듀포레)","18307 경기도 화성시 효행구 봉담읍 상리1길 167, 상가동 110호 (중흥에스클래스 에듀포레)","시급10,360원 이상 ~ 10,360원 이하,","평일 : (근무시간) (오전) 9시 00분 ~ (정오) 12시 00분, 주 6일 근무","기간의 정함이 없는 근로계약/ 파견근로 비희망/ 대체인력채용 비희망","재가 요양보호사(550102)","그 외 기타 보건업","관계없음","학력무관","","26-08-05","채용시까지  26-10-04","","근무지 : 만세구 양감면 대양리 629 시간 : 오전9~12시 요일 : 월~토 대상자 : 90대, 남, 3등급  근무내용 : 식사, 청결, 개인위생관리, 일상생활 전반 지원, 말벗  시급:10,360+기타수당:2,640=13,000원   *실제 서비스 제공기간에 따라 임금을 계산하여 지급하는 형태로 채용 시 근로자마다 주 소정근로시간이나 임금, 근무(예정)지 등에 차이가 있을 수 있음*","면접","방문,고용24,이메일","기타(자격증, 건겅검진)","","031-227-0105","평일 : (근무시간) (오전) 9시 00분 ~ (정오) 12시 00분, 주 6일 근무"
"사랑마을재가방문요양센터","북가좌동(북가좌오거리 근방) 독거 여자어르신 오전...","(03684)  서울특별시 서대문구 증가로23다길 26-5, ... (북가좌동)","03654 서울특별시 서대문구 모래내로17길 72-9 (홍은동)","시급10,320원 이상 ~ 10,320원 이하,","평일 : (근무시간) (오전) 9시 00분 ~ (정오) 12시 00분, 주 5일 근무","기간의 정함이 없는 근로계약/ 파견근로 비희망/ 대체인력채용 비희망","재가 요양보호사(550102)","방문 복지서비스 제공업","관계없음","학력무관","","26-08-05","채용시까지  26-10-04","","- 수급자 : 82세, 여자 어르신, 4등급, 독거  - 근무내용 : 가사 및 일상생활지원  - 시급 : 13,500원(각종 수당이 포함된 금액)   - 근무시간 : 월요일 ~ 금요일 (주 5일), 오전 9시 ~ 12시(3시간) * 시간은 협의가능  - 거주지 : 서울 서대문구 증가로23 다길 26-5(북가좌 오거리 하나은행, 농협 근방)  - 전화로 문의해주시면 자세히 안내해드리겠습니다.","면접","방문,기타((전화상담) 02-391-4472)","기타(건강검진진단서(1년이내, 면접 시 제출), 요양보호사 자격증(면접 시 제출))","","02-391-4472","평일 : (근무시간) (오전) 9시 00분 ~ (정오) 12시 00분, 주 5일 근무"
"생생재가복지센터","[신내동, 3등급, 여자어르신, 9시~12시, 주...","(02076)  서울특별시 중랑구 신내로 51 (신내동, 성원아파트)","02103 서울특별시 중랑구 동일로123길 14, 생생재가복지센터 (중화동)","시급10,320원 이상 ~ 10,320원 이하,","평일 : (근무시간) (오전) 9시 00분 ~ (정오) 12시 00분, 주 5일 근무","기간의 정함이 없는 근로계약(시간(선택)제)/ 파견근로 비희망/ 대체인력채용 비희망","재가 요양보호사(550102)","방문 복지서비스 제공업","관계없음","학력무관","","26-08-05","채용시까지  26-10-04","","- 신내 성원아파트 3등급 여자어르신(37년생), 부부세대 (남편분은 신경 안 써도 됨) - 가사서비스 및 일상생활지원 - 09:00-12:00, 주5일 - 시급14,500원(기본 시급 10,320원 + 주휴·연차수당 포함)","면접","방문,기타(전화문의)","기타(요양보호사 자격증)","","02-433-9915","평일 : (근무시간) (오전) 9시 00분 ~ (정오) 12시 00분, 주 5일 근무"
"쿠팡풀필먼트서비스 유한회사(Coupang Fulfillment Services Ltd.)","[2026 제4회 꿈일터 구인구직만남의 날 참여기...","(10550)  경기도 고양시 덕양구 권율대로 570, . (원흥동)","05836 서울특별시 송파구 법원로11길 12, 8층 (문정동)","시급10,320원 이상 ~ 10,320원 이하,","평일 : -주간조(08:00~18:00,  월 2,659,550원 ),  -오후조(18:00~익일04:00, 월 3,264,000원) -주3일제 : 주간조(월1,604,530원),  -주3일제 : 오후조(월1,967,200원) -주2일제(토,일/주간조) : (월 1,077,010원) -주2일제(토,일/오후조) : (월 1,318,790원), 주 5일 근무","기간의 정함이 있는 근로계약12 개월/ 파견근로 비희망/ 대체인력채용 비희망","물류 사무원(물류 관리사)(028408)","항공 및 육상 화물 취급업","관계없음","학력무관","","26-08-03","채용시까지  26-10-02","","[2026 제4회 꿈일터 구인구직만남의 날 참여기업]  쿠팡 고양센터 OB(집품, 포장)/ IB(입고,진열) 물류사원 모집 ◈ 면접일시 : 2026년 8월 26일(수) 오후 14:00시~ (면접시간 개별적 안내) ◈ 접수방법 : 사전유선접수(☏ 031-940-9781)  ◈ 면접장소 : 파주고용복지+센터(금촌역앞 MH타워 8층) ※ 위 일정은 변경 및 취소될 수 있습니다. / 직무내용 :  OB(집품 및 포장) : PACKING 및 주문상품 포장                   IB(입고 및 진열) : 상품의 입고와 재고관리 / 근무시간 :  -주간조(08:00~18:00, 휴게시간 12:00~13:00, 월 2,659,550원 ),  -오후조(18:00~익일04:00, 휴게시간 22:00~23:00, 월 3,264,000원) -주3일제 : 주간조(월1,604,530원),  -주3일제 : 오후조(월1,967,200원) -주2일제(토,일/주간조) : (월 1,077,010원) -주2일제(토,일/오후조) : (월 1,318,790원) / 근무형태 : 주2~5일 스케줄 근무 / 급      여 :  (면접시 근무시간 관련 급여 필수 확인) / 고용형태 : 계약직 12개월(수습 12주 포함), 정년있음 / 근 무 지  : 고양1,3센터: 고양시 덕양구 권율대로 570 / 복리후생 : 구내식당, 단체상해보험, 사이버대학 장학지원, 경조금, 명절선물, 쿠팡5%캐시백 / 출퇴근 통근버스 운행 중  * 워크넷 연계위해 주5일 40시간으로 표기함","서류,면접,기타([2026 제4회 꿈일터 구인구직만남의 날 참여기업]  쿠팡 고양센터 OB(집품, 포장)/ IB(입고,진열) 물류사원 모집)","고용24,기타(전화 031-940-9781)","이력서,기타([2026년 제4회 꿈일터 구인구직만남의 날 참여기업]  쿠팡 고양센터 OB(집품, 포장)/ IB(입고,진열) 물류사원 모집)","지자체 위탁 취업알선기관_경기  파주시","031-940-9781","평일 : -주간조(08:00~18:00,  월 2,659,550원 ),  -오후조(18:00~익일04:00, 월 3,264,000원) -주3일제 : 주간조(월1,604,530원),  -주3일제 : 오후조(월1,967,200원) -주2일제(토,일/주간조) : (월 1,077,010원) -주2일제(토,일/오후조) : (월 1,318,790원), 주 5일 근무"
"우리사랑재가복지센터","요양보호사 구인신청","(12798)  경기도 광주시 양벌로 375, 205동 (양벌동, 대주2차아파트)","12796 경기도 광주시 양벌로 58, 104호 (양벌동)","시급10,320원 이상 ~ 10,320원 이하,","평일 : (근무시간) (오후) 12시 30분 ~ (오후) 3시 30분, 주 5일 근무","기간의 정함이 없는 근로계약(시간(선택)제)/ 파견근로 비희망/ 대체인력채용 비희망","재가 요양보호사(550102)","노인 요양 복지시설 운영업","관계없음","학력무관","","26-08-03","채용시까지  26-09-29","","5등급 여자 어르신 신체활동지원. 정서지원. 가사및일상생활지원,치매교육이수자 시급:13,100원","기타(전화상담)","고용24","기타(요양보호사 자격증. 2026년 건강검진결과지. 치매교육이수자)","","031-762-0777","평일 : (근무시간) (오후) 12시 30분 ~ (오후) 3시 30분, 주 5일 근무"
"명진재가복지센터","(세종대왕면)명진재가복지센터에서 요양보호사 선생님...","(12641)  경기도 여주시 새미실3길 9, 도보 1분","12641 경기도 여주시 세종대왕면 능서로 15, 1층","시급10,320원 이상 ~ 10,320원 이하,","평일 : (근무시간) (오전) 9시 00분 ~ (정오) 12시 00분, 주 5일 근무","기간의 정함이 없는 근로계약(시간(선택)제)/ 파견근로 비희망/ 대체인력채용 비희망","재가 요양보호사(550102)","사회복지 상담서비스 제공업","관계없음","학력무관","","26-08-03","채용시까지  26-10-01","","장소 : 여주시 세종대왕면 신지1리 마을회관에서 도보 1분  근무일수 : 주5일 월~토 근무시간 : 09:00 ~ 12:00(시간협의 가능) 시급 : 12,900원(기본급 10,320원 + 기타수당 2,580원)  근무내용 3등급 80대 여자 어르신입니다. 거동 가능하시고 기저귀 미착용에 일상생활도 가능하십니다. 주된업무는 가사 지원 및 말 벗 서비스가 되겠습니다.","서류,면접","고용24","경력증명서","","031-882-8425","평일 : (근무시간) (오전) 9시 00분 ~ (정오) 12시 00분, 주 5일 근무"
"드림농장","양돈장 직원 채용 건","(12535)  경기도 양평군 양동면 밀양골길 68 -, 드림농장","12535 경기도 양평군 양동면 밀양골길 68 -, 드림농장","시급10,320원 이상,","평일 : (근무시간) (오전) 9시 00분 ~ (오후) 6시 00분, 주 6일 근무","기간의 정함이 없는 근로계약/ 파견근로 비희망/ 대체인력채용 비희망","돼지 사육원(902300)","양돈업","관계없음","학력무관","","26-08-05","채용시까지  26-10-04","","돼지 사양관리 1. 사료급여 2. 농장환경 관리","서류","우편,팩스","이력서,자기소개서","","031-774-8155","평일 : (근무시간) (오전) 9시 00분 ~ (오후) 6시 00분, 주 6일 근무"
"'더섬김재가노인복지센터","(분당 /야탑/오전) 3등급  여자 어르신 어르신...","(13502)  경기도 성남시 분당구 장미로 193, 407동 *** (야탑동, 매화마을)","13506 경기도 성남시 분당구 야탑로 95, 7층 710-1호","시급10,320원 이상 ~ 10,320원 이하,","평일 : (근무시간) (오전) 9시 00분 ~ (정오) 12시 00분, 주 6일 근무","기간의 정함이 없는 근로계약(시간(선택)제)/ 파견근로 비희망/ 대체인력채용 희망","재가 요양보호사(550102)","노인 요양 복지시설 운영업","관계없음","학력무관","","26-08-05","채용시까지  26-10-04","","(분당/야탑/오전) 3등급 여자 어르신 어르신 도와 주실 요양보호사님 구인  - 3등급 할머니, 생활도움 요양보호사 구인  - 주 6일 09:30-12:00 - 시급 13,000원 = 10,320원(최저임금)+2,680원(연차수당,주휴수당등)","기타(전화 및 면접 후 결정)","기타(전화접수 후 면접)","기타(요양보호사 자격증 , 채용 시건겅검진,   노인학대 범죄경력 조회서, 보수교육이수증)","","031-707-7084","평일 : (근무시간) (오전) 9시 00분 ~ (정오) 12시 00분, 주 6일 근무"
"주식회사다울시스템","[ 화도읍 ] 영진그린필 아파트 청소 미화원 구인","(12172)  경기도 남양주시 화도읍 경춘로 1790-1, 영진그린필 아파트 (영진그린필아파트)","12962 경기도 하남시 신장로 58 (천현동, 우성빌딩)","시급10,320원 이상,","평일 : 주6일 / 09:00-15:30(휴게 12:00-13:00), 격주토요일 09:00-12:00, 주 6일 근무","기간의 정함이 없는 근로계약/ 파견근로 비희망/ 대체인력채용 비희망","건물 청소원(공공건물,아파트,사무실,병원,상가,공장 등)(561101)","사업시설 유지？관리 서비스업","신입","학력무관","","26-08-05","채용시까지  26-10-04","","- 화도읍 영진그린필 아파트 - 청소 미화원 업무 (복도 계단,1층 현관 ) - 주6일 ,09:00-15:30 (휴게 12:00-13:00), 격주토요일 09:00-12:00","서류","방문,팩스,고용24,이메일,기타(031-793-4236 으로 전화 문의)","이력서","","031-793-4236","평일 : 주6일 / 09:00-15:30(휴게 12:00-13:00), 격주토요일 09:00-12:00, 주 6일 근무"
"동분당재가복지센터","방문요양보호사를 모집합니다.(도촌동 근무)","(13424)  경기도 성남시 중원구 도촌남로 69, 402동 (도촌동, 휴먼시아섬마을4단지아파트)","13426 경기도 성남시 중원구 도촌로8번길 20, 103호 (도촌파크오피스텔) (도촌동)","시급10,320원 이상 ~ 10,320원 이하,","평일 : (근무시간) (오전) 9시 40분 ~ (오후) 3시 45분, 주 5일 근무","기간의 정함이 없는 근로계약(시간(선택)제)/ 파견근로 비희망/ 대체인력채용 비희망","재가 요양보호사(550102)","사회복지 상담서비스 제공업","관계없음","학력무관","","26-08-03","채용시까지  26-10-01","","*부부 3등급 케어 입니다.  1. 주 5일 근무 2. 근무 시간 - 09:40~15:45 (태그시간 5분) 3. 부부 어르신 요양보호사업무 제공  4. 성실한  요양보호사님  모집합니다. 5. 모집인원 : 1명 6. 근무지: 성남시 중원구 도촌동 5단지 아파트 7.근무내용: 일상생활지원,신체활동지원,정서지원,병원동행 등","면접,기타(이력서 요양보호사자격증)","방문,팩스,고용24","이력서","","031-722-5451","평일 : (근무시간) (오전) 9시 40분 ~ (오후) 3시 45분, 주 5일 근무"
"돌봄방문요양센터","요양보호사 선생님 모십니다 (주휴수당포함  포괄시...","(01462)  서울특별시 도봉구 우이천로20길 7, . (창동, 건영캐스빌아파트)","01411 서울특별시 도봉구 노해로69길 103, 동아청솔아파트 상가동 103호 (창동, 동아청솔아파트)","시급10,320원 이상 ~ 10,320원 이하,","평일 : (근무시간) (오전) 9시 00분 ~ (정오) 12시 00분, 주 5일 근무","기간의 정함이 있는 근로계약(시간(선택)제)12 개월/ 파견근로 비희망/ 대체인력채용 비희망","요양보호사(노인요양사)(550101)","노인 요양 복지시설 운영업","관계없음","학력무관","","26-08-03","채용시까지  26-09-29","","90세 남성 어르신 4급  (청력손실, 정서지원, 가사지원) (주휴수당포함  포괄시급13700원)","서류,면접","방문,팩스,고용24","이력서,자기소개서","","02-999-9430","평일 : (근무시간) (오전) 9시 00분 ~ (정오) 12시 00분, 주 5일 근무"
"주식회사펩스","CNC 자동선반 조작원 모집","(17086)  경기도 용인시 기흥구 기흥단지로121번길 35, (주)펩스 (고매동)","17086 경기도 용인시 기흥구 기흥단지로121번길 35, (주)펩스 (고매동)","시급10,320원 이상 ~ 10,320원 이하,","평일 : 주야 교대(오전) 8시 30분~(오후) 5시 30분 (주간,  휴게시간 1.5시간) (오후) 8시 30분~(오전) 5시 30분(야간) 토요일 근무는 있을때도 있고 없을때도 있음 , 주 5일 근무","기간의 정함이 없는 근로계약/ 파견근로 비희망/ 대체인력채용 비희망","금속가공 기계 조작원(821200)","가공 및 정제염 제조업","관계없음","학력무관","","26-08-05","채용시까지  26-10-04","","CNC 자동선반 기계 조작원  모집 합니다.","면접","방문","기타(없음)","","031-282-7908","평일 : 주야 교대(오전) 8시 30분~(오후) 5시 30분 (주간,  휴게시간 1.5시간) (오후) 8시 30분~(오전) 5시 30분(야간) 토요일 근무는 있을때도 있고 없을때도 있음 , 주 5일 근무"
"시니어홈케어재가방문요양센터","[금천구 독산3동/1등급/오전] 요양보호사 구인","(08546)  서울특별시 금천구 독산로85길 25, . (독산동)","07053 서울특별시 동작구 보라매로 100-4 (신대방동)","시급13,200원 이상 ~ 13,200원 이하,","평일 : (근무시간) (오전) 9시 00분 ~ (오후) 1시 00분, 주 5일 근무","기간의 정함이 없는 근로계약(시간(선택)제)/ 파견근로 비희망/ 대체인력채용 비희망","재가 요양보호사(550102)","노인 요양 복지시설 운영업","경력","학력무관","","26-08-05","채용시까지  26-10-04","","금천구 독산동 1등급 할머니  - 피딩(콧줄), 체위변경, 기저귀케어 - 월~금요일 09:00~13:00 - 급여 시급 13,200원+중증가산수당 일급 6,000원    ** 독산3동 주민센터 인근","서류,면접,기타(전화)","고용24,기타(전화)","이력서","","","평일 : (근무시간) (오전) 9시 00분 ~ (오후) 1시 00분, 주 5일 근무"
"좋은만남재가복지센터","[홍제역/ 5등급 할머님/ 14:00~17:00/...","(03629)  서울특별시 서대문구 세무서길 11, 세무서 근처 주택 (홍제동)","01328 서울특별시 도봉구 마들로 685, 2층 (도봉동)","시급10,320원 이상 ~ 10,320원 이하,","평일 : (근무시간) (오후) 2시 00분 ~ (오후) 5시 00분, 주 5일 근무","기간의 정함이 없는 근로계약(시간(선택)제)/ 파견근로 비희망/ 대체인력채용 비희망","재가 요양보호사(550102)","노인 요양 복지시설 운영업","관계없음","학력무관","","26-08-05","채용시까지  26-10-04","","[홍제역] 5등급 할머님, 재가요양사 채용  *치매교육이수자 필수* ○직무내용 : 일상생활지원, 가사도움, 정서지원, 말벗 등  ○근무시간 :  주5일, 14:00~17:00 ○시      급 : 10,320원 (수당포함 13,400원) ○지원문의 :  010-2726-2422","서류,면접","방문,기타(연락 후 방문)","이력서,기타(요양보호사 자격증, 건강검진 결과지)","","02-1551-9907","평일 : (근무시간) (오후) 2시 00분 ~ (오후) 5시 00분, 주 5일 근무"
"(주)필코아","정수기(비데/이온수기용) 필터 생산직원 모집","(15085)  경기도 시흥시 산기대학로 60, 1나402호 (정왕동, 시화공단) (정왕동, 시화공단)","15085 경기도 시흥시 산기대학로 60, 1나402호 (정왕동, 시화공단) (정왕동, 시화공단)","시급10,320원 이상 ~ 10,320원 이하,","평일 : A조 : 06시~14시  B조 : 14시~22시  C조 : 22시~익일06시, 주 5일 근무","기간의 정함이 없는 근로계약/ 파견근로 비희망/ 대체인력채용 비희망","전기·전자 분야 단순 종사원(890005)","액체 여과기 제조업","관계없음","학력무관","","26-08-05","채용시까지  26-10-04","","정수기/비데용 필터 제조   3조3교대 근무 가능자","서류,면접","고용24","이력서","","031-433-3988","평일 : A조 : 06시~14시  B조 : 14시~22시  C조 : 22시~익일06시, 주 5일 근무"
"씨제이프레시웨이주식회사","아난티가평 직원식당 메인 조리원 모집","(12472)  경기도 가평군 유명로 1007-90, 직원식당","17099 경기도 용인시 기흥구 기곡로 32 (하갈동)","시급13,000원 이상,","평일 : 직무내용 참고, 주 5일 근무","기간의 정함이 있는 근로계약12 개월/ 계약기간 만료 후 상용직전환검토/ 파견근로 비희망/ 대체인력채용 비희망","주방 보조원(532300)","기타 신선식품 및 단순 가공식품 도매업","관계없음","학력무관","","26-08-05","채용시까지  26-10-02","","● 근무형태 - CJ프레시웨이 자체계약직  ● 근무조건 - 업무내용 : 전처리, 조리, 배식, 등 업무 - 근무요일 : 주5일 스케줄 근무 (협의가능) - 근무시간 : 07:00-16:00 (휴게 1시간) - 급여조건 : 시급 13,000원+지원금 30만원  ★ 설악터미널 셔틀 이용 가능   ● 지원조건  - 연령무관, 유사업무 경험 우대, 인근 거주자 및 자차 소유자 우대  ●복리후생 - 국민연금, 고용보험, 산재보험, 건강보험, 연차, 퇴직금, 각종 경조금, 경조휴가제, 연장근로수당, 휴일근로수당, 근무복 지급, 식사 제공","면접","고용24,기타(문자, 전화지원)","이력서","","","평일 : 직무내용 참고, 주 5일 근무"
"시현푸드","제조업 생산직","(16672)  경기도 수원시 권선구 곡반정로 37 (곡반정동)","16672 경기도 수원시 권선구 곡반정로 37 (곡반정동)","시급10,320원 이상 ~ 10,320원 이하,","평일 : (오전) 8시 00분~(오후) 5시 30분 * 휴계시간  * 점심시간: 12:00~13:00 * 휴게시간: 10:00~10:15, 15:00~15:15, 주 5일 근무","기간의 정함이 없는 근로계약/ 파견근로 비희망/ 대체인력채용 비희망","정육 가공원 및 도축원(872100)","가금류 도축업","관계없음","학력무관","","26-08-05","채용시까지  26-10-04","","닭고기 발골 및 해체","서류,면접","고용24,이메일","이력서","","031-222-3276","평일 : (오전) 8시 00분~(오후) 5시 30분 * 휴계시간  * 점심시간: 12:00~13:00 * 휴게시간: 10:00~10:15, 15:00~15:15, 주 5일 근무"
"고척성원아파트","[고척1동] 아파트 경비원 모집","(08222)  서울특별시 구로구 경인로47가길 10, 고척1동  성원아파트 관리사무소 (고척동, 성원아파트)","08222 서울특별시 구로구 경인로47가길 10, . (고척동, 성원APT)","시급10,320원 이상 ~ 10,320원 이하,","평일 : -근무시간: 06시~익일 06시 / 격일제 , 주 4일 근무","기간의 정함이 있는 근로계약12 개월/ 파견근로 비희망/ 대체인력채용 비희망","아파트·빌라 경비원(542001)","주거용 부동산 관리업","관계없음","학력무관","","26-08-03","채용시까지  26-10-02","","[고척1동] 성원아파트 (1동짜리 74 세대)  -아파트 경비원 모집/경비,순찰등 일반적인 경비업무 -월급여: 178만원 -근무시간: 06시~익일 06시 / 격일제  -휴게시간: 12시간40분               (07시30~09시/12시~14시/17시~19시/22시~05시10분) -경력1년 이상자 우대/ 신임경비 교육 이수자 필수","서류,면접","방문,기타(이력서,이수증 사진찍어 문자지원 010-8864-5527)","이력서,기타(신임경비교육 이수증)","","02-2682-4656","평일 : -근무시간: 06시~익일 06시 / 격일제 , 주 4일 근무"
"효자매노인재가센터","4등급 80대 여자어르신 요양보호사구인합니다","(14977)  경기도 시흥시 관곡지로 222, 317동 (하상동, 연꽃마을 대우.삼호아파트)","14988 경기도 시흥시 목감남서로 9-19, 502호,603호,604호 (조남동)","시급10,320원 이상,","평일 : (근무시간) (오후) 5시 00분 ~ (오후) 8시 00분, 주 3일 근무","기간의 정함이 없는 근로계약(시간(선택)제)/ 파견근로 비희망/ 대체인력채용 비희망","재가 요양보호사(550102)","방문 복지서비스 제공업","관계없음","학력무관","","26-08-03","채용시까지  26-09-29","","4등급 80대  여자어르신 요양보호사 구인합니다 청결한 환경 관리도움과 식사준비 필요합니다 시급: 13,700원(기본시급10,320원+그외수당포함)","기타(전화)","기타(전화)","기타(전화)","","031-402-1771","평일 : (근무시간) (오후) 5시 00분 ~ (오후) 8시 00분, 주 3일 근무"
"단비방문요양센터","요양보호사 모집","(13638)  경기도 성남시 분당구 구미로 16, 성우스타우스 (구미동)","17077 경기도 용인시 기흥구 중부대로 818, (상하동, 인정프린스아파트상가) (상하동, 인정프린스아파트)","시급10,320원 이상 ~ 10,320원 이하, 면접 후 재조정 가능","평일 : (근무시간) (오후) 3시 00분 ~ (오후) 6시 00분, 주 5일 근무","기간의 정함이 없는 근로계약(시간(선택)제)/ 파견근로 비희망/ 대체인력채용 비희망","재가 요양보호사(550102)","노인 요양 복지시설 운영업","관계없음","학력무관","","26-08-03","채용시까지  26-10-01","","2등급 독거 남자 어르신 저녁 식사 챙겨 드리고(주변에서 원하시느거 사다가 드림) 정서적인 지원 필요함. 산책 도움 필요함. 일상생활도움.  *평소 좋은 일 하시다가 뇌경색으로 힘들었으나   현재는 호전되어 보장구 활용하여 화장실 이용 가능함. *중증수당별도","면접","방문,팩스,고용24","이력서","","031-286-1339","평일 : (근무시간) (오후) 3시 00분 ~ (오후) 6시 00분, 주 5일 근무"
"대영관리주식회사","(인덕원역/ 일7시간/ 소방1급)주상복합 영선주임...","(13951)  경기도 안양시 동안구 흥안대로 527, . (관양동)","13944 경기도 안양시 동안구 관악대로 272, 키즈맘센터 520호 (비산동)","시급10,320원 이상 ~ 10,320원 이하,","평일 : 주5일 ( 09:00~ 17:00), 주 5일 근무","기간의 정함이 있는 근로계약3 개월/ 계약기간 만료 후 상용직전환검토/ 파견근로 비희망/ 대체인력채용 비희망","건물 보수원 및 영선원(아파트 기계·전기 시설관리 제외)(702901)","사업시설 유지？관리 서비스업","경력","학력무관","","26-08-05","채용시까지  26-10-04","","- 건물내 시설관리및 영선업무등 - 1급 소방안전관리자 선임 (필수) - 주5일 ( 09:00~ 17:00)  - 급여 : 2,103,000원 (연차수당포함)  *지원방법 : 팩스지원 031-388-8332 이력서 상단 기재 - 인덕원역 스타타워 시설주임 지원] *메일지원가능 : deyoungm11@naver.com [메일 제목에 기재 :  인덕원역 스타타워 시설주임 지원]               팩스로 지원하실 경우에는 이력서 상단에 공고 제목 기재 필수로 해주셔야 합니다            *문의전화의 경우 통화량이 많아 통화가 어려우실수 있으니 문의전화는 양해 부탁드립니다.             감사합니다.","서류,면접","팩스,고용24,이메일,기타(이메일: deyoungm11@naver.com 팩스 :031-388-8332)","이력서,자기소개서","","031-344-6214","평일 : 주5일 ( 09:00~ 17:00), 주 5일 근무"
"（주）덕우","[의정부역 진산&amp;월드메르디앙] 미화원 구인","(11700)  경기도 의정부시 경의로118번길 32, 관리사무소 (의정부동, 의정부역 진산&월드메르디앙)","11703 경기도 의정부시 평화로400번길 4, 호정빌딩 301호 (호원동)","시급10,320원 이상 ~ 10,320원 이하,","평일 : (근무시간) (오전) 8시 00분 ~ (오후) 3시 00분, 주 5일 근무","기간의 정함이 있는 근로계약3 개월/ 계약기간 만료 후 상용직전환검토/ 파견근로 비희망/ 대체인력채용 비희망","건물 청소원(공공건물,아파트,사무실,병원,상가,공장 등)(561101)","주거용 부동산 관리업","경력","학력무관","","26-08-05","채용시까지  26-10-04","","의정부역 진산&월드메르디앙 미화원 구인합니다  - 근무시간 : 월~금 08시~15시 (휴게시간1시간30분)   - 지원방법 :  팩스(031-875-4191, 이력서 상단에 ""진산월드지원"" 기재 필수) or 고용24 지원  - 이력서 검토 후, 면접대상자에 한해 연락드리겠습니다.","서류,면접","팩스,고용24","이력서","","031-875-4194","평일 : (근무시간) (오전) 8시 00분 ~ (오후) 3시 00분, 주 5일 근무"
"주식회사 카즈머스","커넥터 자동조립기 오퍼레이터 모집","(15847)  경기도 군포시 산본로86번안길 23, (공장)군포시 산본로86번안길 23(당정동) 3층 (당정동)","16072 경기도 의왕시 오전공업길 19, (공장)군포시 산본로86번안길 23(당정동) 3층 (오전동, 대현테크노월드)","시급10,320원 이상 ~ 11,500원 이하, 면접 후 재조정 가능","평일 : (근무시간) (오전) 9시 00분 ~ (오후) 6시 00분, 주 5일 근무","기간의 정함이 없는 근로계약/ 파견근로 비희망/ 대체인력채용 비희망","전기 부품 및 제품 제조 기계 조작원(835100)","그 외 기타 전자부품 제조업","경력","학력무관","","26-08-05","채용시까지  26-10-04","","- 담당업무 :  커넥터 자동 조립기 조작/관리/운전","서류,면접","이메일,기타(이메일 oh7420@cosm.co.kr)","이력서","","031-454-6582","평일 : (근무시간) (오전) 9시 00분 ~ (오후) 6시 00분, 주 5일 근무"
"두레재가노인복지센터","부평2동행정복지센터 인근 (e편한세상부평역센트럴파...","(21409)  인천광역시 부평구 부영로 35, 부평2동행정복지센터 인근 아파트 (부평동, e편한세상부평역센트럴파크)","21370 인천광역시 부평구 마장로 263, 301호 두레재가노인복지센터 (산곡동, 삼성빌딩)","시급10,320원 이상 ~ 10,320원 이하,","평일 : (근무시간) (정오) 12시 00분 ~ (오후) 3시 00분, 주 5일 근무","기간의 정함이 없는 근로계약(시간(선택)제)/ 파견근로 비희망/ 대체인력채용 비희망","재가 요양보호사(550102)","노인 요양 복지시설 운영업","관계없음","학력무관","","26-08-05","채용시까지  26-10-04","","* 부평2동행정복지센터 인근 (e편한세상부평역센트럴파크) 아파트 재가요양보호사 구인 * 월~금 (주 5일) 오후12시00분~15시00분 * 가사활동, 식사도움, 일상생활 도움 * 3등급 어르신 * 시급 13,000원 (10,030원+제수당).","기타(전화 연락)","기타(전화 연락)","기타(요양보호사 자격증 사본, 건강검진)","","032-501-9155","평일 : (근무시간) (정오) 12시 00분 ~ (오후) 3시 00분, 주 5일 근무"
"가장조은노인요양복지센터","[후암동/2등급] 재가요양보호사 구인","(04326)  서울특별시 용산구 소월로2다길 3-9, . (후암동)","02840 서울특별시 성북구 북악산로 906, 일류타워맨션 209호 (돈암동)","시급10,320원 이상,","평일 : (근무시간) (오전) 9시 00분 ~ (오후) 1시 00분, 주 5일 근무","기간의 정함이 없는 근로계약(시간(선택)제)/ 파견근로 비희망/ 대체인력채용 비희망","재가 요양보호사(550102)","사회복지 상담서비스 제공업","관계없음","학력무관","","26-08-05","채용시까지  26-10-04","","[후암동] 2등급 할머니 재가요양보호  - 직무내용: 신체활동지원, 일상생활지원, 정서지원 등  - 장기요양급여 적용 근로시간: 1일 4시간   - 주5일 근무 / 근무시간 : 월~금 10:00~14:00  -시급: 13,100원 (시급 10,320원 + 주휴수당, 연차수당 기타 제수당 포함)","면접","방문,기타(통화 후 면접)","기타(요양보호사 자격증)","","02-925-4673","평일 : (근무시간) (오전) 9시 00분 ~ (오후) 1시 00분, 주 5일 근무"
"쓰마일방문요양센터","[매탄3동] 오전재가요양보호사 구인","(16548)  경기도 수원시 영통구 동탄원천로915번길 33, 4단지 (매탄동, 주공그린빌)","16537 경기도 수원시 영통구 인계로 219, 삼성아파트상가 132-1호 (매탄동)","시급10,320원 이상,","평일 : (근무시간) (오전) 9시 00분 ~ (오후) 1시 00분, 주 6일 근무","기간의 정함이 없는 근로계약(시간(선택)제)/ 파견근로 비희망/ 대체인력채용 비희망","재가 요양보호사(550102)","노인 요양 복지시설 운영업","신입","학력무관","","26-08-05","채용시까지  26-10-04","","■ 2등급 암환자 할머니 오전케어/거동가능/남편분 계심 ■ 주업무:가사지원, 정서 지원, 일상 생활 지원, 말벗 등 ■ 근무시간: 주 6일/09:00~13:00 ■ 시급: 10,320원+주휴수당+연차수당+기타수당=총 13,500원 ■전화 문의 후 지원: ☎. 010-4763-9594, 031-217-9594  ☞ 요양보호사자격증, 건강검진결과지 필히 지참","면접","방문,팩스","이력서,기타(자격증 사본, 건강검진결과지)","","031-217-9594","평일 : (근무시간) (오전) 9시 00분 ~ (오후) 1시 00분, 주 6일 근무"
"새소망전국노인복지센터","[오남]4등급 할머니 재가 요양보호사 모집","(12050)  경기도 남양주시 오남읍 진건오남로 516-53, . (신일해피트리아파트)","12050 경기도 남양주시 오남읍 진건오남로 472","시급10,320원 이상 ~ 10,320원 이하,","평일 : (근무시간) (오후) 2시 00분 ~ (오후) 5시 00분, 주 3일 근무","기간의 정함이 없는 근로계약(시간(선택)제)/ 파견근로 비희망/ 대체인력채용 비희망","재가 요양보호사(550102)","방문 복지서비스 제공업","관계없음","학력무관","","26-08-05","채용시까지  26-10-04","","4등급  할머니 재가 요양보호사 모집 - 주3일(월,수,금) / 14:00~17:00 - 시급 13,000원(시급 10,320원+주휴수당 등) - 일상생활 도움, 목욕x, 식사 - 문의 : 010-2280-5774","서류,면접","방문,우편,팩스,고용24","이력서,기타(요양보호사 자격증, 건강검진표)","","031-574-8842","평일 : (근무시간) (오후) 2시 00분 ~ (오후) 5시 00분, 주 3일 근무"
"나오미재가복지센터","(암사동/4등급할머니/0800-1100)재가요양보...","(05255)  서울특별시 강동구 암사13길 7 (암사동, 메이저아파트)","05372 서울특별시 강동구 풍성로65길 35, 3층 (둔촌동)","시급10,320원 이상 ~ 10,320원 이하,","평일 : (근무시간) (오전) 8시 00분 ~ (오전) 11시 00분, 주 5일 근무","기간의 정함이 없는 근로계약(시간(선택)제)/ 파견근로 비희망/ 대체인력채용 비희망","요양보호사(550100)","노인 요양 복지시설 운영업","관계없음","학력무관","","26-08-05","26-10-04","","-근무지: 암사13길7 -대상자: 4급할머니(0800-1100,주5일) -시   급: 10,320원(기타, 연차 및 주휴수당 포함시 13,000) -업   무: 가사 및 일상생활지원 -담당자: 010-9622-3586","서류,면접","방문","이력서","","02-470-3586","평일 : (근무시간) (오전) 8시 00분 ~ (오전) 11시 00분, 주 5일 근무"
"금릉방문요양센터","[금촌동] 4등급 여성 어르신 케어 재가요양보호사...","(10914)  경기도 파주시 번영로 55, 101동 (금촌동, 새꽃마을뜨란채)","10915 경기도 파주시 금빛로 15 (금촌동, 미라클프라자)","시급10,320원 이상 ~ 10,320원 이하,","평일 : (근무시간) (오후) 2시 00분 ~ (오후) 5시 00분, 주 6일 근무","기간의 정함이 없는 근로계약/ 파견근로 비희망/ 대체인력채용 비희망","재가 요양보호사(550102)","노인 요양 복지시설 운영업","경력","학력무관","","26-08-05","채용시까지  26-10-04","","1. 모집부문 : 방문요양 ① 수급자 정보 : 4등급 69세 여성 어르신 ② 근무 내용   - 식사 준비 및 제공, 가사 및 일상생활지원, 정서 지원 필요 ③ 근무 일정   - 근무시간 : 오후 2시 ~ 5시   - 근무요일 : 월요일 ~ 토요일 / 주 6일   - 시급 : 13,000원 (기본급 10,320원+각종수당) ④ 근무 장소 : 경기 파주시 번영로 55 새꽃마을 뜨란채 1단지 101동  2. 자격요건 ① 요양보호사로서 전문성과 직업의식을 갖추신 분 ② 어르신께 진심 어린 마음으로 따뜻하게 돌봄 서비스를 제공하실 분 ③ 상황에 맞게 배려 깊은 소통을 하며, 신뢰와 존중을 바탕으로 성실하게 업무에 임하시는 분 ④ 인근 거주자 우대  3. 기타 ① 장거리 이동시 교통비 지원 가능 ① 배우자와 같이 살고 계시지만 서비스 시간 중 배우자는 자리 비움","면접","방문,고용24","이력서","","031-947-9088","평일 : (근무시간) (오후) 2시 00분 ~ (오후) 5시 00분, 주 6일 근무"
"은빛재가노인복지센터","요양보호사 구합니다(서울시 송파구)","(05702)  서울특별시 송파구 송이로17길 56, 101 (가락동, 수정캐슬)","12767 경기도 광주시 순암로 463","시급10,320원 이상,","평일 : 13:00~16:00, 주 5일 근무","기간의 정함이 없는 근로계약(시간(선택)제)/ 파견근로 비희망/ 대체인력채용 비희망","재가 요양보호사(550102)","보건 및 복지 행정","관계없음","학력무관","","26-08-05","채용시까지  26-10-04","","방문요양 입니다  ♣요양보호사 선생님 구합니다.♣     * 대상자 : 4등급  여자 어르신          * 근무지 : 서울시 송파구 오금동(오금역5분거리) * 상태 : 거동 가능 * 식사도움 ,주변청결관리 * 1일 3시간 주 5회 월~ 금  13:00~16:00 조정가능 * 시급 13,000원(주휴 연차 포함)  &lt;은빛재가노인복지센터&gt; 031-768-0054  [실제 서비스 제공 기간에 따라 임금을 계산하여 지급하는 형태로, 채용 시 근로자마다 주 소정 근로시간이나 임금, 근무(예정)지 등에 차이가 있을 수 있음]","서류,면접","방문,우편,팩스,고용24,이메일,기타(전화통화로 접수 가능 합니다 건강검진 결과서  필수 )","이력서","","031-768-0054","평일 : 13:00~16:00, 주 5일 근무"
"수정실버케어센터","[논현동]  재가 요양보호사 모집","(06113)  서울특별시 강남구 강남대로126길 49 (논현동)","08026 서울특별시 양천구 중앙로46길 3, 205호 수정실버케어센터 (신정동)","시급10,320원 이상 ~ 13,100원 이하,","평일 : (근무시간) (오전) 11시 00분 ~ (오후) 2시 00분, 주 6일 근무","기간의 정함이 없는 근로계약(시간(선택)제)/ 파견근로 비희망/ 대체인력채용 비희망","재가 요양보호사(550102)","방문 복지서비스 제공업","관계없음","학력무관","","26-08-05","채용시까지  26-10-04","","논현동, 논현역인근  - 대상자: 2등급 할머니, 부축하여 거동, 아들과 거주(낮엔 혼자계심), 기저귀 케어 없음 - 근무내용:  청소, 말벗 등 일상생활지원 - 근무시간:  11:00~14:00 / 주6일 - 급여: 시급 10,320원 [포괄 시급 13,100원], 중증수당 1일 6,000원 *교포 비희망","서류,면접","방문,기타(전화 010-2512-1477)","기타(자격증)","","","평일 : (근무시간) (오전) 11시 00분 ~ (오후) 2시 00분, 주 6일 근무"
"주식회사 하나은행","[하나은행 인천금융센터지점]시급제 텔러 채용(기본...","(22322)  인천광역시 제물포구 제물량로 154, 하나은행 인천금융센터지점 (신포동)","04523 서울특별시 중구 을지로 35 (을지로1가, 하나은행)","시급13,000원 이상 ~ 13,000원 이하,","평일 : (근무시간) (오전) 9시 00분 ~ (오후) 5시 00분, 주 5일 근무","기간의 정함이 있는 근로계약6 개월/ 파견근로 비희망/ 대체인력채용 비희망","출납창구 사무원(은행·농협·수협·축협)(032401)","국내은행","경력","학력무관","","26-08-05","26-09-28","","[서울고용센터에서 채용대행서비스진행중인 사업장입니다]  창구텔러 경력자 지원가능 * 지원방법 : 첨부된 자사이력서 양식으로 입사지원 (개인이력서x)                [담당업무]  - 은행 텔러 업무    [채용조건] - 채용직군 : 하나은행 시급제 텔러 - 근무지 : 하나은행 인천금융센터지점 - 시급 :  시급 13,000원 (중식대 시급에 포함, 주5일 만근시 주휴수당 1일 지급)   (근무시간: 월~금 09:00부터 17:00까지, 중도 무급휴게시간 1시간 별도) - 특별휴가 연간 최대 5일 부여(미사용시 수당 없음) - 하나은행 경력직 우대(퇴직 후 1년 이상 경과자) - 복리후생: 복지포인트 월 25만원, 명절 상여금, 경조비 - 근무기간 : 기본 6개월 (최대24개월까지 계약 연장 가능)  ※ 인사평가, 근무태도, 인력수급 등 고려하여 연장 여부 개별 결정됨 - 텔러경력 1년이상  [자격요건] - 은행업무 수행에 결격사유가 없고 신원이 확실한 자. - 학력/성별 제한없음. (정년 60세) - 병역사항 : 병역필 또는 면제자로 해외여행에 결격사유가 없는 자. - 우대요건 : '국가유공자 등 예우 및 지원에 관한 법률'에 의한 취업보호 대상자 및 '장애인 고용 촉진 및 직업재활법'에 의한 대상자  * 자사입사지원서 접수 필수 * 서류전형 합격자에 한해 면접일정 개별연락드립니다.  			 * 서류심사는 지점별로 상이하나 대략 2~3주 소요될 수 있음을 안내드리오니, 지원시 참고바랍니다.","서류,면접","고용24","이력서,자사이력서양식","서울고용센터","02-2004-7019","평일 : (근무시간) (오전) 9시 00분 ~ (오후) 5시 00분, 주 5일 근무"
"벗재가복지센터","재가요양보호사 모집/4등급할아버지케어/주3일(월,...","(04903)  서울특별시 광진구 답십리로84길 32, .. (중곡동)","14420 경기도 부천시 오정구 원종로51번길 23, 원종로51번길 24 1동502호 (원종동, 대경에센스빌)","시급10,320원 이상 ~ 10,320원 이하,","평일 : (근무시간) (오후) 3시 00분 ~ (오후) 6시 00분, 주 3일 근무","기간의 정함이 없는 근로계약/ 파견근로 비희망/ 대체인력채용 비희망","재가 요양보호사(550102)","방문 복지서비스 제공업","관계없음","학력무관","","26-08-05","채용시까지  26-10-04","","- 4등급할아버지케어(거동가능) - 식사 및 가사 외 일상생활지원서비스 - 주3일(월,수,금)15시~18시 - 시급:13,000원(제수당포함)","서류,면접","기타(전화통화 후 방문면접)","이력서,기타(요양보호사 자격증 사본)","","","평일 : (근무시간) (오후) 3시 00분 ~ (오후) 6시 00분, 주 3일 근무"
"경인주간보호센터","인천시 미추홀구(주안) 노인방문요양보호사  (1일...","(22155)  인천광역시 미추홀구 남주길147번길 40-38 (주안동)","22125 인천광역시 미추홀구 석정로 411 (주안동)","시급10,320원 이상,","평일 : (근무시간) (오전) 9시 30분 ~ (오후) 12시 30분, 주 6일 근무","기간의 정함이 없는 근로계약/ 파견근로 비희망/ 대체인력채용 비희망","요양보호사(노인요양사)(550101)","노인 요양 복지시설 운영업","관계없음","학력무관","","26-08-05","채용시까지  26-10-03","","[모집직무] 요양보호사(노인요양사), 요양보호사, 재가 요양보호사  [가정환경] 인천시 미추홀구 남주길 147번길에 위치한 주택에서 남편과 두분이 거주하고 계시며 남편은 월, 수, 금 주 3일 주간보호센터를 이용중이시고  서비스 대상 여성 어르신은 휠체어를 이용하여 이동 가능하며 주 3회 혈액투석 중이며 어르신의 일상생활을 편안하게 지원해주실 요양보호사 분을 모십니다.   [주요업무] - 월, 수, 금 혈액투석을 위한 사랑병원 차량으로 이동 후 투석 전 환자 준비 후 서비스 종료 - 휠체어 이용 어르신의 일상생활 지원 - 간단한 집안청소 및 정리정돈 - 어르신의 안전과 건강을 위한 돌봄 등 - 포괄시급 13200(기본 10320 + 수당등) [서비스 시간]   - 09:30 ~ 12:30 또는 09:00 ~ 12:00","면접","방문,고용24","이력서,기타(요양보호사 자격증)","","0000-868-9998","평일 : (근무시간) (오전) 9시 30분 ~ (오후) 12시 30분, 주 6일 근무"
"에덴재가복지센터","[3등급 여자어르신] 재가요양보호사 채용","(01424)  서울특별시 도봉구 덕릉로 349, 410동 (창동, 주공4단지아파트)","01382 서울특별시 도봉구 방학로 203, 신동아상가 2층 201호 (방학동)","시급10,320원 이상 ~ 10,320원 이하,","평일 : (근무시간) (오전) 9시 00분 ~ (정오) 12시 00분, 주 6일 근무","기간의 정함이 없는 근로계약/ 파견근로 비희망/ 대체인력채용 비희망","재가 요양보호사(550102)","개인 간병 및 유사 서비스업","경력","학력무관","","26-08-05","채용시까지  26-10-04","","▶대상- 3등급 여자어르신(독거, 거동  불편,신체지원,           파킨슨 증상 경증, 휠체어 이동 지원, 가사지원           및 일상생활 지원 ▶시급- 13,300원(주휴수당 포함) ▶근무시간 ？ 주6일(09:00~12:00 후 비급여도 가능, 8/20일경 퇴원 예정) ▶근무지- 녹천역 도보5분/창동주공4단지아파트","서류,면접","방문","이력서","","02-955-3691","평일 : (근무시간) (오전) 9시 00분 ~ (정오) 12시 00분, 주 6일 근무"
"주식회사에코그린티엠","미아동 벽산라이브파크아파트 내부 미화원 구인","(01191)  서울특별시 강북구 솔샘로 159 159, 미아동 벽산라이브파크아파트 (미아동)","07591 서울특별시 강서구 공항대로 325, 7층 (등촌동, 에이스빌딩)","시급10,320원 이상 ~ 10,320원 이하,","평일 : 직무내용 참조, 주 6일 근무","기간의 정함이 있는 근로계약12 개월/ 파견근로 비희망/ 대체인력채용 비희망","건물 청소원(공공건물,아파트,사무실,병원,상가,공장 등)(561101)","사업시설 유지？관리 서비스업","신입","학력무관","","26-08-05","채용시까지  26-10-04","","* 미아동 벽산라이브파크 내부 청소 *  근무 시간 - 월, 화, 금요일 9시~16시(1시간 휴게) 수요일 13시~21시(1시간 휴게) 목요일 6시~12시(1시간 휴게) 토요일 9시~12시(1시간 휴게) 격주근무 * 월 1,704,520원(복지카드 소지자- 장애수당 5만원 별도 지급) * 근무 시작 일 :  채용 즉시","면접","방문","이력서","","","평일 : 직무내용 참조, 주 6일 근무"
"너른고을돌봄센터","신현동 요양선생님 구합니다.","(12771)  경기도 광주시 상태길 73-30 (신현동)","12821 경기도 광주시 신현로 65-22, 202호 (신현동, 현대모닝사이드1차 상가)","시급10,320원 이상 ~ 10,320원 이하,","평일 : (근무시간) (정오) 12시 00분 ~ (오후) 3시 00분, 주 5일 근무","기간의 정함이 없는 근로계약(시간(선택)제)/ 파견근로 비희망/ 대체인력채용 비희망","재가 요양보호사(550102)","노인 요양 복지시설 운영업","경력","학력무관","","26-08-05","채용시까지  26-10-04","","5등급 아버님 이시고 독거이시며, 치매교육이수 필수입니다. 12:00 ~ 15:00 까지 입니다  주 5일  입니다.  주휴수당포함  13,100원 입니다","서류","고용24","기타(요양보호사 1급자격증 건강검진 (1년 이내) 치매교육 이수 필수)","","031-715-6680","평일 : (근무시간) (정오) 12시 00분 ~ (오후) 3시 00분, 주 5일 근무"
"(주)알에스이알","강남구 개원초등학교 급식도우미 채용 공고","(06321)  서울특별시 강남구 선릉로 29, 개원초등학교 급식실 (개포동)","08506 서울특별시 금천구 가산디지털1로 145, 에이스하이엔드타워 206호 (가산동, 에이스하이엔드타워3차)","시급11,500원 이상 ~ 13,000원 이하,","평일 : (근무시간) (오전) 10시 30분 ~ (오후) 1시 00분, 주 5일 근무","기간의 정함이 있는 근로계약(시간(선택)제)12 개월/ 파견근로 비희망/ 대체인력채용 비희망","단체 급식 보조원(532302)","임시 및 일용 인력 공급업","관계없음","학력무관","","26-08-05","채용시까지  26-10-03","","- 급여 : 시급 11,500원~13,000원  - 근무 내용 : 학교 배식,세척,운반 도우미 - 근무시간 : 월-금 10:30 ~ 13:00, 주 5일 근무 (방학기간, 공휴일 휴무) - 근무기간 : 채용시~ - 고용24 먼저 지원하고  문자지원(이름/나이/사는곳/보건증유무/경력유무) - 보건증 6개월이내 필수  *학교마다 급여와 시간대 다름 협의 *단기 가능자 구인","서류","고용24","이력서","","02-6953-5704","평일 : (근무시간) (오전) 10시 30분 ~ (오후) 1시 00분, 주 5일 근무"
"주식회사 하나은행","[하나은행 목동남지점]시급제 텔러 채용(기본 6개...","(08093)  서울특별시 양천구 목동서로 381 (신정동)","04523 서울특별시 중구 을지로 35 (을지로1가, 하나은행)","시급13,000원 이상 ~ 13,000원 이하,","평일 : (근무시간) (오전) 9시 00분 ~ (오후) 5시 00분, 주 5일 근무","기간의 정함이 있는 근로계약6 개월/ 파견근로 비희망/ 대체인력채용 비희망","출납창구 사무원(은행·농협·수협·축협)(032401)","국내은행","경력","학력무관","","26-08-05","26-09-28","","[서울고용센터에서 채용대행서비스진행중인 사업장입니다]  창구텔러 경력자 지원가능 * 지원방법 : 첨부된 자사이력서 양식으로 입사지원 (개인이력서x)                [담당업무]  - 은행 텔러 업무    [채용조건] - 채용직군 : 하나은행 시급제 텔러 - 근무지 : 하나은행 목동남지점 - 시급 :  시급 13,000원 (중식대 시급에 포함, 주5일 만근시 주휴수당 1일 지급)   (근무시간: 월~금 09:00부터 17:00까지, 중도 무급휴게시간 1시간 별도) - 특별휴가 연간 최대 5일 부여(미사용시 수당 없음) - 하나은행 경력직 우대(퇴직 후 1년 이상 경과자) - 복리후생: 복지포인트 월 25만원, 명절 상여금, 경조비 - 근무기간 : 기본 6개월 (최대24개월까지 계약 연장 가능)  ※ 인사평가, 근무태도, 인력수급 등 고려하여 연장 여부 개별 결정됨 - 텔러경력 1년이상  [자격요건] - 은행업무 수행에 결격사유가 없고 신원이 확실한 자. - 학력/성별 제한없음. (정년 60세) - 병역사항 : 병역필 또는 면제자로 해외여행에 결격사유가 없는 자. - 우대요건 : '국가유공자 등 예우 및 지원에 관한 법률'에 의한 취업보호 대상자 및 '장애인 고용 촉진 및 직업재활법'에 의한 대상자  * 자사입사지원서 접수 필수 * 서류전형 합격자에 한해 면접일정 개별연락드립니다.  			 * 서류심사는 지점별로 상이하나 대략 2~3주 소요될 수 있음을 안내드리오니, 지원시 참고바랍니다.","서류,면접","고용24","이력서,자사이력서양식","서울고용센터","02-2004-7019","평일 : (근무시간) (오전) 9시 00분 ~ (오후) 5시 00분, 주 5일 근무"
"늘섬김재가복지센터","중랑구 75세 4등급 독거 할아버지 09:00~1...","(02001)  서울특별시 중랑구 중랑역로47길 12-9, 지층 (묵동)","02569 서울특별시 동대문구 약령서길 74, 1층 가동 101호 (제기동)","시급10,320원 이상 ~ 10,320원 이하,","평일 : (근무시간) (오전) 9시 00분 ~ (정오) 12시 00분, 주 6일 근무","기간의 정함이 없는 근로계약/ 파견근로 비희망/ 대체인력채용 비희망","재가 요양보호사(550102)","보건 및 복지 행정","신입","학력무관","","26-08-05","채용시까지  26-10-04","","75세 4등급 독거 할아버지 실내에서 천천히 이동하시고, 외출시에는 부축도움 필요하심. 신체활동지원(이동도움,목욕등), 정서지원(말벗), 가사및일상생활지원(청소,세탁) 원하심. 인지력이 좋으시고, 본인 의사 제대로 전달하심.  당뇨가 있으시고 합병증으로 시력이 좋지 않으심.  시간당시급은 10,320 + 기초수당 별도입니다.","면접,기타(전화)","방문,고용24,기타(전화)","기타(1년 이내 건강검진)","","02-959-4154","평일 : (근무시간) (오전) 9시 00분 ~ (정오) 12시 00분, 주 6일 근무"
"실버사랑재가복지센터","(청량리 동부@) /1등급 여자어르신/11:30~...","(02484)  서울특별시 동대문구 제기로26길 26, 101동 (청량리동, 홍릉동부아파트)","02570 서울특별시 동대문구 약령중앙로4길 4, 301호 (제기동)","시급10,320원 이상 ~ 10,320원 이하,","평일 : (근무시간) (오전) 11시 30분 ~ (오후) 2시 30분, 주 6일 근무","기간의 정함이 없는 근로계약/ 파견근로 비희망/ 대체인력채용 비희망","재가 요양보호사(550102)","노인 요양 복지시설 운영업","관계없음","학력무관","","26-08-05","채용시까지  26-10-04","","[모집직무]  재가 요양보호사  [근무시간]  평일 11:30~14:30 (또는 11시~14시 가능) / 주 6일   [주요업무] - 동대문구 거주 1등급 어르신 돌봄 - 어르신의 일상 생활 지원 (식사, 목욕, 약 복용 등) - 다진식, 와상, 기저귀케어","면접","방문,고용24","이력서","","02-965-6354","평일 : (근무시간) (오전) 11시 30분 ~ (오후) 2시 30분, 주 6일 근무"
"단우재가복지센터","[방이동/3등급(할머니)09:00~12:00] 재...","(05635)  서울특별시 송파구 가락로40길 15-12, 방이동","05625 서울특별시 송파구 송파대로 448-1 (송파동)","시급10,320원 이상,","평일 : 09:00~12:00(월~토), 주 4일 근무","기간의 정함이 없는 근로계약(시간(선택)제)/ 파견근로 비희망/ 대체인력채용 비희망","재가 요양보호사(550102)","방문 복지서비스 제공업","관계없음","학력무관","","26-07-29","26-09-28","","3등급할머니케어(방이동) 위생관리 및 말벗 일상생활지원 근무시간:09:00~12:00(주6","서류,면접","방문,기타(이메일(msa5017@hamail.net))","이력서","","02-449-7672","평일 : 09:00~12:00(월~토), 주 4일 근무"
"케이에스엠","[기계 조립] 경력 사원 채용","(18545)  경기도 화성시 만세구 송산면 송산산단1길 6, 케이에스엠","18545 경기도 화성시 만세구 송산면 송산산단1길 6, 케이에스엠","시급12,000원 이상 ~ 15,000원 이하, 면접 후 재조정 가능","평일 : (근무시간) (오전) 8시 00분 ~ (오후) 5시 00분, 주 5일 근무","기간의 정함이 없는 근로계약/ 파견근로 비희망/ 대체인력채용 비희망","일반기계 조립원(816100)","그 외 기타 일반목적용 기계 제조업","경력","학력무관","","26-08-05","26-09-30","","[담당업무] ㆍ자동화장비(솔더링장비) 조립 ㆍ지동화장비 셋업  [자격요건] ㆍ자차 출퇴근(유류비보조) 또는 기숙사(제공) 입주 가능자 ㆍ기계조립 경력 1년 이상인 자  [우대사항] ㆍ기계공학, 전기공학 전공자 ㆍCAD 도면 독해 가능자 ㆍ자동화장비 전기 배선 경험자 ㆍ자동화장비 셋업 경험자","서류,면접","고용24","이력서","","031-433-2164","평일 : (근무시간) (오전) 8시 00분 ~ (오후) 5시 00분, 주 5일 근무"
"주식회사 하나은행","[하나은행 신사동지점]시급제 텔러 채용(기본 6개...","(06526)  서울특별시 서초구 강남대로 587, 하나은행 신사동지점 (잠원동)","04523 서울특별시 중구 을지로 35 (을지로1가, 하나은행)","시급13,000원 이상 ~ 13,000원 이하,","평일 : (근무시간) (오전) 9시 00분 ~ (오후) 6시 00분, 주 5일 근무","기간의 정함이 있는 근로계약6 개월/ 파견근로 비희망/ 대체인력채용 비희망","출납창구 사무원(은행·농협·수협·축협)(032401)","국내은행","경력","학력무관","","26-08-05","26-09-28","","[서울고용센터에서 채용대행서비스진행중인 사업장입니다]  창구텔러 경력자 지원가능 * 지원방법 : 첨부된 자사이력서 양식으로 입사지원 (개인이력서x)                [담당업무]  - 은행 텔러 업무    [채용조건] - 채용직군 : 하나은행 시급제 텔러 - 근무지 : 하나은행 신사동지점 - 시급 :  시급 13,000원 (중식대 시급에 포함, 주5일 만근시 주휴수당 1일 지급)   (근무시간: 월~금 09:00부터 18:00까지, 중도 무급휴게시간 1시간 별도) - 특별휴가 연간 최대 5일 부여(미사용시 수당 없음) - 하나은행 경력직 우대(퇴직 후 1년 이상 경과자) - 복리후생: 복지포인트 월 25만원, 명절 상여금, 경조비 - 근무기간 : 기본 6개월 (최대24개월까지 계약 연장 가능)  ※ 인사평가, 근무태도, 인력수급 등 고려하여 연장 여부 개별 결정됨   [자격요건] - 은행업무 수행에 결격사유가 없고 신원이 확실한 자. - 학력/성별 제한없음. (정년 60세) - 병역사항 : 병역필 또는 면제자로 해외여행에 결격사유가 없는 자. - 우대요건 : '국가유공자 등 예우 및 지원에 관한 법률'에 의한 취업보호 대상자 및 '장애인 고용 촉진 및 직업재활법'에 의한 대상자  * 자사입사지원서 접수 필수 * 서류전형 합격자에 한해 면접일정 개별연락드립니다.  			 * 서류심사는 지점별로 상이하나 대략 2~3주 소요될 수 있음을 안내드리오니, 지원시 참고바랍니다.","서류,면접","고용24","이력서,자사이력서양식","서울고용센터","02-2004-7019","평일 : (근무시간) (오전) 9시 00분 ~ (오후) 6시 00분, 주 5일 근무"
"경기다정방문요양센터","사회복지사 채용합니다[시흥새일센터 채용대행]","(14963)  경기도 시흥시 월곶해안로161번길 5-1, 경기다정방문요양센터 (월곶동, 미도빌딩)","14963 경기도 시흥시 월곶해안로161번길 5-1, 경기다정방문요양센터 (월곶동, 미도빌딩)","시급10,320원 이상,","평일 : (근무시간) (오전) 8시 30분 ~ (오후) 12시 30분, 주 5일 근무","기간의 정함이 없는 근로계약/ 파견근로 비희망/ 대체인력채용 비희망","사회복지사(231100)","노인 요양 복지시설 운영업","신입","학력무관","","26-08-05","채용시까지  26-10-04","","- 직무내용  : 상담및사례관리,복지서비스제공및연계,서류관리및기타운영지원 - 근무시간 :  8시반~12시반 - 운전필수(자차)","서류,면접","고용24","이력서,자기소개서,경력증명서","(새일)시흥새일센터","031-313-8219","평일 : (근무시간) (오전) 8시 30분 ~ (오후) 12시 30분, 주 5일 근무"
"가족재가노인복지센터","재가요양보호사 채용(논현동)","(21662)  인천광역시 남동구 청능대로715번길 59, . (논현동, 산뒤마을논현주공12단지아파트)","21663 인천광역시 남동구 청능대로715번길 24, 207호 (논현동)","시급10,320원 이상 ~ 10,320원 이하,","평일 : (근무시간) (오전) 9시 00분 ~ (정오) 12시 00분, 주 5일 근무","기간의 정함이 없는 근로계약(시간(선택)제)/ 파견근로 비희망/ 대체인력채용 비희망","요양보호사(550100)","방문 복지서비스 제공업","신입","학력무관","","26-08-05","채용시까지  26-10-04","","4등급 여자 어르신 케어 - 일상생활지원/독거 - 시급 13,000원 (주휴, 연차수당 포함), 월24회, 주5~6회","서류,면접","방문,기타(032-421-7608)","기타(자격증)","","032-421-7608","평일 : (근무시간) (오전) 9시 00분 ~ (정오) 12시 00분, 주 5일 근무"
"(주)조흥환경","아파트 실내 소독 (자동차 소유자)","(21047)  인천광역시 계양구 계양대로 115, . (작전동)","21047 인천광역시 계양구 계양대로 115, 기서빌딩 (작전동)","시급10,320원 이상,","평일 : 평일 9:00-15:00, 토 9:00-12:00  - 휴게시간 12:00-13:00, 주 6일 근무","기간의 정함이 있는 근로계약3 개월/ 계약기간 만료 후 상용직전환검토/ 파견근로 비희망/ 대체인력채용 비희망","방역원(해충퇴치원 포함)(562200)","임시 및 일용 인력 공급업","관계없음","학력무관","","26-08-05","채용시까지  26-10-04","","아파트 실내 소독원-자동차 소유자 구인 -월급 145만원( + 유류보조금 30만원 급여 외 별도지급) - 근무시간: 주6일/평일 9:00-15:00, 토 9:00-12:00  - 휴게시간 12:00-13:00 ※3개월 계약/계약만료 후 상용직 전환 검토 ※자차 소유 필수 2~3명 1개조로 함께 이동 가능한 자","서류,면접","방문","이력서","","032-543-0223","평일 : 평일 9:00-15:00, 토 9:00-12:00  - 휴게시간 12:00-13:00, 주 6일 근무"
"늘기쁜주간보호센터","재가 요양보호사 채용","(11455)  경기도 양주시 고암길 275, . (고암동, 동안마을주공3단지아파트)","11506 경기도 양주시 백석읍 부흥로 963","시급10,320원 이상,","평일 : (근무시간) (오전) 9시 00분 ~ (정오) 12시 00분, 주 6일 근무","기간의 정함이 없는 근로계약/ 파견근로 비희망/ 대체인력채용 비희망","재가 요양보호사(550102)","공중 보건 의료업","관계없음","학력무관","","26-08-05","채용시까지  26-10-04","","- 4등급 할아버님 ,독거어르신 - 고암동 주공3단지 - 09:00~12:00 (주6일) - 시급 13,000원(기본급+주휴수당+연차수당등 포함)  *상세주소지 면접시 확인-임의주소기재","면접","방문,기타(전화  010-8334-3545 접수 후 면접)","이력서","","031-878-3545","평일 : (근무시간) (오전) 9시 00분 ~ (정오) 12시 00분, 주 6일 근무"
"주식회사 하나은행","[하나은행 내자동지점]시급제 텔러 채용(기본 6개...","(03170)  서울특별시 종로구 사직로8길 39, 하나은행 내자동지점 (내자동)","04523 서울특별시 중구 을지로 35 (을지로1가, 하나은행)","시급13,000원 이상 ~ 13,000원 이하,","평일 : (근무시간) (오전) 9시 00분 ~ (오후) 6시 00분, 주 5일 근무","기간의 정함이 있는 근로계약6 개월/ 파견근로 비희망/ 대체인력채용 비희망","출납창구 사무원(은행·농협·수협·축협)(032401)","국내은행","경력","학력무관","","26-08-05","26-09-28","","[서울고용센터에서 채용대행서비스진행중인 사업장입니다]  창구텔러 경력자 지원가능 * 지원방법 : 첨부된 자사이력서 양식으로 입사지원 (개인이력서x)                [담당업무]  - 은행 텔러 (재외동포청 근무 수입인지 판매 업무 등) 업무 등   [채용조건] - 채용직군 : 하나은행 시급제 텔러 - 근무지 : 하나은행 내자동지점 - 시급 :  시급 13,000원 (중식대 시급에 포함, 주5일 만근시 주휴수당 1일 지급)   (근무시간: 월~금 09:00부터 18:00까지, 중도 무급휴게시간 1시간 별도) - 특별휴가 연간 최대 5일 부여(미사용시 수당 없음) - 하나은행 경력직 우대(퇴직 후 1년 이상 경과자) - 복리후생: 복지포인트 월 25만원, 명절 상여금, 경조비 - 근무기간 : 기본 6개월 (최대24개월까지 계약 연장 가능)  ※ 인사평가, 근무태도, 인력수급 등 고려하여 연장 여부 개별 결정됨 - 텔러경력 1년이상  [자격요건] - 은행업무 수행에 결격사유가 없고 신원이 확실한 자. - 학력/성별 제한없음. (정년 60세) - 병역사항 : 병역필 또는 면제자로 해외여행에 결격사유가 없는 자. - 우대요건 : '국가유공자 등 예우 및 지원에 관한 법률'에 의한 취업보호 대상자 및 '장애인 고용 촉진 및 직업재활법'에 의한 대상자  * 자사입사지원서 접수 필수 * 서류전형 합격자에 한해 면접일정 개별연락드립니다.  			 * 서류심사는 지점별로 상이하나 대략 2~3주 소요될 수 있음을 안내드리오니, 지원시 참고바랍니다.","서류,면접","고용24","이력서,자사이력서양식","서울고용센터","02-2004-7019","평일 : (근무시간) (오전) 9시 00분 ~ (오후) 6시 00분, 주 5일 근무"
"헤븐리재가노인복지센터","[4등급/10~13/월수금/서울역근처(만리동)재가...","(04500)  서울특별시 중구 만리재로 175 (만리동2가, 서울역센트럴자이)","04555 서울특별시 중구 수표로 28, 302호 (저동2가)","시급10,320원 이상 ~ 10,320원 이하,","평일 : (근무시간) (오전) 10시 00분 ~ (오후) 1시 00분, 주 3일 근무","기간의 정함이 없는 근로계약(시간(선택)제)/ 파견근로 비희망/ 대체인력채용 비희망","재가 요양보호사(550102)","방문 복지서비스 제공업","관계없음","학력무관","","26-08-05","채용시까지  26-10-04","","4등급 할머니케어 -가시지원, 신체활동 지원등 -10:00~13:00(월/수/금) -시급: 10,320원(포괄시급 13,300원)","면접","방문","기타(자격증 사본)","","02-2268-9623","평일 : (근무시간) (오전) 10시 00분 ~ (오후) 1시 00분, 주 3일 근무"
"주식회사 하나은행","[하나은행 부평지점]시급제 텔러 채용(기본 6개월...","(21314)  인천광역시 부평구 안남로434번길 5, 하나은행 부평지점 (청천동)","04523 서울특별시 중구 을지로 35 (을지로1가, 하나은행)","시급13,000원 이상 ~ 13,000원 이하,","평일 : (근무시간) (오전) 9시 00분 ~ (오후) 5시 00분, 주 5일 근무","기간의 정함이 있는 근로계약6 개월/ 파견근로 비희망/ 대체인력채용 비희망","출납창구 사무원(은행·농협·수협·축협)(032401)","국내은행","경력","학력무관","","26-08-05","26-09-28","","[서울고용센터에서 채용대행서비스진행중인 사업장입니다]  창구텔러 경력자 지원가능 * 지원방법 : 첨부된 자사이력서 양식으로 입사지원 (개인이력서x)                [담당업무]  - 은행 텔러 업무    [채용조건] - 채용직군 : 하나은행 시급제 텔러 - 근무지 : 하나은행 부평지점 - 시급 :  시급 13,000원 (중식대 시급에 포함, 주5일 만근시 주휴수당 1일 지급)   (근무시간: 월~금 09:00부터 17:00까지, 중도 무급휴게시간 1시간 별도) - 특별휴가 연간 최대 5일 부여(미사용시 수당 없음) - 하나은행 경력직 우대(퇴직 후 1년 이상 경과자) - 복리후생: 복지포인트 월 25만원, 명절 상여금, 경조비 - 근무기간 : 기본 6개월 (최대24개월까지 계약 연장 가능)  ※ 인사평가, 근무태도, 인력수급 등 고려하여 연장 여부 개별 결정됨 - 텔러경력 1년이상  [자격요건] - 은행업무 수행에 결격사유가 없고 신원이 확실한 자. - 학력/성별 제한없음. (정년 60세) - 병역사항 : 병역필 또는 면제자로 해외여행에 결격사유가 없는 자. - 우대요건 : '국가유공자 등 예우 및 지원에 관한 법률'에 의한 취업보호 대상자 및 '장애인 고용 촉진 및 직업재활법'에 의한 대상자  * 자사입사지원서 접수 필수 * 서류전형 합격자에 한해 면접일정 개별연락드립니다.  			 * 서류심사는 지점별로 상이하나 대략 2~3주 소요될 수 있음을 안내드리오니, 지원시 참고바랍니다.","서류,면접","고용24","이력서,자사이력서양식","서울고용센터","02-2004-7019","평일 : (근무시간) (오전) 9시 00분 ~ (오후) 5시 00분, 주 5일 근무"
"보은재가노인복지센터(""A""+)","재가요양보호사모집","(11444)  경기도 양주시 평화로1416번길 14 (덕계동, 신우아파트)","07510 서울특별시 강서구 금낭화로23길 25 (방화동, 6단지상가)","시급10,320원 이상 ~ 10,320원 이하,","평일 : (근무시간) (오전) 9시 00분 ~ (정오) 12시 00분, 주 5일 근무","기간의 정함이 없는 근로계약(시간(선택)제)/ 파견근로 비희망/ 대체인력채용 비희망","재가 요양보호사(550102)","방문 복지서비스 제공업","관계없음","학력무관","","26-08-05","채용시까지  26-10-04","","-대상자: 1등급 할아버지  -직무내용 : 신체활동, 정서지원, 가사및 일상생활지원 산책 및 청소업무 - 아내분과 동거 (케어시간에는 부재) - 수당포함 (13,000원)","면접","방문,기타(전화)","이력서","","02-2665-9371","평일 : (근무시간) (오전) 9시 00분 ~ (정오) 12시 00분, 주 5일 근무"
"오세용재가복지센터","오세용재가복지센터 율면 방문요양 요양보호사선생님 ...","(17423)  경기도 이천시 고당로120번길 73-1","17412 경기도 이천시 설성면 진상미로 707","시급10,320원 이상 ~ 10,320원 이하,","평일 : (근무시간) (오후) 3시 00분 ~ (오후) 6시 00분, 주 5일 근무","기간의 정함이 없는 근로계약/ 파견근로 비희망/ 대체인력채용 비희망","요양보호사(노인요양사)(550101)","노인 요양 복지시설 운영업","관계없음","학력무관","","26-08-05","채용시까지  26-10-04","","[모집직무] 재가 요양보호사, 요양보호사(노인요양사), 가사 도우미  [직무소개] 우리 기관은 노인들의 삶의 질을 높이기 위해 노력하는 기관입니다.  직원들의 따뜻한 마음과 전문적인 기술로 노인들의 안전하고 쾌적한 생활을 지원합니다. 방문요양보호사로서 식사를 챙겨드리고, 즐거운 대화를 나누며 스트레스 해소를 돕고 가사도움을 제공하는 따뜻한 마음을 가진 분들을 찾습니다.  [주요업무] - 고객분의 식사 준비 및 급여 - 일상생활 지원 및 가사 도움 - 노인 고객과의 대화 및 교류 - 고객 건강 상태 확인 및 기록 - 보호사로서 전문적인 업무 수행","기타(전화주세요)","기타(전화)","기타(요양보호사 자격증)","","031-641-6669","평일 : (근무시간) (오후) 3시 00분 ~ (오후) 6시 00분, 주 5일 근무"
"참조은 데이케어센터","참조은데이케어센터에서 근무하실 운전원 선생님을 모...","(07516)  서울특별시 강서구 양천로 31, 3층 (방화동, 푸른빌딩)","07516 서울특별시 강서구 양천로 31, 3층 (방화동, 푸른빌딩)","시급10,320원 이상 ~ 10,320원 이하,","평일 : (월~토 ) 07:10~10:00  and 16:10~18:40 , 주 6일 근무","기간의 정함이 없는 근로계약/ 파견근로 비희망/ 대체인력채용 비희망","승합차 운전원(622902)","노인 요양 복지시설 운영업","관계없음","학력무관","","26-08-05","채용시까지  26-10-04","","참조은데이케어센터에서 근무하실(파트타임) 운전원 선생님을 모집합니다.  ※모집개요  - 근무시간 : 07:10~10:00  / 16:10~18:40  오전과 오후로 운행함 (근무시간 조정가능) - 근무요일 : 월~토  - 급여 : 시급(10,320원)  - 운전차종 : 스타렉스(9인승)  해당업무 : 주간보호센터 어르신 송영  준비물 : 이력서, 건강검진 각 1부.  ※참고사항 - 운전을 차분하게 운전하실분으로 지원바랍니다. - 차량사고 없는 분께서 지원바랍니다.","서류,면접","고용24","이력서","서울강서고용센터","02-2063-6739","평일 : (월~토 ) 07:10~10:00  and 16:10~18:40 , 주 6일 근무"
"주식회사 하나은행","[하나은행 삼성노블카운티출장소]시급제 텔러 채용(...","(17099)  경기도 용인시 기흥구 덕영대로 1751 (하갈동)","04523 서울특별시 중구 을지로 35 (을지로1가, 하나은행)","시급13,000원 이상 ~ 13,000원 이하,","평일 : (근무시간) (오전) 9시 00분 ~ (오후) 6시 00분, 주 5일 근무","기간의 정함이 있는 근로계약6 개월/ 파견근로 비희망/ 대체인력채용 비희망","출납창구 사무원(은행·농협·수협·축협)(032401)","국내은행","경력","학력무관","","26-08-05","26-09-28","","[서울고용센터에서 채용대행서비스진행중인 사업장입니다]  창구텔러 경력자 지원가능 * 지원방법 : 첨부된 자사이력서 양식으로 입사지원 (개인이력서x)                [담당업무]  - 은행 텔러 업무    [채용조건] - 채용직군 : 하나은행 시급제 텔러 - 근무지 : 하나은행 삼성노블카운티출장소 - 시급 :  시급 13,000원 (중식대 시급에 포함, 주5일 만근시 주휴수당 1일 지급)   (근무시간: 월~금 09:00부터 18:00까지, 중도 무급휴게시간 1시간 별도) - 특별휴가 연간 최대 5일 부여(미사용시 수당 없음) - 하나은행 경력직 우대(퇴직 후 1년 이상 경과자) - 복리후생: 복지포인트 월 25만원, 명절 상여금, 경조비 - 근무기간 : 기본 6개월 (최대24개월까지 계약 연장 가능)  ※ 인사평가, 근무태도, 인력수급 등 고려하여 연장 여부 개별 결정됨 - 텔러경력 1년이상  [자격요건] - 은행업무 수행에 결격사유가 없고 신원이 확실한 자. - 학력/성별 제한없음. (정년 60세) - 병역사항 : 병역필 또는 면제자로 해외여행에 결격사유가 없는 자. - 우대요건 : '국가유공자 등 예우 및 지원에 관한 법률'에 의한 취업보호 대상자 및 '장애인 고용 촉진 및 직업재활법'에 의한 대상자  * 자사입사지원서 접수 필수 * 서류전형 합격자에 한해 면접일정 개별연락드립니다.  			 * 서류심사는 지점별로 상이하나 대략 2~3주 소요될 수 있음을 안내드리오니, 지원시 참고바랍니다.","서류,면접","고용24","이력서,자사이력서양식","서울고용센터","02-2004-7019","평일 : (근무시간) (오전) 9시 00분 ~ (오후) 6시 00분, 주 5일 근무"
"참평안재가복지센터","재가 요양보호사 구합니다","(15804)  경기도 군포시 산본로432번길 25, 1 (산본동, 한양목련아파트)","15834 경기도 군포시 쟁골2길 22 (금정동)","시급10,320원 이상 ~ 10,320원 이하,","평일 : (근무시간) (오후) 1시 00분 ~ (오후) 4시 00분, 주 5일 근무","기간의 정함이 없는 근로계약(시간(선택)제)/ 파견근로 비희망/ 대체인력채용 비희망","요양보호사(550100)","노인 요양 복지시설 운영업","관계없음","학력무관","","26-08-05","채용시까지  26-10-04","","재가 요양보호사 4등급,여자 어르신 일상생활 지원,운동 도움,병원 동행    일상생활지원 시급 (13,000)은 주휴수당, 연차수당이 포함된 금액입니다.  담당자 외근이 잦아 기재된 휴대폰으로 연락주세요 010.4682.1825","서류,면접","방문","기타(자격증,건강 검진 결과지)","","031-391-1982","평일 : (근무시간) (오후) 1시 00분 ~ (오후) 4시 00분, 주 5일 근무"
"부모사랑요양센터","재가 요양보호사 구인","(22228)  인천광역시 미추홀구 미추홀대로578번길 97-12 (주안동, 연흥빌라)","22228 인천광역시 미추홀구 인하로367번길 16 (주안동)","시급10,320원 이상,","평일 : (근무시간) (오전) 11시 00분 ~ (오후) 2시 00분, 주 5일 근무","기간의 정함이 없는 근로계약(시간(선택)제)/ 파견근로 비희망/ 대체인력채용 비희망","요양보호사(550100)","방문 복지서비스 제공업","관계없음","학력무관","","26-08-05","채용시까지  26-10-04","","- 주안8동 주안남초등학교(재물포여중) 인근  - 4등급 남자어르신(독거) - 주5일 11:00 ~ 14:00 (점심도움) - 시급 13,000원 (주휴,연차수당포함) - 문의)032-423-8850","면접,기타(건강검진 결과지(1년안), 요양보호사 자격증)","방문","이력서","","032-423-8850","평일 : (근무시간) (오전) 11시 00분 ~ (오후) 2시 00분, 주 5일 근무"
"주식회사 하나은행","[하나은행 고척동지점]시급제 텔러 채용(기본 6개...","(08225)  서울특별시 구로구 중앙로5길 59, 고척아이파크 RD 상가 1층 (고척동, 고척아이파크)","04523 서울특별시 중구 을지로 35 (을지로1가, 하나은행)","시급13,000원 이상 ~ 13,000원 이하,","평일 : (근무시간) (오전) 9시 00분 ~ (오후) 5시 00분, 주 5일 근무","기간의 정함이 있는 근로계약6 개월/ 파견근로 비희망/ 대체인력채용 비희망","출납창구 사무원(은행·농협·수협·축협)(032401)","국내은행","경력","학력무관","","26-08-05","26-09-28","","[서울고용센터에서 채용대행서비스진행중인 사업장입니다]  창구텔러 경력자 지원가능 * 지원방법 : 첨부된 자사이력서 양식으로 입사지원 (개인이력서x)                [담당업무]  - 은행 텔러 업무    [채용조건] - 채용직군 : 하나은행 시급제 텔러 - 근무지 : 하나은행 고척동지점 - 시급 :  시급 13,000원 (중식대 시급에 포함, 주5일 만근시 주휴수당 1일 지급)   (근무시간: 월~금 09:00부터 17:00까지, 중도 무급휴게시간 1시간 별도) - 특별휴가 연간 최대 5일 부여(미사용시 수당 없음) - 하나은행 경력직 우대(퇴직 후 1년 이상 경과자) - 복리후생: 복지포인트 월 25만원, 명절 상여금, 경조비 - 근무기간 : 기본 6개월 (최대24개월까지 계약 연장 가능)  ※ 인사평가, 근무태도, 인력수급 등 고려하여 연장 여부 개별 결정됨 - 텔러경력 1년이상  [자격요건] - 은행업무 수행에 결격사유가 없고 신원이 확실한 자. - 학력/성별 제한없음. (정년 60세) - 병역사항 : 병역필 또는 면제자로 해외여행에 결격사유가 없는 자. - 우대요건 : '국가유공자 등 예우 및 지원에 관한 법률'에 의한 취업보호 대상자 및 '장애인 고용 촉진 및 직업재활법'에 의한 대상자  * 자사입사지원서 접수 필수 * 서류전형 합격자에 한해 면접일정 개별연락드립니다.  			 * 서류심사는 지점별로 상이하나 대략 2~3주 소요될 수 있음을 안내드리오니, 지원시 참고바랍니다.","서류,면접","고용24","이력서,자사이력서양식","서울고용센터","02-2004-7019","평일 : (근무시간) (오전) 9시 00분 ~ (오후) 5시 00분, 주 5일 근무"
"중앙재가복지센터","[방문요양] 구로구 개봉푸르지오 4등급 방문요양 ...","(08236)  서울특별시 구로구 남부순환로 775, 108동 (개봉동, 개봉푸르지오)","08293 서울특별시 구로구 구로중앙로34길 32, 301호 (구로동)","시급10,320원 이상 ~ 10,320원 이하,","평일 : (근무시간) (오전) 9시 00분 ~ (정오) 12시 00분, 주 3일 근무","기간의 정함이 없는 근로계약(시간(선택)제)/ 파견근로 비희망/ 대체인력채용 비희망","재가 요양보호사(550102)","노인 요양 복지시설 운영업","관계없음","학력무관","","26-08-05","채용시까지  26-10-04","","개봉푸르지오 아파트  요양보호사 선생님 구합니다.  시간 : 월 수 금 오전 9시 00분 ~오전 12시 00분 시급 : 14,000(10,320+각종수당) 수급자 정보 나이 : 71(55년생) 성별 : 여성 등급 : 4등급  4 등급 받으신 여성 어르신입니다.  수급자께서는 거동이 불가능하시진 않으나 고관절 수술 이력 및 허리 통증으로 집안일을 잘 해내지 못하십니다. 남편분과 거주중이시며, 남편분께서 대부분의 집안일 및 수급자분 케어를 하고 계십니다.  주방일 및 가사업무 도와주실 분 찾습니다   경력 상관없이 많은 지원 부탁드립니다. 많은 문의 부탁드립니다.","서류,면접","고용24,이메일","이력서","","070-4248-9048","평일 : (근무시간) (오전) 9시 00분 ~ (정오) 12시 00분, 주 3일 근무"
"호원제일재가센터","오전 재가 요양보호사 모집","(11712)  경기도 의정부시 평화로 206, . (호원동, 보광그랑베르)","11711 경기도 의정부시 평화로 197 (호원동, 정명빌딩)","시급13,000원 이상 ~ 13,000원 이하,","평일 : (근무시간) (오전) 9시 00분 ~ (정오) 12시 00분, 주 6일 근무","기간의 정함이 없는 근로계약/ 파견근로 비희망/ 대체인력채용 비희망","재가 요양보호사(550102)","노인 요양 복지시설 운영업","관계없음","학력무관","","26-08-05","26-10-04","","- 3등급 86세어르신 / 독거 - 09:00~12:00, 주 6일  - 식사, 가사 및 청소 지원   -근무시작일 8/7","면접","방문,기타(전화)","이력서","","","평일 : (근무시간) (오전) 9시 00분 ~ (정오) 12시 00분, 주 6일 근무"
"주식회사 아인스타파트너스","깨끗하고 편안한 객실을 만들어줄 숙련된 호텔 룸메...","(23211)  인천광역시 영종구 신도시남로142번길 6, 3층(운서동, 메가스타 영종) (운서동)","23211 인천광역시 영종구 신도시남로142번길 6, 3층(운서동, 메가스타 영종) (운서동)","시급10,320원 이상 ~ 11,000원 이하, 면접 후 재조정 가능","평일 : (근무시간) (오전) 9시 00분 ~ (오후) 6시 00분, 주 5일 근무","기간의 정함이 없는 근로계약/ 파견근로 비희망/ 대체인력채용 비희망","호텔·콘도·숙박시설 청소원(룸메이드,하우스키퍼)(561102)","호텔업","관계없음","학력무관","","26-08-05","채용시까지  26-10-03","","[모집직무] 호텔 청소원(룸메이드,하우스키퍼), 숙박시설 서비스 종사원  [직무소개] 우리 호텔은 손님들에게 편안하고 럭셔리한 휴식 공간을 제공하기 위해 끊임없이 노력하고 있습니다.   객실 청소 및 관리를 통해 손님들에게 쾌적한 경험을 선사할 룸메이드를 찾고 있습니다.  [주요업무] - 호텔 객실 청소 및 정돈 - 침구 및 린넨 관리 - 욕실 청소 및 소독 - 객실 소모품 재plenishment - 청결 유지 및 기타 보안 확인","서류,면접","고용24","이력서,자기소개서","","032-722-0032","평일 : (근무시간) (오전) 9시 00분 ~ (오후) 6시 00분, 주 5일 근무"
"주식회사 하나은행","[하나은행 구로기업센터지점] 시급제 텔러 채용(기...","(08316)  서울특별시 구로구 구로동로 115, 하나은행 구로기업센터지점 (구로동)","04523 서울특별시 중구 을지로 35 (을지로1가, 하나은행)","시급15,000원 이상 ~ 15,000원 이하,","평일 : 월~금요일 주5일 근무/ 일요일 (격주 또는 월1회 ) 근무할 수도 있음(시간외 급여 책정), 주 5일 근무","기간의 정함이 있는 근로계약6 개월/ 파견근로 비희망/ 대체인력채용 비희망","출납창구 사무원(은행·농협·수협·축협)(032401)","국내은행","경력","학력무관","","26-08-05","26-09-28","","[서울고용센터에서 채용대행서비스진행중인 사업장입니다]  창구텔러 경력자 지원가능 * 지원방법 : 첨부된 자사이력서 양식으로 워크넷입사지원 (개인이력서x)                    [담당업무]  - 영업점 텔러 (중국인 전담창구 업무 등 )업무 등 - 중국어 사용 가능자 우대  [채용조건] - 채용직군 : 하나은행 시급제 텔러 - 근무지 : 하나은행 구로기업센터지점 - 시급 :  시급 15,000원    (근무시간: 월~금09:00부터 18:00까지, 중도 무급휴게시간 1시간 별도) - 일요일근무 가능자 (격주 또는 월1회 ), 시간외 급여 책정 - 특별휴가 연간 최대 5일 부여(미사용시 수당 없음) - 복리후생: 복지포인트 월25만원,명절 상여금, 경조비 - 근무기간 : 기본6개월(최대24개월까지 계약 연장가능) ※ 인사평가, 근무태도, 인력수급 등 고려하여 연장 여부 개별 결정됨 - 텔러경력 1년이상  [자격요건] - 은행업무 수행에 결격사유가 없고 신원이 확실한 자. - 학력/성별 제한없음(정년있음) - 병역사항 : 병역필 또는 면제자로 해외여행에 결격사유가 없는 자. - 우대요건 : 중국어 사용 가능자  * 자사입사지원서 접수 필수 * 서류전형 합격자에 한해 면접일정 개별연락드립니다.   * 서류심사는 지점별로 상이하나 대략2주~3주 소요될수 있음을 안내드리오니 지원시 참고바랍니다.","서류,면접","고용24","이력서,자사이력서양식","서울고용센터","02-2004-7019","평일 : 월~금요일 주5일 근무/ 일요일 (격주 또는 월1회 ) 근무할 수도 있음(시간외 급여 책정), 주 5일 근무"
"주식회사세이프원","[동춘동] 스퀘어원 CGV 시간제 미화 주간 구인","(21975)  인천광역시 연수구 청능대로 210, .. (동춘동)","07294 서울특별시 영등포구 문래동3가 선유로 70, 3층 세이프원 (문래동3가)","시급10,320원 이상 ~ 10,320원 이하,","평일 : - 주 2일(주말 및 공휴일), 10시간 14~20시  * 휴게 1시간, 주 2일 근무","기간의 정함이 없는 근로계약/ 파견근로 비희망/ 대체인력채용 비희망","건물 청소원(공공건물,아파트,사무실,병원,상가,공장 등)(561101)","경비 및 경호 서비스업","관계없음","학력무관","","26-08-05","채용시까지  26-10-04","","< 동춘역 인근 스퀘어원 CGV 시간제(주말) 주간 미화원 모집> - 스퀘어원 내 CGV 청소 - 화장실, 복도 청소 - 주 2일(주말 및 공휴일), 10시간 14~20시  * 휴게 1시간 - 일 7만원","면접","기타(전화 지원)","이력서","","032-456-4441","평일 : - 주 2일(주말 및 공휴일), 10시간 14~20시  * 휴게 1시간, 주 2일 근무"
"주식회사 하나은행","[하나은행 약수역지점] 시급제 텔러 채용(기본 6...","(04598)  서울특별시 중구 동호로 191, 하나은행 약수역지점 (신당동)","04523 서울특별시 중구 을지로 35 (을지로1가, 하나은행)","시급13,000원 이상 ~ 13,000원 이하,","평일 : (근무시간) (오전) 9시 00분 ~ (오후) 6시 00분, 주 5일 근무","기간의 정함이 있는 근로계약6 개월/ 파견근로 비희망/ 대체인력채용 비희망","출납창구 사무원(은행·농협·수협·축협)(032401)","국내은행","경력","학력무관","","26-08-05","26-09-28","","[서울고용센터에서 채용대행서비스진행중인 사업장입니다]  창구텔러 경력자 지원가능 * 지원방법 : 첨부된 자사이력서 양식으로 입사지원 (개인이력서x)                [담당업무]  - 영업점 텔러 업무  [채용조건] - 채용직군 : 하나은행 시급제 텔러 - 근무지 : 하나은행 약수역지점 - 시급 :  시급 13,000원 (중식대 시급에 포함, 주5일 만근시 주휴수당 1일 지급)   (근무시간: 월~금 09:00부터 18:00까지, 중도 무급휴게시간 1시간 별도) - 특별휴가 연간 최대 5일 부여(미사용시 수당 없음) - 하나은행 경력직 우대(퇴직 후 1년 이상 경과자) - 복리후생: 복지포인트 월 25만원, 명절 상여금, 경조비 - 근무기간 : 기본 6개월(최대24개월까지 계약 연장가능) ※ 인사평가, 근무태도, 인력수급 등 고려하여 연장 여부 개별 결정됨 - 텔러경력 1년이상  [자격요건] - 은행업무 수행에 결격사유가 없고 신원이 확실한 자. - 학력/성별 제한없음. (정년 60세) - 병역사항 : 병역필 또는 면제자로 해외여행에 결격사유가 없는 자. - 우대요건 : '국가유공자 등 예우 및 지원에 관한 법률'에 의한 취업보호 대상자 및 '장애인 고용 촉진 및 직업재활법'에 의한 대상자  * 자사입사지원서 접수 필수 * 서류전형 합격자에 한해 면접일정 개별연락드립니다.  			 * 서류심사는 지점별로 상이하나 대략 2~3주 소요될 수 있음을 안내드리오니, 지원시 참고바랍니다.","서류,면접","고용24","이력서,자사이력서양식","서울고용센터","02-2004-7019","평일 : (근무시간) (오전) 9시 00분 ~ (오후) 6시 00분, 주 5일 근무"
"엔젤방문요양센터","목동 신시가지아파트14단지 4등급 여성어르신 케어...","(08018)  서울특별시 양천구 목동동로 130, 1419동 604호 (신정동, 목동신시가지아파트14단지)","08770 서울특별시 관악구 남부순환로 1432-7 (신림동)","시급10,320원 이상,","평일 : (오후) 3시 30분~(오후) 6시 30분, 주 5일 근무","기간의 정함이 없는 근로계약(시간(선택)제)/ 파견근로 비희망/ 대체인력채용 비희망","재가 요양보호사(550102)","노인 요양 복지시설 운영업","관계없음","학력무관","","26-07-27","채용시까지  26-09-23","","주5회 일일 3시간 가사 및 일상생활지원 (취사,세탁,청소)위주로 성실하게 근무하실 요양보호사 구인","면접,기타(전화상담 및 대면 면접)","고용24","기타(요양보호사 자격증, 건강검진기록부 or 채용검사서 (채용시 제출))","","02-865-5522","평일 : (오후) 3시 30분~(오후) 6시 30분, 주 5일 근무"
"행복한노인복지센터","사랑과 배려를 담아 따뜻한 삶을 곁들여주세요: 재...","(12633)  경기도 여주시 세종로 145-28, 1층 (홍문동, 유일연립주택)","12655 경기도 여주시 가남읍 신해2길 36-1, 1층","시급10,320원 이상,","평일 : (근무시간) (오전) 10시 00분 ~ (오후) 1시 00분, 주 5일 근무","기간의 정함이 없는 근로계약(시간(선택)제)/ 파견근로 비희망/ 대체인력채용 비희망","재가 요양보호사(550102)","사회복지 상담서비스 제공업","관계없음","학력무관","","26-07-27","채용시까지  26-09-26","","[주요업무] - 대상자의 생활, 식사, 샤워, 이동 등 일상생활 지원 - 5등급 인지 프로그램 제공 및 즐거운 시간 함께하기 - 대상자의 건강 상태 및 욕구 파악 및 반응 - 가사 업무 지원 (청소, 설거지, 쇼핑 등) - 지원자와 가족과의 소통 및 정보 공유 [임금정보] - 13000원 (각종 수당 포함)","서류,면접","방문,우편,팩스,고용24","이력서,자기소개서,기타(요양보호사자격증 사본 1부, 신분증사본 1부, 통장사본( 합격후 제출) 치매전문교육 이수자(필수))","","031-882-5111","평일 : (근무시간) (오전) 10시 00분 ~ (오후) 1시 00분, 주 5일 근무"
"튼튼재가복지센터","4등급 여자어르신 용현동","(22211)  인천광역시 미추홀구 재넘이길 141-33, . (용현동, 우민하이츠빌)","22210 인천광역시 미추홀구 인하로 172 (용현동)","시급10,320원 이상 ~ 10,320원 이하,","평일 : (근무시간) (오전) 11시 00분 ~ (오후) 2시 00분, 주 5일 근무","기간의 정함이 있는 근로계약(시간(선택)제)12 개월/ 파견근로 비희망/ 대체인력채용 비희망","재가 요양보호사(550102)","방문 복지서비스 제공업","관계없음","학력무관","","26-07-27","채용시까지  26-09-26","","4등급 여자어르신 용현동 인하대 후문 근처 기본적인 식사 세탁 청소 위주 11시~14시, 주 5회  사무실 및 개인번호로 지원해주세요  *시급: 13,000원(수당 포함)","서류","고용24","이력서","","032-875-2232","평일 : (근무시간) (오전) 11시 00분 ~ (오후) 2시 00분, 주 5일 근무"
"주식회사 엘에스씨푸드","[한영외국어고등학교] 급식실 [조리원] 구인 (매...","(05279)  서울특별시 강동구 동남로 832, 한영외국어고등학교 급식실 (상일동)","01858 서울특별시 노원구 동일로 1021 (공릉동, 하이서울빌딩)","시급11,917원 이상 ~ 11,917원 이하,","평일 : (근무시간) (오전) 8시 00분 ~ (오후) 5시 00분, 주 5일 근무","기간의 정함이 있는 근로계약7 개월/ 파견근로 비희망/ 대체인력채용 비희망","단체급식 조리사(531800)","한식 일반 음식점업","관계없음","학력무관","","26-07-27","채용시까지  26-09-24","","&lt;조리원&gt;   업무내용 : 배식, 세척, 전처리, 조리보조 등  근무시간 : 08:00-17:00 (석식있을 시 20시 퇴근)  시급 : 14,300원 (주휴수당 포함)  + 월 5만원 급여 이외 별도 지급  계약기간 : 입사일~27.02.28  기타 : 시험기간, 방학기간 근무 없음  *고용24지원 후 문자남기기 :    : 지원학교명 / 이름 / 성별 / 나이 / 보건증유무 / 면접가능한 날짜 / 경력","서류,면접","고용24","이력서","서울북부고용센터","02-2171-1706","평일 : (근무시간) (오전) 8시 00분 ~ (오후) 5시 00분, 주 5일 근무"
"주식회사 엘에스씨푸드","[영동일고등학교] 급식실 [조리원] 구인","(05555)  서울특별시 송파구 석촌호수로 93, 영동일고등학교 급식실 (잠실동)","01858 서울특별시 노원구 동일로 1021 (공릉동, 하이서울빌딩)","시급12,083원 이상 ~ 12,083원 이하,","평일 : (근무시간) (오전) 7시 30분 ~ (오후) 4시 30분, 주 5일 근무","기간의 정함이 있는 근로계약7 개월/ 파견근로 비희망/ 대체인력채용 비희망","학교 급식 조리사(531801)","한식 일반 음식점업","관계없음","학력무관","","26-07-27","채용시까지  26-09-24","","<조리원>   업무내용 : 배식, 세척, 전처리, 조리보조 등  근무시간 : 07:30-16:30   시급 : 14,500원 (주휴수당 포함)  계약기간 : 입사일~27.02.28  기타 : 시험기간, 방학기간 근무 없음  *고용24지원 후 문자남기기 : 010 8561 0844   : 지원학교명 / 이름 / 성별 / 나이 / 보건증유무 / 면접가능한 날짜 / 경력","서류,면접","고용24","이력서","서울북부고용센터","02-2171-1706","평일 : (근무시간) (오전) 7시 30분 ~ (오후) 4시 30분, 주 5일 근무"
"보담노인재활주간보호센터","4등급 남자어르신 케어 할 요양보호사 구인합니다","(21596)  인천광역시 남동구 담방로21번길 61, 106동 (만수동, 만수뉴서울아파트)","21097 인천광역시 계양구 안남로 548 (효성동, 효성프라자)","시급10,320원 이상 ~ 10,320원 이하,","평일 : (근무시간) (오전) 9시 00분 ~ (정오) 12시 00분, 주 5일 근무","기간의 정함이 없는 근로계약(시간(선택)제)/ 파견근로 비희망/ 대체인력채용 비희망","요양보호사(550100)","노인 요양 복지시설 운영업","관계없음","학력무관","","26-08-03","채용시까지  26-10-02","","식사제공, 가사업무 (주5일, 독거로 거주) 시 급:10,320원 주휴수당:2,084원 연차수당:  596원 총시급:13,000원","기타(면접시 건강검진과 요양보호사 자격증 제출 요청 드립니다)","고용24","기타(면접시 건강검진과 요양보호사자격증 제출 요청 드립니다)","","","평일 : (근무시간) (오전) 9시 00분 ~ (정오) 12시 00분, 주 5일 근무"
"주식회사마니커에프앤지","마니커에프엔지에서 생산직사원 모집","(17135)  경기도 용인시 처인구 이동읍 백옥대로144번길 36-2","17135 경기도 용인시 처인구 이동읍 백옥대로144번길 36-2","시급10,850원 이상,","평일 : 직무내용 참고 , 주 5일 근무","기간의 정함이 없는 근로계약/ 파견근로 비희망/ 대체인력채용 비희망","식품 분야 단순 종사원(890006)","육류 기타 가공 및 저장처리업 (가금류 제외)","관계없음","학력무관","","26-08-03","채용시까지  26-10-02","","◆ 직무 육가공 제조: 계육 염지, 조리업무 포장 및 검품: 생산 완료된 닭고기 제품 포장 및 적재 초보자 가능 / 남녀 무관 / 기계식 자동화 공정으로 신체 부담 최소화   ◆ 근로조건 - 근무시간 : 주 5일근무(08:00~18:00) - 급여 : 시급 10,850원 (상여금 별도) ◆ 복리후생 : 2식, 통근버스, 기숙사","서류,면접","고용24","이력서","","031-899-1118","평일 : 직무내용 참고 , 주 5일 근무"
"석양재가노인복지센터","재가 요양보호사 모집","(21415)  인천광역시 부평구 수변로9번길 10, . (부개동, 리노빌아파트)","21427 인천광역시 부평구 동수로 163, 제1동호 (부개동)","시급10,320원 이상 ~ 10,320원 이하,","평일 : (근무시간) (오전) 9시 00분 ~ (정오) 12시 00분, 주 4일 근무","기간의 정함이 없는 근로계약(시간(선택)제)/ 파견근로 비희망/ 대체인력채용 비희망","재가 요양보호사(550102)","사회복지 상담서비스 제공업","관계없음","학력무관","","26-08-03","채용시까지  26-09-29","","- 업체명: 석양재가노인복지센터 - 모집직종: 재가요양보호사 1명 - 3등급 (여자어르신) 부평구 부개동 - 근무시간 : (월, 수, 목, 금  09:00~12:00 )  - 급여사항: 시급 13,500(수당포함)   기본시급 10,320원 적용.","서류,면접","기타(전화 통화 후 면접 일정 안내  )","기타(자격증사본,  건강검진 결과표)","","032-521-0700","평일 : (근무시간) (오전) 9시 00분 ~ (정오) 12시 00분, 주 4일 근무"
"타타타재가노인복지센터","요양보호사 모집 (방문요양 4등급)","(17335)  경기도 이천시 경충대로2050번길 70-50, 대월현대아파트 (사동6차현대아파트)","17408 경기도 이천시 모가면 진상미로 1252","시급10,320원 이상 ~ 10,320원 이하,","평일 : (근무시간) (오전) 9시 00분 ~ (정오) 12시 00분, 주 5일 근무","기간의 정함이 없는 근로계약(시간(선택)제)/ 파견근로 비희망/ 대체인력채용 비희망","요양보호사(노인요양사)(550101)","노인 요양 복지시설 운영업","관계없음","학력무관","","26-08-03","채용시까지  26-10-02","","경기도 이천시 대월면에 위치한 가정의 방문요양보호사를 모집합니다.   ○ 4등급 어르신(남) 수급자 1인 ○ 채용시 4대보험 가입 ○ 교통비 지급  시급 및 수당 포함 13,300원  *채용 시 추가 협의","면접","고용24,이메일","이력서","","","평일 : (근무시간) (오전) 9시 00분 ~ (정오) 12시 00분, 주 5일 근무"
"굿케어방문요양센터","재가요양보호사 선생님 모십니다","(10826)  경기도 파주시 자운서원로 36-39, 301동 (율곡3차 아파트)","10813 경기도 파주시 문산읍 우계로 491, 2층, 201호","시급10,320원 이상,","평일 : (근무시간)  (오전) 09시 00분 ~ (오후) 12시 00분, 주 6일 근무","기간의 정함이 없는 근로계약(시간(선택)제)/ 파견근로 비희망/ 대체인력채용 비희망","재가 요양보호사(550102)","방문 복지서비스 제공업","관계없음","학력무관","","26-08-03","채용시까지  26-10-02","","1등급 80 중반 할머니 케어  -재가 요양보호사 모집 -와상환자로 식사도움, 기저귀케어 지원 등 -남편과 거주 -방문요양 09:00~12:00 **이용자가 추가로 나머지 시간 개별계약 희망함 -급여: 13,100원 = 기본시급(10,320원) + 주휴수당 + 기타수당  * 실제 서비스 제공기간에 따라 임금을 계산하여 지급하는 형태로 채용시 근로자마다 주 소정근로시간이나 임금,근무(예정)지 등에 차이가 있을 수 있음","기타(문자나 전화 주세요)","기타(전화요망 )","기타(요양보호사 자격증)","(유관기관-중장년내일센터)파주상공회의소_파주","031-8071-4245","평일 : (근무시간)  (오전) 09시 00분 ~ (오후) 12시 00분, 주 6일 근무"
"케어닥 방문요양돌봄센터 과천파트너점","[방문요양] 과천 중앙동 과천역 도보 6분거리 4...","(13805)  경기도 과천시 희망4길 42 (중앙동)","13807 경기도 과천시 관문로 92 (중앙동, 힐스테이트 과천중앙)","시급10,320원 이상 ~ 13,000원 이하,","평일 : (근무시간) (오전) 8시 00분 ~ (오전) 10시 00분, 주 6일 근무","기간의 정함이 없는 근로계약(시간(선택)제)/ 파견근로 비희망/ 대체인력채용 비희망","재가 요양보호사(550102)","방문 복지서비스 제공업","관계없음","학력무관","","26-08-03","채용시까지  26-10-02","","- 4등급 남 어르신(91세)  - [어르신상태] 스스로 보행 및 활동 가능, 치매증상 전혀없음 - [필요서비스] 샤워/목욕 도움, 식사준비, 요리하기, 복약도움, 청소, 빨래, 산책보조 - 주 7일 근무 (월~일) 08:00~10:00 - 시급 13,000원(주휴.연차.기타수당포함) - 지원문의 : 010-5680-6607  ※ '고용24' 연동을 위해 주6일제로 표기함.","면접","기타(유선전화 010-5680-6607)","기타(요양보호사1급 자격증)","","","평일 : (근무시간) (오전) 8시 00분 ~ (오전) 10시 00분, 주 6일 근무"
"100세시대재가요양센터","가양7단지 오전3시간 주5일 5등급 독거여자어르신...","(07531)  서울특별시 강서구 허준로 209, 106동 (가양동, 가양주공영구임대아파트)","07577 서울특별시 강서구 화곡로63가길 92, 106호 100세재가요양센터 (등촌동, 등촌9단지주공아파트)","시급10,320원 이상 ~ 10,320원 이하,","평일 : (근무시간) (오전) 9시 00분 ~ (정오) 12시 00분, 주 5일 근무","기간의 정함이 없는 근로계약(시간(선택)제)/ 파견근로 비희망/ 대체인력채용 비희망","재가 요양보호사(550102)","노인 요양 복지시설 운영업","관계없음","학력무관","","26-08-03","채용시까지  26-10-02","","가양7단지 80세 5등급 독거여자어르신  요양보호사 모집  오전9시~12시 주5일  * 시급 : 13000원 (기본 10,320원+ 주휴 등 기타수당 포함)   거동가능/ 가사업무  *치매교육이수자필수","서류","고용24","이력서","","02-3662-0906","평일 : (근무시간) (오전) 9시 00분 ~ (정오) 12시 00분, 주 5일 근무"
"(주)하나케미칼","(주)하나케미칼 생산직 채용","(17512)  경기도 안성시 삼죽면 삼죽로 265","17512 경기도 안성시 삼죽면 삼죽로 265","시급10,320원 이상 ~ 10,320원 이하,","평일 : (근무시간) (오전) 8시 30분 ~ (오후) 5시 30분, 주 5일 근무","기간의 정함이 없는 근로계약/ 파견근로 비희망/ 대체인력채용 비희망","기타 제조 관련 단순 종사원(890000)","플라스틱 적층, 도포 및 기타 표면처리 제품 제조업","관계없음","학력무관","","26-08-03","채용시까지  26-09-29","","- 직무 : 단순생산 업무 - 급여 : 시급 10,320원 / 잔업 있음  - 1인1실 기숙사 무료제공","서류,면접","이메일,기타(이메일: hana7662064@naver.com)","이력서","","031-766-2064","평일 : (근무시간) (오전) 8시 30분 ~ (오후) 5시 30분, 주 5일 근무"
"늘기쁨재가복지센터","중랑구 면목동(남촌공원 근처) 요양보호사 선생님 ...","(02202)  서울특별시 중랑구 겸재로50가길 23-4, 2층 (면목동)","02161 서울특별시 중랑구 면목로76길 3 (면목동)","시급10,320원 이상 ~ 10,320원 이하,","평일 : (근무시간) (오전) 10시 00분 ~ (오후) 1시 00분, 주 5일 근무","기간의 정함이 없는 근로계약(시간(선택)제)/ 파견근로 비희망/ 대체인력채용 비희망","재가 요양보호사(550102)","방문 복지서비스 제공업","관계없음","학력무관","","26-08-03","채용시까지  26-10-02","","1.업무 - 방문재가 요양보호사입니다.  기본 주5일 일 3시간 / 토요일 및 공휴일 어르신과 협의 후 추가 근무 해야될 수도 있습니다.  *어르신 등급: 3등급   2. 급여 - 포괄시급 13,000원 외 면접 후 결정   3. 방문 위치 - 면목동 남촌공원 인근 일반주택  4. 재가 주요 업무 - 식사준비 , 청소 , 세탁 , 장보기를 주로 하게 됩니다.   5. 기타 - 4대보험 가입 , 퇴직금 - 1년 이상 근무 시 지급","면접","고용24","기타(1. 요양보호사 자격증 2. 주민등록증 사본  3. 2026년 일반 건강검진 결과서 (2025년 11월 이후 결과서도 가능))","","02-438-1007","평일 : (근무시간) (오전) 10시 00분 ~ (오후) 1시 00분, 주 5일 근무"
"미담방문요양센터","전농동 sk아파트 4등급 할아버님 (주6일 오후3...","(02532)  서울특별시 동대문구 전농로10길 111, 2차 (전농동, 전농SK아파트)","02585 서울특별시 동대문구 천호대로25길 81 (용두동)","시급10,320원 이상 ~ 10,320원 이하,","평일 : 근무시간: 오후3시~오후6시, 주 6일 근무","기간의 정함이 없는 근로계약(시간(선택)제)/ 파견근로 비희망/ 대체인력채용 비희망","재가 요양보호사(550102)","방문 복지서비스 제공업","관계없음","학력무관","","26-08-03","채용시까지  26-10-02","","- 근무시간:  오후3시~오후6시 - 말벗 실내관리 식사도움 - 거동 가능 인지 양호 - 4등급","면접","기타(핸드폰 연락요청)","이력서","","","평일 : 근무시간: 오후3시~오후6시, 주 6일 근무"
"자매사랑재가복지센터","재가 요양보호사 모집 (백석읍)","(11509)  경기도 양주시 백석읍 고릉말로150번길 15-8, 양주소방서 인근으로 상세주소 확인. (다온빌)","11505 경기도 양주시 백석읍 꿈나무로 24, 1층","시급10,320원 이상,","평일 : (근무시간) (오전) 10시 00분 ~ (오후) 1시 00분, 주 6일 근무","기간의 정함이 없는 근로계약(시간(선택)제)/ 파견근로 비희망/ 대체인력채용 비희망","재가 요양보호사(550102)","사회복지 상담서비스 제공업","관계없음","학력무관","","26-08-03","채용시까지  26-10-02","","- 4등급 할아버님 (배우자거주)_양주소방서 인근 - 가사지원등 업무 - 10:00~13:00 (주6일), 시간은 1시간내외로 협의가능 - 시급 13,000원 (주휴수당외 기타수당포함)","면접","방문,고용24,기타(채용담당자 010-6715-4477 로 통화후 접수 면접)","기타(채용담당자 010-6715-4477 전화후 면접)","","","평일 : (근무시간) (오전) 10시 00분 ~ (오후) 1시 00분, 주 6일 근무"
"샬롬요양지원센터","(강일동/4급할아버지/09:30-12:30)요양보...","(05201)  서울특별시 강동구 아리수로93가길 77 (강일동, 강동리버스트6단지)","05265 서울특별시 강동구 구천면로47길 19 (암사동)","시급10,320원 이상 ~ 10,320원 이하,","평일 : (근무시간) (오전) 9시 30분 ~ (오후) 12시 30분, 주 5일 근무","기간의 정함이 없는 근로계약/ 파견근로 비희망/ 대체인력채용 비희망","재가 간병인(550202)","방문 복지서비스 제공업","관계없음","학력무관","","26-08-03","26-10-02","","-근무지: 아리수로93가길77 -대상자: 4등급할아버지(09:30-12:30, 주5일) -시   급: 10,320원(기타, 주휴및 연차수당포함시 13,000원) -업   무 :가사 및 일상생활지원 -담당자: 02-426-4897","서류","방문,팩스","이력서","","02-426-4897","평일 : (근무시간) (오전) 9시 30분 ~ (오후) 12시 30분, 주 5일 근무"
"실로암재가복지센터","5등급 여자 어르신 요양보호사 선생님을 모십니다 ...","(15395)  경기도 안산시 단원구 화랑로 170, 106동 (초지동, 초지역메이저타운푸르지오-메트로단지)","15251 경기도 안산시 단원구 화정천동로 428","시급10,320원 이상 ~ 10,320원 이하,","평일 : (근무시간) (정오) 12시 00분 ~ (오후) 3시 00분, 주 5일 근무","기간의 정함이 없는 근로계약/ 파견근로 비희망/ 대체인력채용 비희망","요양보호사(550100)","노인 요양 복지시설 운영업","신입","학력무관","","26-08-03","채용시까지  26-10-02","","모집직종 : 요양보호사 1명  업무내용 : 5등급 여자 어르신입니다.                 성격 좋으시고 스스로 거동 가능 하십니다.   근무지 : 초지동, 초지역메이저타운 푸르지오  근무시간 :  월~금  오후 12:00 ~ 오후 3:00 (시간조정가능)                 급여 : 시급 10,320 + 제수당 = 13,000원   * 치매교육이수자만 가능합니다.","서류,면접","방문,팩스,고용24","이력서,기타(요양보호사 자격증 치매교육 이수증)","","031-483-8047","평일 : (근무시간) (정오) 12시 00분 ~ (오후) 3시 00분, 주 5일 근무"
"장수실버재가복지센터","[4등급/여자어르신/51년생/태평동]요양보호사선생...","(13284)  경기도 성남시 수정구 탄리로132번길 7, 1 (태평동)","13287 경기도 성남시 수정구 남문로69번길 5-5 (태평동, 더하우스프라임)","시급10,320원 이상 ~ 10,320원 이하,","평일 : (근무시간) (오전) 9시 00분 ~ (정오) 12시 00분, 주 6일 근무","기간의 정함이 없는 근로계약(시간(선택)제)/ 파견근로 비희망/ 대체인력채용 비희망","재가 요양보호사(550102)","방문 복지서비스 제공업","관계없음","학력무관","","26-08-03","채용시까지  26-09-30","","안녕하세요 4등급 어르신 정서지원, 병원동행, 식사, 가사 등 인지는 양호하시고 혼자 사시는 1인 가구 이십니다 허리디스크 있으시고 양호하십니다. 포괄시급13000(기본시급+연차,+주휴+보전수당)입니다 근무시간 30분 일찍 가능하고 주6일근무입니다 함께 하실 선생님 구해요*^^*","서류,면접","고용24","기타(자격증,신분증,건강검진확인서,통장사본,범죄경력조회서 (모두합격시제출))","","","평일 : (근무시간) (오전) 9시 00분 ~ (정오) 12시 00분, 주 6일 근무"
"가족사랑재가노인복지센터","요양보호사 급구합니다 (포천관인면 3등급  할머니...","(11100)  경기도 포천시 창동로879번길 8-11, .","11189 경기도 포천시 내촌면 내촌로 82","시급10,320원 이상 ~ 10,320원 이하,","평일 : (근무시간) (오전) 9시 00분 ~ (정오) 12시 00분, 주 6일 근무","기간의 정함이 없는 근로계약(시간(선택)제)/ 파견근로 비희망/ 대체인력채용 비희망","재가 요양보호사(550102)","그 외 기타 보건업","관계없음","학력무관","","26-08-03","채용시까지  26-09-29","","-3등급  어르신(할머님) -신체활동, 정서지원, 가사지원 -09시~12시까지 -시급 10,320원 + 각종 수당 = 13,000원","서류,면접","방문,고용24","이력서","","031-536-8004","평일 : (근무시간) (오전) 9시 00분 ~ (정오) 12시 00분, 주 6일 근무"
"하나재가노인복지센터","[자양동/4등급/여자/오후] 재가 요양보호사 채용","(05071)  서울특별시 광진구 아차산로22길 36-4, 서울프라임병원 인근 (자양동)","02003 서울특별시 중랑구 중랑역로 233","시급10,320원 이상 ~ 10,320원 이하,","평일 : (근무시간) (오후) 1시 00분 ~ (오후) 4시 00분, 주 5일 근무","기간의 정함이 있는 근로계약(시간(선택)제)12 개월/ 파견근로 비희망/ 대체인력채용 비희망","재가 요양보호사(550102)","노인 요양 복지시설 운영업","관계없음","학력무관","","26-08-03","채용시까지  26-10-02","","* 4등급 여자어르신(47년생) 케어/거동가능/배우자와 거주(지방에서 직장) * 말벗/외출동행_지팡이 사용/주1회 샤워도움 등 신체활동지원 * 간단한 식사준비/청소, 세탁 등 일상생활지원","서류,면접","방문,기타(전화접수)","기타(자격증 사본)","","02-971-7115","평일 : (근무시간) (오후) 1시 00분 ~ (오후) 4시 00분, 주 5일 근무"
"비지팅엔젤스안양동안지점","(평촌학원가근처) 3등급할아버지(99), 오전8:...","(14070)  경기도 안양시 동안구 부림로 55, , (평촌동, 초원대원아파트)","13941 경기도 안양시 동안구 평촌대로 358 (비산동, 두진빌딩)","시급10,320원 이상 ~ 13,000원 이하,","평일 : (근무시간) (오전) 8시 30분 ~ (오전) 11시 30분, 주 6일 근무","기간의 정함이 없는 근로계약(시간(선택)제)/ 파견근로 비희망/ 대체인력채용 비희망","재가 요양보호사(550102)","방문 복지서비스 제공업","관계없음","학력무관","","26-08-03","채용시까지  26-09-28","","- 3등급독거할아버지(99)-거동가능하며 인지도 양호함 - 오전8:30~오후2;30/ 월~토 (주6)...독거라 요일 협의가 어려움 - 식사도움, 정리정돈, 말벗 - 수당포함 시급;13,000 - 백영고등학교 근처 초원대원아파트 - 문의 및 지원 (031-8045-4818)","서류,면접","방문,기타(*사무실 전화 통화 선호함 031-421-4664/010-3911-9530)","이력서","","031-421-4664","평일 : (근무시간) (오전) 8시 30분 ~ (오전) 11시 30분, 주 6일 근무"
"검단방문요양센터","신장동] 4등급 할머니 재가 요양보호사 모집","(12959)  경기도 하남시 하남대로787번길 31, 그린나래 (신장동)","12959 경기도 하남시 하남대로787번길 31 (신장동)","시급10,320원 이상 ~ 10,320원 이하,","평일 : (근무시간) (오전) 9시 00분 ~ (정오) 12시 00분, 주 5일 근무","기간의 정함이 없는 근로계약(시간(선택)제)/ 파견근로 비희망/ 대체인력채용 비희망","재가 요양보호사(550102)","그 외 기타 비거주 복지 서비스업","관계없음","학력무관","","26-08-03","채용시까지  26-10-01","","- 가사활동, 정서지원,병원동행  - 허리와 다리통증, 실버카로 자립적으로 보행하심 -  - 주5일 09:00~12:00  주 5일근무  - 시급13.100","서류","팩스,이메일","이력서","","031-794-6878","평일 : (근무시간) (오전) 9시 00분 ~ (정오) 12시 00분, 주 5일 근무"
"(A)비지팅엔젤스(강북미아지점)","[강북청소년문화정보도서관 인근/ 3등급 여자]  ...","(01168)  서울특별시 강북구 삼양로54나길 7-3, 면접시 상세주소 안내 (미아동)","01194 서울특별시 강북구 삼양로 171 (미아동)","시급10,320원 이상 ~ 10,320원 이하,","평일 : (근무시간) (오후) 3시 30분 ~ (오후) 6시 30분, 주 5일 근무","기간의 정함이 있는 근로계약(시간(선택)제)12 개월/ 파견근로 비희망/ 대체인력채용 비희망","재가 요양보호사(550102)","노인 요양 복지시설 운영업","신입","학력무관","","26-08-03","채용시까지  26-10-02","","*강북청소년문화정보도서관 인근/ 3등급 여자어르신 - 직무내용: 일상생활 지원 - 근무시간: 15:30~18:30, 주5일 근무 - 포괄시급: 시급 13,060원(기본 시급 + 주휴수당  등 포함)","면접","방문","이력서","","","평일 : (근무시간) (오후) 3시 30분 ~ (오후) 6시 30분, 주 5일 근무"
"서림폴리텍 주식회사","송파호반베르디움 아파트 미화원 모집","(05730)  서울특별시 송파구 동남로 342, 송파호반베르디움더퍼스트 (오금동, 송파호반베르디움더퍼스트)","04208 서울특별시 마포구 만리재로 83, 9층 (공덕동)","시급10,320원 이상 ~ 10,320원 이하,","평일 : (근무시간) (오전) 8시 00분 ~ (오후) 3시 00분, 주 6일 근무","기간의 정함이 있는 근로계약3 개월/ 계약기간 만료 후 상용직전환검토/ 파견근로 비희망/ 대체인력채용 비희망","건물 청소원(공공건물,아파트,사무실,병원,상가,공장 등)(561101)","사업시설 유지？관리 서비스업","관계없음","학력무관","","26-08-03","채용시까지  26-10-02","","*성실하고 친절한 성품의 미화원 모집합니다.*  1.근무장소 : 송파호반베르디움더퍼스트 아파트 (송파구 동남로 342)  2.근무시간 : 주 6일근무                   평   일 :  08시 ~ 15시( 휴게 1시간)                    토요일(3주1번) :  08시 ~ 11시  3.업무내용 : 미화원 (1명) - 건물 내 공용 부분 청소 (E/L, 비상계단, 복도, 현관, 커뮤니티 등)","서류,면접","팩스,고용24","이력서","","","평일 : (근무시간) (오전) 8시 00분 ~ (오후) 3시 00분, 주 6일 근무"
"고사리노인복지센터","[신내동] 4등급(여자어르신) 오전/ 주6일 - ...","(02043)  서울특별시 중랑구 신내로 115, 임의주소기재 (신내동, 신내10단지신내아파트)","02043 서울특별시 중랑구 봉화산로 189, 4층 (신내동)","시급10,320원 이상 ~ 10,320원 이하,","평일 : (근무시간) (오전) 9시 00분 ~ (정오) 12시 00분, 주 6일 근무","기간의 정함이 없는 근로계약(시간(선택)제)/ 파견근로 비희망/ 대체인력채용 비희망","요양보호사(노인요양사)(550101)","노인 요양 복지시설 운영업","관계없음","학력무관","","26-08-03","채용시까지  26-10-02","","*4급여자(76세) *식사준비, 청소 등 일상생활지원 *9:00~12:00 / 주6일 *시급13,000원(기본 시급 10,320원 + 주휴·연차수당 포함)","면접","기타(전화 후 방문 ( 010-6488-9519 ))","기타(채용확정 시 : 노인학대범죄경력조회, 장애인학대범죄경력조회 동의서 각1부)","","02-3421-9515","평일 : (근무시간) (오전) 9시 00분 ~ (정오) 12시 00분, 주 6일 근무"
"소망방문요양센터","2등급 여자어르신 재가요양보호사 구인","(10073)  경기도 김포시 김포한강11로 322, 더파크뷰테라스 (운양동)","10068 경기도 김포시 김포한강8로 169, 중 왼쪽일부 (마산동, 신유프라자)","시급10,320원 이상 ~ 10,320원 이하,","평일 : (근무시간) (오전) 9시 00분 ~ (오후) 1시 00분, 주 5일 근무","기간의 정함이 없는 근로계약(시간(선택)제)/ 파견근로 비희망/ 대체인력채용 비희망","재가 요양보호사(550102)","노인 요양 복지시설 운영업","관계없음","학력무관","","26-08-03","26-10-02","","■대상 : 2등급 여자어르신 ■근무시간 :  주5일 09:00~13:00 ■침대에서 화장실 이동(휠체어 이동), 2인1조 목욕","면접","방문,팩스,기타(전화)","기타(요양보호사 자격증)","","031-990-9909","평일 : (근무시간) (오전) 9시 00분 ~ (오후) 1시 00분, 주 5일 근무"
"참평안재가복지센터","요양보호사 구합니다","(15804)  경기도 군포시 산본로432번길 25, 1 (산본동, 한양목련아파트)","15834 경기도 군포시 쟁골2길 22 (금정동)","시급10,320원 이상 ~ 10,320원 이하,","평일 : (근무시간) (오전) 9시 00분 ~ (정오) 12시 00분, 주 5일 근무","기간의 정함이 없는 근로계약(시간(선택)제)/ 파견근로 비희망/ 대체인력채용 비희망","재가 요양보호사(550102)","노인 요양 복지시설 운영업","관계없음","학력무관","","26-08-03","채용시까지  26-09-30","","4등급,여자 어르신 일상생활 지원,운동 도움,병원 동행    일상생활지원 시급 (13,000)은 주휴수당, 연차수당이 포함된 금액입니다.  담당자 외근이 잦아 기재된 휴대폰으로 연락주세요 010.8602.1974","서류,면접","방문","기타(자격증,건강 검진 결과지)","","031-391-1982","평일 : (근무시간) (오전) 9시 00분 ~ (정오) 12시 00분, 주 5일 근무"
"효사랑방문요양서비스센터","(채용대행) 재가요양보호사 모집","(14330)  경기도 광명시 서원로 25, . (소하동, 광명역세권휴먼시아)","14327 경기도 광명시 충현로4번길 10 (소하동, 동곡빌딩)","시급10,320원 이상 ~ 13,000원 이하,","평일 : (근무시간) (오전) 9시 00분 ~ (정오) 12시 00분, 주 5일 근무","기간의 정함이 없는 근로계약(시간(선택)제)/ 파견근로 비희망/ 대체인력채용 비희망","재가 요양보호사(550102)","그 외 기타 비거주 복지 서비스업","관계없음","학력무관","","26-08-03","채용시까지  26-10-02","","광명역세권소하휴먼시아 2단지 4등급 할머니  주 5일 오전 9시~12시 (토요일도 가능하신 분 우대) 일상 생활 지원, 신체 지원 등 요양 보호 사 업무 시급13,000원 (최저임금 + 각종 수당 포함된 금액)  문의 : 010-9001-6529  / 010-7668-2086","서류,면접","방문,기타(담당자와 통화 바랍니다.)","이력서,기타(요양보호사 자격증 사본)","경기도 광명시청","02-2680-5551","평일 : (근무시간) (오전) 9시 00분 ~ (정오) 12시 00분, 주 5일 근무"
"아들래노인주간보호센터","재가선생님모셔요","(11705)  경기도 의정부시 평화로 363-7, 한주5차아파트 (호원동, 회룡한주아파트)","11730 경기도 의정부시 경의로 196, 아들래노인주간보호센터 (신곡동)","시급10,320원 이상,","평일 : (근무시간) (오후) 1시 00분 ~ (오후) 4시 00분, 주 5일 근무","기간의 정함이 없는 근로계약(시간(선택)제)/ 파견근로 비희망/ 대체인력채용 비희망","재가 요양보호사(550102)","노인 요양 복지시설 운영업","관계없음","중졸","대졸(2~3년)","26-08-03","채용시까지  26-09-30","","4등급. 86세  남자어르신 시급 :13500원 식사 및 청소도움  장소 : 의정부시 회룡로 254 근무시간 : 주5회   근무시간 오후1시-4시","면접","방문","이력서,기타(요양보호사자격증(개인식별번호 삭제))","","","평일 : (근무시간) (오후) 1시 00분 ~ (오후) 4시 00분, 주 5일 근무"
"100세따듯한손노인방문요양센터","군포시 주공8단지  설악아파트 근무하실 재가요양보...","(15823)  경기도 군포시 수리산로 102, 0000동 (산본동, 설악아파트)","15865 경기도 군포시 번영로 489 (산본동, 중앙타워)","시급10,320원 이상,","평일 : (근무시간) (오전) 9시 00분 ~ (정오) 12시 00분, 주 5일 근무","기간의 정함이 없는 근로계약(시간(선택)제)/ 파견근로 비희망/ 대체인력채용 비희망","재가 요양보호사(550102)","노인 요양 복지시설 운영업","경력","학력무관","","26-08-03","채용시까지  26-10-02","","군포시 수리산로 102. (주공 8단지 설악아파트)에 사시는 수급자를 케어하실 요양보호사 1분을 모집합니다.                                  --------- 아                래----------   * 4등급 86세 수급자님 (여/할머니)  - 혼자 거동하십니다!    가사 및 일상생활지원, 신체활동지원 등 방문요양 급여서비스 제공관련 일체의 업무      1) 근무시간  : 오전 09시 ~ 정오 12시 (주5일)   2) 교 통  편  :  금정역, 산본역 (4호선)에서 약 2.5km / 2번,3-1번,30번 마을버스외 직행버스 다수   3) 시    급    :  13,300원(제반수당 일체포함)","서류,면접,기타(팩스로 제출하여도 됩니다)","방문,고용24","이력서,자기소개서","","031-398-1820","평일 : (근무시간) (오전) 9시 00분 ~ (정오) 12시 00분, 주 5일 근무"
"바른손케어재가복지센터","요양보호사 선생님 모십니다","(21572)  인천광역시 남동구 성말로53번길 27-4, . (구월동, 문화빌리지)","21545 인천광역시 남동구 남동대로884번길 66, (간석동) 바른손케어재가복지센터 (간석동)","시급10,320원 이상,","평일 : (근무시간) (오전) 9시 00분 ~ (정오) 12시 00분, 주 6일 근무","기간의 정함이 없는 근로계약(시간(선택)제)/ 파견근로 비희망/ 대체인력채용 비희망","요양보호사(550100)","방문 복지서비스 제공업","관계없음","학력무관","","26-07-31","채용시까지  26-09-29","","*4등급 81세 여자 어르신. *일상생활 지원, 가사도움, 말벗지원 등 전반적인 재가서비스 제공. *포괄시급: 13,000원(기본 10,320원+각종 수당 포함).","면접","방문","기타(요양보호사 자격증. 1년이내 건강검진 결과지(채용시))","","","평일 : (근무시간) (오전) 9시 00분 ~ (정오) 12시 00분, 주 6일 근무"
"유리재가복지센터","군포시 산본동 여자어르신 요양보호사 구인","(15823)  경기도 군포시 수리산로 102, . (산본동, 설악아파트)","14906 경기도 시흥시 복지로 105-2 (대야동)","시급10,320원 이상 ~ 10,320원 이하,","평일 : (근무시간) (오후) 3시 00분 ~ (오후) 6시 00분, 주 5일 근무","기간의 정함이 없는 근로계약(시간(선택)제)/ 파견근로 비희망/ 대체인력채용 비희망","재가 요양보호사(550102)","방문 복지서비스 제공업","관계없음","학력무관","","26-07-31","채용시까지  26-09-29","","* 대 상  자 : 4등급 여자어르신 * 근 무  지 : 군포시 산본동 설악주공 8단지 * 근무시간 : 오후 3시 ~ 오후 6시 (3시간) 월요일 ~금요일 주 5일 * 급      여 : 시급13,000원 (기본시급10,320원 + 주휴수당 +연차수당)  * 직무내용 : 식사도움, 생활공간 정리 등 일상생활 도움","면접","기타(전화로 면접날짜 협의 후 어르신댁 현장면접)","기타(요양보호사 자격증 1부)","","","평일 : (근무시간) (오후) 3시 00분 ~ (오후) 6시 00분, 주 5일 근무"
"호가재가복지센터","4등급 남자어르신","(14627)  경기도 부천시 원미구 심중로27번길 39-6, . (중동)","14585 경기도 부천시 원미구 부흥로187번길 9-2","시급10,320원 이상,","평일 : (근무시간) (오전) 8시 00분 ~ (오전) 11시 00분, 주 5일 근무","기간의 정함이 없는 근로계약(시간(선택)제)/ 파견근로 비희망/ 대체인력채용 비희망","재가 요양보호사(550102)","방문 복지서비스 제공업","관계없음","학력무관","","26-07-31","채용시까지  26-09-30","","* 4등급 남자어르신(일상생활지원) * 주5일(월~금),   오전 8-11 * 13000원----수당포함","서류,면접","방문","이력서","","","평일 : (근무시간) (오전) 8시 00분 ~ (오전) 11시 00분, 주 5일 근무"
"기쁜동행재가복지센터","요양보호사 구인","(21364)  인천광역시 부평구 부평대로165번길 102-7, 103동 (청천동, 산호타운)","21311 인천광역시 부평구 평천로136번길 23-2, 인천광역시 부평구 평천로136번길 23-2 (청천동) (청천동)","시급10,320원 이상 ~ 10,320원 이하,","평일 : (근무시간) (오후) 3시 00분 ~ (오후) 6시 00분, 주 5일 근무","기간의 정함이 없는 근로계약(시간(선택)제)/ 파견근로 비희망/ 대체인력채용 비희망","재가 요양보호사(550102)","방문 복지서비스 제공업","관계없음","학력무관","","26-08-03","채용시까지  26-09-29","","**재가  요양보호사 구인** ▶대상:5등급 남자어르신 인지프로그램과 일상생활함께하기 시급 : 13,000","면접","고용24","이력서,기타(이력서 요양보호사 자격증 치매이수증  )","","032-504-3868","평일 : (근무시간) (오후) 3시 00분 ~ (오후) 6시 00분, 주 5일 근무"
"아이엘퍼스트","아이엘퍼스트에서 플라스틱 제품 포장 및 검수 업무...","(17304)  경기도 이천시 신둔면 황무로287번길 124, 아이엘퍼스트","17304 경기도 이천시 신둔면 황무로287번길 124, 아이엘퍼스트","시급10,320원 이상,","평일 : (근무시간) (오전) 8시 30분 ~ (오후) 5시 30분, 주 5일 근무","기간의 정함이 없는 근로계약/ 파견근로 비희망/ 대체인력채용 비희망","플라스틱제품 조립원 및 검사원(852402)","그 외 기타 플라스틱 제품 제조업","관계없음","학력무관","","26-08-03","채용시까지  26-09-29","","[모집직무] 제조공정, 포장작업, 검수작업, 생산라인  [직무소개] 아이엘퍼스트는 플라스틱 식품용기 및 베이커리 용품을 생산하는 회사입니다.  우리는 단순 생산 및 포장 업무를 수행하는 팀원을 찾고 있습니다.  업무내용으로는 단순 생산 및 포장을 담당하시게 됩니다.  기계에서 나오는 플라스틱 제품을 단순 검수 및 박스안에 넣는 포장을 하시게 됩니다.  평일 근무시간 08:30~17:30.  OT 18:00~20:30(희망자 선택가능)  첫째,셋째 토요일 특근 08:30~17:00(희망자 선택가능)   처음 3개월 수습기간중에는 최저임금, 수습이후 개인 능력평가후 +200~500원이 추가됩니다.  국적 성별 나이 관계없이 누구나 어렵지 않게 근무하실 수 있습니다.  [주요업무] - 생산 라인에서 나온 플라스틱 제품 검수 - 제품을 박스에 포장 - 박스 무게 5~10kg 박스 처리 - 작업 공정의 효율성을 유지하기 위한 노력  * 실업급여수급자의 경우 실제 취업의사 없이 입사지원을 자제하여 주시기 바랍니다.  이천시내 통근차량 점심 식사제공 (OT시 저녁제공) 경강선 신둔도예촌역 2km 24번 버스 인후리정거장","서류,면접","고용24","이력서,자기소개서","","031-633-1567","평일 : (근무시간) (오전) 8시 30분 ~ (오후) 5시 30분, 주 5일 근무"
"박종근 농장","단순 직종 구인","(12445)  경기도 가평군 상면 청군로 834-60","12445 경기도 가평군 상면 청군로 834-60","시급10,320원 이상,","평일 : (근무시간) (오전) 8시 00분 ~ (오후) 6시 00분, 주 6일 근무","기간의 정함이 있는 근로계약11 개월/ 파견근로 비희망/ 대체인력채용 비희망","어업 관련 단순 종사원(905300)","어업","관계없음","학력무관","","26-08-03","26-10-02","","우렁이 사육","서류","팩스","이력서","","","평일 : (근무시간) (오전) 8시 00분 ~ (오후) 6시 00분, 주 6일 근무"
"늘기쁜주간보호센터","재가 요양보호사 구인 (양주 백석)","(11508)  경기도 양주시 백석읍 고릉말로46번길 12, 상세주소 면접시확인_주소임의기재 (휴먼시아)","11506 경기도 양주시 백석읍 부흥로 963","시급10,320원 이상,","평일 : (근무시간) (오전) 9시 00분 ~ (정오) 12시 00분, 주 5일 근무","기간의 정함이 없는 근로계약(시간(선택)제)/ 파견근로 비희망/ 대체인력채용 비희망","재가 요양보호사(550102)","공중 보건 의료업","관계없음","학력무관","","26-08-03","채용시까지  26-10-02","","- 5등급  할머니 (독거,80대, 휴먼시아) - 치매교육이수자 필수 - 09:00~12:00 (주5일근무) - 시급 13,000원 ( 기본시급 10320원+주휴수당등 제수당포함)  * 상세주소지 면접시 확인-임의주소기재","면접","기타(권명순 센터장 통화 010-8334-3545 , 031-878-3545 후 면접실시.)","이력서","","031-878-3545","평일 : (근무시간) (오전) 9시 00분 ~ (정오) 12시 00분, 주 5일 근무"
"기쁜동행재가복지센터","요양보호사 구인","(21435)  인천광역시 부평구 마장로25번길 19, . (십정동)","21311 인천광역시 부평구 평천로136번길 23-2, 인천광역시 부평구 평천로136번길 23-2 (청천동) (청천동)","시급10,320원 이상 ~ 10,320원 이하,","평일 : (근무시간) (오전) 9시 00분 ~ (정오) 12시 00분, 주 5일 근무","기간의 정함이 없는 근로계약(시간(선택)제)/ 파견근로 비희망/ 대체인력채용 비희망","재가 요양보호사(550102)","방문 복지서비스 제공업","관계없음","학력무관","","26-08-03","채용시까지  26-09-29","","**재가  요양보호사 구인** ▶대상:4등급 여자어르신 케어 시급 : 13,000 원 (각종 수당 포함) 주5일 오전 9시 ~ 12시","면접","고용24","이력서,기타(이력서 요양보호사 자격증  )","","032-504-3868","평일 : (근무시간) (오전) 9시 00분 ~ (정오) 12시 00분, 주 5일 근무"
"따스아리 재가요양복지센터","[구로1동]  재가요양보호사 모집","(08323)  서울특별시 구로구 구일로10길 49 (구로동, 다원그린빌)","08302 서울특별시 구로구 가마산로 268 (구로동, 대림역와이즈플레이스)","시급10,320원 이상 ~ 13,200원 이하,","평일 : (근무시간) (오후) 1시 00분 ~ (오후) 4시 00분, 주 6일 근무","기간의 정함이 없는 근로계약(시간(선택)제)/ 파견근로 비희망/ 대체인력채용 비희망","재가 요양보호사(550102)","노인 요양 복지시설 운영업","관계없음","학력무관","","26-07-31","채용시까지  26-09-30","","[구로1동] 다원그린빌  - 대상자: 3등급 할머니/ 거동가능, 딸과 거주(낮엔 혼자계심) - 직무내용: 신체지원, 정서지원, 가사지원 등 - 근로시간: 13:00~16:00 / 주6일 - 급여:  시급 10,320원 [포괄시급 13,200원] *교포 지원 가능  * 이용자의 상황에 따라 근로시간 외 추가시간이 있을 수 있음.","서류,면접","방문,기타(전화 010-9006-1316)","이력서","","","평일 : (근무시간) (오후) 1시 00분 ~ (오후) 4시 00분, 주 6일 근무"
"좋은사람들재가요양복지센타","가양7단지 4등급 남자 어르신 요양보호사님 구인합...","(07531)  서울특별시 강서구 허준로 209, 7단지아파트 (가양동, 가양주공영구임대아파트)","07766 서울특별시 강서구 월정로 142, 3층 304호 (화곡동)","시급10,320원 이상 ~ 10,320원 이하,","평일 : (근무시간) (오전) 9시 00분 ~ (정오) 12시 00분, 주 6일 근무","기간의 정함이 없는 근로계약(시간(선택)제)/ 파견근로 비희망/ 대체인력채용 비희망","재가 요양보호사(550102)","기타 사회서비스 관리 행정","관계없음","학력무관","","26-07-31","채용시까지  26-09-27","","모집직종: 요양보호사(1명) 직무내용: 4등급 70대 독거 남자어르신 식사준비, 가사도움, 청소 , 외출동행 요양보호사 업무 범위 내 근무지: 서울 강서구 허준로 가양7단지 아파트 근무시간: 08:00-11:00(주6일 18시간) 급여: 시급 10320원(제수당포함 13,500) 비고: 퇴직금, 상용직, 4대보험 지원방법: 전화, 면접","면접","방문,기타(전화)","이력서,기타(자격증 사본. 1년이내 건강검진)","","","평일 : (근무시간) (오전) 9시 00분 ~ (정오) 12시 00분, 주 6일 근무"
"드림재가복지센터","시흥초등학교 근처 5등급 여어르신 / 요양보호사 ...","(08625)  서울특별시 금천구 독산로25길 40-5, .. (시흥동)","01345 서울특별시 도봉구 방학로2길 35, 2층 전부 (방학동)","시급10,320원 이상 ~ 10,320원 이하,","평일 : (근무시간) (오후) 1시 00분 ~ (오후) 4시 00분, 주 5일 근무","기간의 정함이 없는 근로계약(시간(선택)제)/ 파견근로 비희망/ 대체인력채용 비희망","재가 요양보호사(550102)","방문 복지서비스 제공업","관계없음","학력무관","","26-07-31","26-09-30","","* 5등급 여어르신 * 근무장소 : 시흥초등학교 근처 * 근무시간 : 주5일 1시~4시 * 근무내용 : 말벗, 가사, 청소 등 일상생활 도움 * 시급10,320원 (주휴수당 등 포함 시 시급 13,100원)  * 치매교육이수증 필수","면접","방문","기타(요양보호사자격증, 건강검진확인서)","","","평일 : (근무시간) (오후) 1시 00분 ~ (오후) 4시 00분, 주 5일 근무"
"성재노인복지재가센터","[소사본동] 재가 요양보호사 채용","(14768)  경기도 부천시 소사구 소사로126번길 59-1, . (소사본동)","21091 인천광역시 계양구 계양대로 82 (작전동)","시급10,320원 이상,","평일 : (근무시간) (오후) 1시 00분 ~ (오후) 4시 00분, 주 5일 근무","기간의 정함이 없는 근로계약(시간(선택)제)/ 파견근로 비희망/ 대체인력채용 비희망","재가 요양보호사(550102)","노인 요양 복지시설 운영업","관계없음","학력무관","","26-07-31","26-09-30","","4등급, 여자어르신 재가요양업무 - 13,200원(제수당 포함)","서류,면접","방문","이력서","","","평일 : (근무시간) (오후) 1시 00분 ~ (오후) 4시 00분, 주 5일 근무"
"압구정방문요양재가센터","요양보호사 구인","(06005)  서울특별시 강남구 압구정로29길 69, . (압구정동, 현대아파트)","03009 서울특별시 종로구 평창문화로 87 (평창동)","시급10,320원 이상 ~ 10,320원 이하,","평일 : (근무시간) (오전) 10시 00분 ~ (오후) 2시 00분, 주 5일 근무","기간의 정함이 없는 근로계약(시간(선택)제)/ 파견근로 비희망/ 대체인력채용 비희망","요양보호사(550100)","노인 요양 복지시설 운영업","관계없음","학력무관","","26-07-31","채용시까지  26-09-14","","- 강남구 압구정로29길 69, 현대아파트 / 4등급 할머니 / 기본시급 10,320 (주휴 및 연차수당 등 포함 13,000원)","서류,면접","방문,우편,팩스,기타(전화 후 방문)","이력서,자기소개서","","","평일 : (근무시간) (오전) 10시 00분 ~ (오후) 2시 00분, 주 5일 근무"
"가정재가노인복지센터","(부평동) 재가요양보호사 구인","(21391)  인천광역시 부평구 부흥로334번길 61, 소재 (부평동)","21536 인천광역시 남동구 인주대로751번길 19, 1층 (구월동)","시급10,320원 이상,","평일 : (근무시간) (오전) 9시 00분 ~ (정오) 12시 00분, 주 5일 근무","기간의 정함이 없는 근로계약(시간(선택)제)/ 파견근로 희망/ 대체인력채용 비희망","재가 요양보호사(550102)","노인 요양 복지시설 운영업","관계없음","학력무관","","26-07-31","채용시까지  26-09-30","","-(부평동)진흥종합시장 4등급(남) -09~12시,주5일 -시급 제수당=>13,000원","면접,기타(전화)","방문,기타(전화)","이력서","","","평일 : (근무시간) (오전) 9시 00분 ~ (정오) 12시 00분, 주 5일 근무"
"우리재가방문요양센터","(연수동) 투석어르신 병원동행 요양보호사 채용","(21974)  인천광역시 연수구 원인재로 88 (동춘동, 대우삼환아파트)","21974 인천광역시 연수구 원인재로 88 (동춘동, 대우삼환아파트)","시급10,320원 이상,","평일 :  월,금 :  09:50~11:20+14:30~16:00 ▷신장 투석으로 나사렛병원 동행   화,목(토) : 09:00~12:00 가사지원, 주 4일 근무","기간의 정함이 없는 근로계약(시간(선택)제)/ 파견근로 비희망/ 대체인력채용 비희망","재가 요양보호사(550102)","사회복지 상담서비스 제공업","관계없음","학력무관","","26-07-31","26-09-30","","[연수동] 삼환아파트 80후반 여자어르신(신장투석) 재가  ▶ 032-719-3952(일자리센터)  - 주4일, 월,화,목,금 또는 월,화,금,토    월,금 :  09:50~11:20 + 14:30~16:00 ▷신장 투석으로 나사렛병원 동행   화,목(토) : 09:00~12:00 ▷가정케어  ▶차량소지 필수!!!( 주유비 50,000원 별도 지급) - 시급 : 13,200원(수당포함)","서류,면접","기타(통화후 면접약속 032-719-3952(일자리센터 안내))","이력서","","","평일 :  월,금 :  09:50~11:20+14:30~16:00 ▷신장 투석으로 나사렛병원 동행   화,목(토) : 09:00~12:00 가사지원, 주 4일 근무"
"해성재가노인복지센터","돌봄SOS 요양보호사 구인 [창동, 여어르신]","(01477)  서울특별시 도봉구 덕릉로54길 38-5 (창동)","01479 서울특별시 도봉구 덕릉로60길 96","시급10,320원 이상 ~ 10,320원 이하,","평일 : (근무시간) (오후) 2시 00분 ~ (오후) 5시 00분, 주 3일 근무","기간의 정함이 없는 근로계약(시간(선택)제)/ 파견근로 비희망/ 대체인력채용 비희망","재가 요양보호사(550102)","방문 복지서비스 제공업","관계없음","학력무관","","26-07-31","채용시까지  26-09-30","","[무등급 여어르신] 돌봄SOS -근무시간: 주3일 수, 목, 금 / 오후 14:00~17:00 (3시간 근무) -대상자 : 거동가능, 반려묘, 반려견 있음.  -기간 : 8/5~9/22 -업무: 가사서비스, 식사도움, 병원동행, 말벗   -근무지: 창동, 덕릉로 54길 38-5  -시급: 10,320원   전화문의 : 010-9152-6291","면접","방문","기타(요양보호사 자격증, 건강검진결과지 )","","","평일 : (근무시간) (오후) 2시 00분 ~ (오후) 5시 00분, 주 3일 근무"
"광명산업","플라스틱 제품 조립원 모집","(18578)  경기도 화성시 만세구 팔탄면 버들로1362번길 67-20, (화당리)","18578 경기도 화성시 만세구 팔탄면 버들로1362번길 67-20, (화당리)","시급10,320원 이상 ~ 10,320원 이하,","평일 : (근무시간) (오전) 8시 30분 ~ (오후) 5시 30분, 고정연장 1시간 있음 중식휴게시간 12시30분~13시30분 석식휴게시간 17시30분~18시00분, 주 5일 근무","기간의 정함이 없는 근로계약/ 파견근로 비희망/ 대체인력채용 비희망","플라스틱 금형 제조원(813102)","그 외 기타 전자부품 제조업","관계없음","학력무관","","26-07-31","채용시까지  26-09-28","","정수기, 프린터기 조립하는 조립원 모집 합니다. 조립팀, 검사팀 따로 있으니 자세한 사항은 문의 바랍니다","서류,면접","고용24","이력서","","","평일 : (근무시간) (오전) 8시 30분 ~ (오후) 5시 30분, 고정연장 1시간 있음 중식휴게시간 12시30분~13시30분 석식휴게시간 17시30분~18시00분, 주 5일 근무"
"둥지방문요양센터","[상봉동] 3등급(남자어르신) 오전/ 주5일 - ...","(02086)  서울특별시 중랑구 망우로55길 39, .","11672 경기도 의정부시 흥선로82번길 28, 1층 (가능동)","시급10,320원 이상 ~ 10,320원 이하,","평일 : (근무시간) (오전) 9시 00분 ~ (정오) 12시 00분, 주 5일 근무","기간의 정함이 없는 근로계약(시간(선택)제)/ 파견근로 비희망/ 대체인력채용 비희망","재가 요양보호사(550102)","방문 복지서비스 제공업","관계없음","학력무관","","26-07-31","채용시까지  26-09-30","","- 망우역인근 (3등급/남자어르신)  - 배우자님 도와 기저귀케어, 일반요양 업무 - 포괄임금 13,500원 - 09:00-12:00 (주5일)","면접","방문,기타(전화 후 방문 ( 010-2751-6677))","기타(요양보호사자격증(개인식별번호 삭제) 1년 이내 건강검진표 제출(채용시)  )","","","평일 : (근무시간) (오전) 9시 00분 ~ (정오) 12시 00분, 주 5일 근무"
"가가호호방문요양센터","호원동 방문요양보호사 모집","(11645)  경기도 의정부시 망월로13번길 13, .","11715 경기도 의정부시 평화로150번길 26 (호원동, 아이파크호원동)","시급10,320원 이상 ~ 10,320원 이하,","평일 : (근무시간) (오후) 2시 00분 ~ (오후) 5시 00분, 주 3일 근무","기간의 정함이 없는 근로계약(시간(선택)제)/ 파견근로 비희망/ 대체인력채용 비희망","재가 요양보호사(550102)","노인 요양 복지시설 운영업","관계없음","학력무관","","26-07-31","채용시까지  26-09-29","","호원동 방문요양보호사 모집   수급대상 : 4등급 여자 어르신 (식사, 청소, 말벗 등)  근무지역 :  의정부시 망월로 13번길 13(호원동, 신일파크빌) 근무시간 : 월, 수, 금 ( 오후 2시 ~ 오후 5시 ) 시     급  : 13,000원","기타(전화면접)","방문","기타(채용확정 후 요양보호사 자격증, 건강검진서 제출, 범죄경력조회서 제출(개인식별번호 삭제) )","","","평일 : (근무시간) (오후) 2시 00분 ~ (오후) 5시 00분, 주 3일 근무"
"가정재가장기요양기관","[김포 양촌] 4등급 여자어르신 재가요양보호사 채...","(10047)  경기도 김포시 양촌읍 삭시갈마로54번길 45","22777 인천광역시 서해구 원창로239번길 29-2, 101호 (가정동)","시급10,320원 이상,","평일 : (근무시간) (오전) 11시 00분 ~ (오후) 2시 00분, 주 6일 근무","기간의 정함이 있는 근로계약(시간(선택)제)12 개월/ 파견근로 비희망/ 대체인력채용 비희망","요양보호사(550100)","사회복지 상담서비스 제공업","관계없음","학력무관","","26-08-03","26-10-02","","-4등급 여자어르신 -11시~ 2시 또는 12~3시 시간조율 가능/ 주6일  -토요일 근무 가능하신 분  -10,320원 (시급+제수당 포함 13,300 -반려동물 없음","서류,면접","방문","기타(요양보호사자격증)","","032-226-0015","평일 : (근무시간) (오전) 11시 00분 ~ (오후) 2시 00분, 주 6일 근무"
"다비다재가복지센터","(인천 서구 LH13단지아파트) 5등급 남자어르신...","(23556)  인천광역시 검단구 서로3로 49, 1302동 (당하동, 인천검단 엘에이치 13단지)","21007 인천광역시 계양구 장제로 1285, 401gh (장기동)","시급10,320원 이상,","평일 : (근무시간) (오전) 9시 00분 ~ (정오) 12시 00분, 주 5일 근무","기간의 정함이 없는 근로계약(시간(선택)제)/ 파견근로 비희망/ 대체인력채용 비희망","노인 돌봄 종사원(550300)","노인 요양 복지시설 운영업","신입","학력무관","","26-08-03","채용시까지  26-10-02","","- 대상 :5등급 남자 독거 어르신  - 직무내용:일상생활지원서비스 - 근무시간 :오전: 09:00~12:00(3시간)  - 월~금 주 5회    - 어르신 좋으신 분입니다. - 치매이수 필수 - 마음 따뜻한 분 지원 부탁드려요^^ - 시급 (13,100)","면접","방문","이력서","","032-552-8004","평일 : (근무시간) (오전) 9시 00분 ~ (정오) 12시 00분, 주 5일 근무"
"엄마품방문요양센터","송도 재가 요양보호사 구인","(22018)  인천광역시 연수구 랜드마크로 110, . (송도동, 송도 오션파크 베르디움)","22233 인천광역시 미추홀구 매소홀로 559 (문학동)","시급10,320원 이상 ~ 10,320원 이하,","평일 : (근무시간) (오전) 9시 00분 ~ (정오) 12시 00분, 주 6일 근무","기간의 정함이 없는 근로계약(시간(선택)제)/ 파견근로 비희망/ 대체인력채용 비희망","재가 요양보호사(550102)","방문 복지서비스 제공업","관계없음","학력무관","","26-08-03","채용시까지  26-09-29","","1등급 남자 어르신 재가요양보호사 모집 배우자와 자녀와 함께 거주중 포괄시급 : 13,100원(기본 10,320원+각종수당포함) 근무일 : 주6일 09:00 ~ 12:00 요양보호사 자격증 필수 건강검진서 필수(채용시)","면접","고용24,기타(전화연락)","기타(요양보호사자격증+건강검진서(채용시))","","","평일 : (근무시간) (오전) 9시 00분 ~ (정오) 12시 00분, 주 6일 근무"
"삼성데이케어센터","재가 요양보호사 구인","(21125)  인천광역시 계양구 효서로 381, 203동 (작전동, 현대2차아파트)","21126 인천광역시 계양구 효서로 362, 삼성데이케어센터 (작전동)","시급10,320원 이상 ~ 10,320원 이하,","평일 : (근무시간) (오전) 10시 00분 ~ (오후) 1시 00분, 주 5일 근무","기간의 정함이 없는 근로계약(시간(선택)제)/ 파견근로 비희망/ 대체인력채용 비희망","재가 요양보호사(550102)","노인 양로 복지시설 운영업","관계없음","학력무관","","26-07-30","채용시까지  26-09-29","","[직무소개] 저희 기관에서는 4등급 여성 어르신을 돌보는 따뜻한 마음을 가진 노인 돌봄사를 모집하고 있습니다. 평일 오전 10시부터 오후 1시까지, 주 5일 동안 어르신의 일상생활을 지원하고 쾌적한 환경을 조성해 주는 데 참여하실 수 있습니다.  [주요업무] - 어르신의 이동 및 산책을 지원합니다. - 주변 청결 관리를 도와줍니다. - 목욕 및 식사를 도와줍니다. - 안전하고 편안한 환경 조성에 힘씁니다.","서류,면접","방문,고용24,이메일","이력서,기타(요양보호사)","","032-555-7200","평일 : (근무시간) (오전) 10시 00분 ~ (오후) 1시 00분, 주 5일 근무"
"참나눔재가복지센터","스프링카운티자이 요양보호사님을 모십니다.","(16995)  경기도 용인시 기흥구 동백죽전대로 333 (중동, 스프링카운티자이)","16971 경기도 용인시 기흥구 신구로54번길 4-1 (구갈동)","시급10,320원 이상 ~ 10,320원 이하,","평일 : (근무시간) (오전) 8시 30분 ~ (오전) 11시 30분, 주 6일 근무","기간의 정함이 없는 근로계약(시간(선택)제)/ 파견근로 비희망/ 대체인력채용 비희망","재가 요양보호사(550102)","방문 복지서비스 제공업","관계없음","학력무관","","26-07-30","채용시까지  26-09-29","","94세 4등급 남자어르신 혼자거동 혼자거주 가사 및 정서지원서비스  근무시간: 8시 30분 - 11시 30분 근무요일 : 월요일 - 토요일 임금(시간당) 10,320 + 주휴수당 + 연차수당 + 기타수당 = 13,300원  기타 자세한 사항은 전화주세요.","면접","방문,고용24","이력서","","031-693-7944","평일 : (근무시간) (오전) 8시 30분 ~ (오전) 11시 30분, 주 6일 근무"
"너른고을돌봄센터","문형동 요양선생님 구합니다.","(12774)  경기도 광주시 봉골길134번길 13-18 (문형동)","12821 경기도 광주시 신현로 65-22 (신현동, 현대모닝사이드1차 상가)","시급10,320원 이상 ~ 10,320원 이하,","평일 : (근무시간) (오전) 8시 30분 ~ (오전) 11시 30분, 주 6일 근무","기간의 정함이 없는 근로계약(시간(선택)제)/ 파견근로 비희망/ 대체인력채용 비희망","재가 요양보호사(550102)","노인 요양 복지시설 운영업","관계없음","학력무관","","26-07-31","채용시까지  26-09-29","","4등급 아버님이시고,  혼자 거주하십니다.  08:30 ~ 11:30시 까지 월~토 주 6일 근무입니다.   주휴수당 포함 13,100원 입니다","서류","고용24","기타(요양보호사 1급자격증 건강검진 (1년 이내))","","031-715-6680","평일 : (근무시간) (오전) 8시 30분 ~ (오전) 11시 30분, 주 6일 근무"
"공감재가복지센터","[개봉2동] 재가요양보호사 모집","(08347)  서울특별시 구로구 개봉로15길 18-19 (개봉동, 삼성비취빌Ⅰ)","08225 서울특별시 구로구 중앙로3길 12 (고척동, 서봉빌딩)","시급10,320원 이상 ~ 13,000원 이하,","평일 : (근무시간) (오후) 1시 30분 ~ (오후) 4시 30분, 주 5일 근무","기간의 정함이 없는 근로계약(시간(선택)제)/ 파견근로 비희망/ 대체인력채용 비희망","재가 요양보호사(550102)","방문 복지서비스 제공업","관계없음","학력무관","","26-07-31","채용시까지  26-09-30","","[개봉2동] 삼성비취빌  -대상자: 4등급 할머니/ 거동가능, 배우자 거주 -근무내용: 신체 및 가사활동지원 -근무시간: 13:30~16:30 / 주5일 -급여: 시급 10,320원[포괄 시급 13,000원] *교포 비희망","면접","방문,기타(전화 010-4703-5243)","이력서,기타(요양보호사 자격증, 건강검진 결과지)","","","평일 : (근무시간) (오후) 1시 30분 ~ (오후) 4시 30분, 주 5일 근무"
"나눔재가노인복지센터","요양보호사구인","(21445)  인천광역시 부평구 하정로16번길 12-8, . (십정동)","21027 인천광역시 계양구 계양산로193번길 16-1, 나눔재가노인복지센터","시급10,320원 이상 ~ 10,320원 이하,","평일 : (근무시간) (오전) 9시 00분 ~ (정오) 12시 00분, 주 5일 근무","기간의 정함이 없는 근로계약(시간(선택)제)/ 파견근로 비희망/ 대체인력채용 비희망","재가 요양보호사(550102)","그 외 기타 거주 복지시설 운영업","관계없음","학력무관","","26-07-31","채용시까지  26-09-30","","* 요양보호사의 통상업무    - 4등급 남자어르신으로 온순하심.      - 기본적 생리 처리는 스스로 하심.  * 시급 : 13,100원(법정 최저시급 10,320 + 각종수당 2,780)          ** 조정 가능","기타(*** 전화 통화로 의견 조율 후             - 면접진행       - 입사 결정시 입사관련 서류 제출)","고용24,기타(_  전화 등)","기타(*** 요양보호사1급 자격증 필수.        - 입사결정시 추후 관련서류 제출)","","","평일 : (근무시간) (오전) 9시 00분 ~ (정오) 12시 00분, 주 5일 근무"
"케어맘방문요양센터","[고척1동/고척초 인근] 재가요양보호사 모집","(08232)  서울특별시 구로구 경서로7가길 24 (고척동)","08225 서울특별시 구로구 중앙로3길 12, 비지팅엔젤스 구로개봉지점 (고척동, 서봉빌딩)","시급10,320원 이상 ~ 13,500원 이하,","평일 : (근무시간) (오전) 9시 00분 ~ (정오) 12시 00분, 주 5일 근무","기간의 정함이 있는 근로계약(시간(선택)제)12 개월/ 파견근로 비희망/ 대체인력채용 비희망","재가 요양보호사(550102)","노인 요양 복지시설 운영업","관계없음","학력무관","","26-07-31","채용시까지  26-09-30","","[고척1동/고척초 인근]  - 대상자: 3등급  할아버지 / 거동가능,화장실 이용하심  - 직무내용: 식사(반찬)도움, 신체지원, 가사 및 일상생활지원 등 - 근로시간 : 09:00~12:00 / 주5일 - 급여:  시급 10,320원[포괄시급 13,500원] * 교포 비희망","면접","방문,기타(전화 010-8662-5932)","이력서,기타(자격증)","","02-2613-8116","평일 : (근무시간) (오전) 9시 00분 ~ (정오) 12시 00분, 주 5일 근무"
"주식회사 메디컬케어","[관악구 양녕로] 4등급 할아버지, 주 5일, 1...","(08746)  서울특별시 관악구 양녕로6라길 29, 2층 (봉천동)","08748 서울특별시 관악구 봉천로 445, 3층 (봉천동)","시급10,320원 이상 ~ 10,320원 이하,","평일 : (근무시간) (오전) 11시 00분 ~ (오후) 2시 00분, 주 5일 근무","기간의 정함이 없는 근로계약/ 파견근로 비희망/ 대체인력채용 비희망","재가 요양보호사(550102)","방문 복지서비스 제공업","관계없음","학력무관","","26-07-31","채용시까지  26-09-30","","[관악구 양녕로] 4등급 할아버지 - 주 5일, 11:00~14:00(30분 정도 시간변경 가능) - 직무내용 : 일상생활지원 - 시급: 13,000원 (주휴수당 등 기타수당 포함)","면접,기타(전화)","방문","기타(요양보호사 자격증, 건강검진 확인서)","","02-877-8910","평일 : (근무시간) (오전) 11시 00분 ~ (오후) 2시 00분, 주 5일 근무"
"장성재가복지센터","인천 서해구 2등급 여자어르신 재가 요양보호사 모...","(22821)  인천광역시 서해구 고래울로24번길 16 (가좌동)","07960 서울특별시 양천구 목동중앙본로 35","시급10,320원 이상 ~ 10,320원 이하,","평일 : (근무시간) (오후) 2시 00분 ~ (오후) 5시 00분, 주 5일 근무","기간의 정함이 없는 근로계약(시간(선택)제)/ 파견근로 비희망/ 대체인력채용 비희망","그 외 사회복지 종사원(232904)","사회복지 상담서비스 제공업","관계없음","학력무관","","26-07-31","채용시까지  26-09-28","","1. 대상자 : 2등급 여자 어르신(부부 거주)  2.업무내용 : 주 업무는 어르신 걷기 운동 보조 지원 입니다                    가사지원  *직원채용후 사회보험 가입예정","면접","고용24,기타(채용 담당자 전화)","기타(급여통장 사본 / 요양보호사 자격증 사본)","","02-2645-3320","평일 : (근무시간) (오후) 2시 00분 ~ (오후) 5시 00분, 주 5일 근무"
"금빛사랑재가복지센터","마곡13단지] 재가요양보호사 구인","(07809)  서울특별시 강서구 마곡중앙1로 71 (마곡동, 마곡 13단지 힐스테이트 마스터)","08021 서울특별시 양천구 목동로11길 27, 102호 (신정동, 명성쉐르빌)","시급10,320원 이상,","평일 : (근무시간) (오전) 11시 00분 ~ (오후) 2시 00분, 주 6일 근무","기간의 정함이 없는 근로계약(시간(선택)제)/ 파견근로 비희망/ 대체인력채용 비희망","재가 요양보호사(550102)","공공관계 서비스업","관계없음","학력무관","","26-07-30","채용시까지  26-09-29","","- 마곡엠밸리13단지, 3등급 여자어르신(85세) - 가사 및 일상생활지원 등 - 11:00~14:00 주6일(30분~1시간 정도 근무시간 협의 가능) - 지원문의 02-2691-8006","면접","방문,기타(전화 후 방문)","기타(자격증사본, 건강검진 결과지)","","02-2691-8006","평일 : (근무시간) (오전) 11시 00분 ~ (오후) 2시 00분, 주 6일 근무"
"예은노인복지센터","재가요양보호사 구인","(21391)  인천광역시 부평구 시장로61번길 6 (부평동, 노블레스뷰)","21382 인천광역시 부평구 화랑북로 18-2 (산곡동)","시급10,320원 이상,","평일 : (근무시간) (오전) 10시 00분 ~ (오후) 1시 00분, 주 5일 근무","기간의 정함이 없는 근로계약(시간(선택)제)/ 파견근로 비희망/ 대체인력채용 비희망","재가 요양보호사(550102)","그 외 기타 비거주 복지 서비스업","관계없음","학력무관","","26-07-30","채용시까지  26-09-29","","- 부평깡시장 동부교회 건너 4등급남자어르신(독거) - 주5일 10:00~13:00 - 시급 13,000원(제수당포함) - 일상생활도움","면접","방문","기타(건강검진1년안 / 요양보호사 자격증)","","032-508-4351","평일 : (근무시간) (오전) 10시 00분 ~ (오후) 1시 00분, 주 5일 근무"
"미소효드림노인복지센터","재가요양보호사 구인(간석동)","(21511)  인천광역시 남동구 간석로 73-2 (간석동, 복성빌라)","21525 인천광역시 남동구 백범로 132 (만수동, 만수프라자)","시급10,320원 이상, 면접 후 재조정 가능","평일 : (근무시간) (오후) 1시 00분 ~ (오후) 4시 00분, 주 6일 근무","기간의 정함이 없는 근로계약(시간(선택)제)/ 파견근로 비희망/ 대체인력채용 비희망","재가 요양보호사(550102)","노인 요양 복지시설 운영업","관계없음","학력무관","","26-08-03","채용시까지  26-10-02","","*  3등급 91세 남자 어르신 케어, 거동가능/ 간석3동 행정복지센터 근처 - 월~토/ 13:00~16:00(주6일) /월23회 * 시급 13,500원(제수당 포함)","서류,면접","방문,기타(전화 후 방문)","이력서","","","평일 : (근무시간) (오후) 1시 00분 ~ (오후) 4시 00분, 주 6일 근무"
"나누리방문요양기관","재가요양보호사 구인","(21974)  인천광역시 연수구 원인재로 88, .. (동춘동, 대우삼환아파트)","21927 인천광역시 연수구 용담로 111 (연수동, 아시스타워)","시급10,320원 이상 ~ 10,320원 이하,","평일 : (근무시간) (오후) 3시 00분 ~ (오후) 6시 00분, 주 3일 근무","기간의 정함이 없는 근로계약(시간(선택)제)/ 파견근로 비희망/ 대체인력채용 비희망","재가 요양보호사(550102)","방문 복지서비스 제공업","관계없음","학력무관","","26-07-31","채용시까지  26-09-30","","- 3등급 할아버지(아드님과 거주) - 가사 지원,  일상생활 지원 등 - 근무시간 : 15~18시/ 주 3일(수,목,금) - 임금 : 시급 10,320원+제 수당=14,000원","면접","방문,기타(전화 후 방문)","기타(요양보호사 자격증)","","032-814-6777","평일 : (근무시간) (오후) 3시 00분 ~ (오후) 6시 00분, 주 3일 근무"
"백세재가복지센터","[청산면] 방문요양 요양보호사 구인","(11020)  경기도 연천군 청산면 긴여울길 103, 단독","11011 경기도 연천군 연천읍 샘골길 72-169, 백세재가복지센터","시급10,320원 이상 ~ 10,320원 이하,","평일 : (근무시간) (오전) 8시 00분 ~ (정오) 12시 00분, 주 6일 근무","기간의 정함이 없는 근로계약(시간(선택)제)/ 파견근로 비희망/ 대체인력채용 비희망","재가 요양보호사(550102)","노인 요양 복지시설 운영업","관계없음","학력무관","","26-07-31","채용시까지  26-09-30","","○ [청산면] 방문요양 요양보호사 구인 - 대상자: 2등급 남자어르신 / 꾸준하게 일해 주실 분 구합니다. - 직무내용: 신체활동지원, 정시지원, 인지활동지원, 가사, 일상생활지원 등 - 근무시간:  주6일, 08:00~12:00 (주24시간)  - 급여조건: 시급 10,320원(수당포함 시급13,000원 지급) - 필수사항: 요양보호사 자격증","서류,면접,기타(전화통화 후 면접)","방문,우편","이력서","","031-832-7617","평일 : (근무시간) (오전) 8시 00분 ~ (정오) 12시 00분, 주 6일 근무"
"마당재가노인복지센터","요양보호사 구인","(07527)  서울특별시 강서구 양천로57길 37 (가양동, 가양도시개발공사아파트4단지)","07525 서울특별시 강서구 허준로 121, 대림경동아파트상가301호","시급10,320원 이상 ~ 10,320원 이하,","평일 : (근무시간) (오후) 1시 00분 ~ (오후) 4시 00분, 주 5일 근무","기간의 정함이 없는 근로계약/ 파견근로 비희망/ 대체인력채용 비희망","재가 요양보호사(550102)","공중 보건 의료업","관계없음","학력무관","","26-07-31","채용시까지  26-09-30","","모집직종: 요양보호사(1명) 대상:86세 5등급 여자어르신 직무내용:병원동행, 인지지원활동, 일상생활지원, 거동원활함. 필수:요양보호사자격증,치매교육이수자 근무지: 양천로57길 37, 가양4단지 근무시간: 13시-16시(주5일,15시간) 급여: 시급 10,320원(제수당포함 13,300원) 비고: 상용직,4대보험,퇴직금 지원방법: 방문,전자우편,고용24","면접","방문,팩스,고용24,이메일,기타(전화)","기타(요양보호사 자격증, 치매교육이수증)","","02-3663-1930","평일 : (근무시간) (오후) 1시 00분 ~ (오후) 4시 00분, 주 5일 근무"
"행복드림복지센터","[광장동/4등급/여자/오전] 재가 요양보호사 채용","(04984)  서울특별시 광진구 아차산로 503-23, 광나루역 4번출구 인근 (광장동, 청구아파트)","05099 서울특별시 광진구 뚝섬로 618, 국제빌딩 2층 (자양동)","시급10,320원 이상 ~ 10,320원 이하,","평일 : (근무시간) (오전) 9시 00분 ~ (정오) 12시 00분, 주 5일 근무","기간의 정함이 있는 근로계약(시간(선택)제)12 개월/ 파견근로 비희망/ 대체인력채용 비희망","재가 요양보호사(550102)","방문 복지서비스 제공업","관계없음","학력무관","","26-07-31","채용시까지  26-09-30","","* 4등급 여자어르신(36년생) 케어/거동가능/독거 * 외출동행_지팡이사용/주1회 샤워도움 등 신체활동지원 * 점심식사 준비/청소, 세탁 등 일상생활지원","서류,면접","방문,기타(전화접수)","기타(자격증 사본)","","02-3425-1111","평일 : (근무시간) (오전) 9시 00분 ~ (정오) 12시 00분, 주 5일 근무"
"사단법인 장애인의 길벗","[종로인명장애인자립생활센터] 근로지원인 모집","(03164)  서울특별시 종로구 종로 69, 서울YWCA (종로2가)","04589 서울특별시 중구 다산로 172, 3층 (신당동, 제일정형외과)","시급10,320원 이상 ~ 10,320원 이하,","평일 : (근무시간) (오전) 9시 00분 ~ (오후) 6시 00분, 주 5일 근무","기간의 정함이 있는 근로계약6 개월/ 파견근로 비희망/ 대체인력채용 비희망","장애인 생활지도원(장애인활동보조원 포함)(232903)","그 외 기타 비거주 복지 서비스업","관계없음","학력무관","","26-07-30","채용시까지  26-09-29","","◈ 종로인명장애인자립생활센터  ▶ 근 무 내 용 : 종로인명장애인자립생활센터에서 근무하는 장애인 근로자의 사무 업무 보조, 이동 지원 등  ▶ 근 무 시 간 : 09:00-18:00 (일 8시간 , 주 40시간 / 휴게 60분 포함), 총 1명 모집 ▶ 근 무 장 소 : 서울시 종로구 종로 69, 서울 YMCA  ▶ 임         금 : 시급 10,320원 (2026년 최저 기본시급) ▶ 자 격 조 건 : 기본적인 한글, 엑셀 활용 가능자 우대, 성별 무관, 경력 무관, 인근 거주자 우대","서류,면접","이메일","이력서,자사이력서양식","","02-2135-9056","평일 : (근무시간) (오전) 9시 00분 ~ (오후) 6시 00분, 주 5일 근무"
"돌봄연구소행복한시니어케어센터","[과천 중앙동] 2등급 어르신케어 요양보호사 채용","(13805)  경기도 과천시 희망1길 11, . (중앙동)","13837 경기도 과천시 별양상가2로 20, 1층 7호 (별양동, 새서울쇼핑센터)","시급10,320원 이상 ~ 10,320원 이하,","평일 : - 근무시간 : 07:00~11:00 / 주 2회 07:00~15:00 (8시간) , 주 6일 근무","기간의 정함이 없는 근로계약/ 파견근로 비희망/ 대체인력채용 비희망","재가 요양보호사(550102)","사회복지 상담서비스 제공업","관계없음","학력무관","","26-07-30","채용시까지  26-09-29","","[과천 중앙동] 2등급 어르신케어 요양보호사 채용  - 2등급 할머니케어 / 인지양호 / 기저귀케어 / 휠체어이동  - 근무시간 : 07:00~11:00 / 주 2회 07:00~15:00 (8시간)  - 월급 : 월 급여 평균 약 200만원 (시급 10,320원+기타수당)   - 과천시 희망 1길 11소재","면접,기타(전화)","방문,고용24","기타(전화)","","","평일 : - 근무시간 : 07:00~11:00 / 주 2회 07:00~15:00 (8시간) , 주 6일 근무"
"조은재가방문요양센터","[운정] 물향기마을1단지 재가요양보호사 모집","(10873)  경기도 파주시 운정중앙로 200, 104동 (동패동, 물향기마을 1단지 아파트)","10865 경기도 파주시 해올1길 31, 324호 (다율동)","시급10,320원 이상 ~ 10,320원 이하,","평일 : (근무시간) (오전) 10시 00분 ~ (오후) 2시 30분 (근무시간 중 30분 휴게시간 있음), 주 5일 근무","기간의 정함이 없는 근로계약(시간(선택)제)/ 파견근로 비희망/ 대체인력채용 비희망","요양보호사(550100)","노인 요양 복지시설 운영업","관계없음","학력무관","","26-07-31","채용시까지  26-09-29","","2등급, 남자 어르신 중증수당 1일 6,000원  기저귀케어, 식사도움, 가사 및 일상생활지원","면접","방문,고용24","기타(요양보호사 자격증, 건강검진 결과지(최근 1년이내) (개인정보가림처리 필수))","","031-937-8998","평일 : (근무시간) (오전) 10시 00분 ~ (오후) 2시 30분 (근무시간 중 30분 휴게시간 있음), 주 5일 근무"
"'(A)비지팅엔젤스인천연수지점","4등급 여자어르신 케어할 요양사를 구인합니다.","(14600)  경기도 부천시 원미구 부흥로 150, 0000-000 (상동, 사랑마을)","22001 인천광역시 연수구 컨벤시아대로42번길 8, 102동212호 (송도동, 송도 코오롱 더 프라우 1단지)","시급10,320원 이상 ~ 10,320원 이하,","평일 : (근무시간) (오전) 11시 30분 ~ (오후) 2시 30분, 주 5일 근무","기간의 정함이 없는 근로계약(시간(선택)제)/ 파견근로 비희망/ 대체인력채용 비희망","재가 요양보호사(550102)","방문 복지서비스 제공업","관계없음","학력무관","","26-08-03","채용시까지  26-10-02","","-근무지 : 부천시 원미구 상동415 사랑마을아파트 -시  간 :  주5일 11:00~14:00 (3시간) /시간고정 -시  급 : 13,300(주휴,연차수당 포함)   *부부가 거주  *점심식사 및 정리정돈, 주1회 샤워도움","서류,면접","고용24","이력서","","032-832-2120","평일 : (근무시간) (오전) 11시 30분 ~ (오후) 2시 30분, 주 5일 근무"
"한나재가복지센터","곤지암 쌍용아파트 어르신(부부) 6시간 근무하실 ...","(12804)  경기도 광주시 곤지암로 120, . (쌍용아파트)","12743 경기도 광주시 통미로10번길 12-10, 2층 (송정동)","시급10,320원 이상 ~ 10,320원 이하,","평일 : 10:00~13:00, 13:30~16:30 , 주 6일 근무","기간의 정함이 없는 근로계약(시간(선택)제)/ 파견근로 비희망/ 대체인력채용 비희망","재가 요양보호사(550102)","노인 요양 복지시설 운영업","관계없음","학력무관","","26-08-03","채용시까지  26-10-02","","책임감 있고 상냥하신 요양보호사 선생님 모십니다.  * 위치 : 곤지암 쌍용아파트 * 대상자 : 남자어르신4등급  여자어르신3등급 부부 * 직   무 : 신체활동 및 일상생활 지원 가능,  식사준비 및 말벗 * 근   무 : 주 6일 (10:00~13:00, 13:30~16:30) 6시간근무 * 시   급 : 13,100원 (시급 + 주휴수당 및 기타수당) * 자   격 : 요양보호사 자격증   (실제 서비스 제공 기간에 따라 임금을 계산하여 지급하는 형태로,  근로자 및 상황에 따라 소정 근로 시간이나 임금 등에 차이가 있을 수 있음]","서류,면접","방문,고용24","이력서","","031-762-1988","평일 : 10:00~13:00, 13:30~16:30 , 주 6일 근무"
"부림소방","[부림소방] 소방업체 택배 포장 정규직 모집 (오...","(12246)  경기도 남양주시 경강로163번길 60-34 (이패동)","12246 경기도 남양주시 경강로163번길 60-34 (이패동)","시급10,500원 이상 ~ 10,500원 이하,","평일 : 오후 타임  - 근무 시간 : 12:00 ~ 17:00  - 휴게 시간 : 12:00 ~ 12:30 , 주 5일 근무","기간의 정함이 없는 근로계약/ 파견근로 비희망/ 대체인력채용 비희망","하역·적재 종사원(624501)","그 외 기타 종합 소매업","관계없음","학력무관","","26-07-31","채용시까지  26-09-29","","● 담당업무   ？ 상품 택배 포장   ？ 제품 입·출고 및 이동, 보관 관리   ？ 창고 정리 및 재고 관리  ● 지원자격   ？ 경력 무관 (신입 지원 가능)  ● 우대사항   ？ 관련 업무 경험자   ？ 장기근무 가능하신 분   ？ 성실하고 책임감 있게 근무하실 분  ● 근무안내   ？ 오후 파트타임 모집 (지원 전 근무시간을 반드시 확인해 주세요.)   ？ 근무지 : 남양주시 양정역(덕소삼패사거리) 인근   ？ 서울 강변역(테크노마트)에서 강변북로 이용 시 약 15분 거리   ？ 토·일요일 및 공휴일 휴무   ？ 야근 없음   ？ 복리후생   ？ 주휴수당 지급   ？ 월차 지급  ● 참고사항   ？ 남양주고용센터 채용대행 기업입니다.   ？ 실업급여 수급만을 위한 형식적인 지원은 자제 부탁드립니다.   ？ 지원을 희망하시는 분은 고용24를 통해 입사지원해 주시기 바랍니다.  ★ 성실하고 책임감 있게 함께 오래 근무하실 분들의 많은 지원 바랍니다. ★","서류,면접","방문,고용24,이메일","이력서,자기소개서","남양주고용센터","031-560-1964","평일 : 오후 타임  - 근무 시간 : 12:00 ~ 17:00  - 휴게 시간 : 12:00 ~ 12:30 , 주 5일 근무"
"행복재가노인복지센터","[ 이패동 ] 3등급 독거할머님 재가요양보호사 구...","(12246)  경기도 남양주시 양정로219번길 91, . (이패동)","05822 서울특별시 송파구 송이로23길 46-33 (가락동, 유성빌라)","시급10,320원 이상,","평일 : (근무시간) (오전) 9시 00분 ~ (정오) 12시 00분, 주 6일 근무","기간의 정함이 없는 근로계약(시간(선택)제)/ 파견근로 비희망/ 대체인력채용 비희망","재가 요양보호사(550102)","노인 요양 복지시설 운영업","관계없음","학력무관","","26-07-31","채용시까지  26-09-30","","- 3등급 독거할머님 일상생활지원 도움, 기저귀x - 자차필수, 교통비지원 - 09~12시, 주6일 - 시급 13,500원 (10,320원+연차,주휴 수당 포함) - 담당자: 010-9395-8274","면접","방문,기타(전화통화(010-9395-8274))","기타(요양보호사 자격증)","","02-403-1203","평일 : (근무시간) (오전) 9시 00분 ~ (정오) 12시 00분, 주 6일 근무"
"강남장손복지센터","서초동) 오전 요양보호사 구인- 남부터미널역","(06718)  서울특별시 서초구 서초중앙로 15, . (서초동, 현대슈퍼빌)","06339 서울특별시 강남구 개포로 648, 201호 (일원동, 동형빌딩)","시급10,320원 이상 ~ 10,320원 이하,","평일 : (근무시간) (오전) 9시 00분 ~ (정오) 12시 00분, 주 5일 근무","기간의 정함이 없는 근로계약/ 파견근로 비희망/ 대체인력채용 비희망","재가 요양보호사(550102)","방문 복지서비스 제공업","관계없음","학력무관","","26-07-31","26-09-30","","서초동) 오전 요양보호사 구인 -위치: 서초구 서초동 1446-11 현대슈퍼빌(3호선 남부터미널역 바로 인근) -대상: 여성 4등급 80대 노환 -업무: 거동가능, 식사준비, 목욕도움, 일상생활지원  -비용: 월-금/ 9:00-12:00 / 시급 13,500원 (주휴수당, 연차수당 등 포함) -문의: 강남장손복지센터 02-459-9988","면접","고용24,기타(전화지원 02-459-9988)","기타(요양보호사자격증, 건강검진결과지)","","02-459-9988","평일 : (근무시간) (오전) 9시 00분 ~ (정오) 12시 00분, 주 5일 근무"
"농업회사법인주식회사영양F&S","식품회사 생산직 생산가공 직원을 모집합니다","(17304)  경기도 이천시 신둔면 경충대로3233번길 203-11","17304 경기도 이천시 신둔면 경충대로3233번길 203-11","시급10,320원 이상 ~ 10,320원 이하,","평일 : (근무시간) (오전) 9시 00분 ~ (오후) 6시 00분, 주 5일 근무","기간의 정함이 없는 근로계약/ 파견근로 비희망/ 대체인력채용 비희망","기타 제조 관련 단순 종사원(890000)","그 외 기타 식료품 제조업","관계없음","학력무관","","26-07-30","채용시까지  26-09-29","","▶ 경기도 이천 소재 -> 고춧가루 / 볶음참깨 / 참기름 / 들기름 제조회사  - 생산가공 및 포장","서류,면접","팩스,고용24","이력서","","031-637-0088","평일 : (근무시간) (오전) 9시 00분 ~ (오후) 6시 00분, 주 5일 근무"
"가구마다 재가요양센터","재가 요양보호사 구인 (38년생 4등급 여자 어르...","(15015)  경기도 시흥시 옥터로36번길 7, (정왕동 1994-5) (정왕동)","07278 서울특별시 영등포구 영등포로 26 (양평동2가)","시급10,320원 이상,","평일 : (근무시간) (오전) 9시 00분 ~ (정오) 12시 00분, 주 6일 근무","기간의 정함이 없는 근로계약(시간(선택)제)/ 파견근로 비희망/ 대체인력채용 비희망","재가 요양보호사(550102)","노인 양로 복지시설 운영업","관계없음","학력무관","","26-08-03","채용시까지  26-10-02","","-88세 독거여자 어르신 - 식사 준비, 청소, 세탁 등 일상생활 지원 -주1회 이동목욕 차량 서비스 받으심 -주 6일, 9시00분~12시00분 (서비스 시간 외에 추가로 3시간 가능한분 15:00~18:00)    (오전,오후 한꺼번에 하실 분  희망) - 시급 13,500(주휴수당 등 포함)  -일 교통비 5000원 추가 지급  ※ 실제 서비스 제공기간에 따라 임금을 계산하여 지급하는 형태로 채용 시 근로자 마다 주 소정근로시간이나 임금, 근무(예정)지 등에 차이가 있을 수 있음.","서류,면접,기타(통화 후 지원)","방문,팩스,고용24,기타(전화, SNS문자)","기타(요양보호사자격증)","","02-3667-3683","평일 : (근무시간) (오전) 9시 00분 ~ (정오) 12시 00분, 주 6일 근무"
"조은케어","[건업리] 4등급 할머니 재가요양보호사 모십니다","(12720)  경기도 광주시 곤지암읍 건업길 78-11","12721 경기도 광주시 곤지암읍 신만로 509","시급10,320원 이상 ~ 10,320원 이하,","평일 : (근무시간) (오전) 9시 00분 ~ (정오) 12시 00분, 주 5일 근무","기간의 정함이 없는 근로계약/ 파견근로 비희망/ 대체인력채용 비희망","요양보호사(550100)","방문 복지서비스 제공업","관계없음","학력무관","","26-07-31","26-09-30","","<(건업리) 재가요양보호사를 모십니다> - 4등급 할머니, 독거 - 식사도움 및 정서지원, 일상가사지원, 신체활동지원 - 시급 10,320원 +주휴수당+연차수당+기타수당 = 13,100 - 거리에 따른 교통비 지급   ※근로계약기간의 정함이 없는 근로자를 채용하는 것이라 하더라도 실제 서비스 제공기간에 따라  임금을 계산하여 지급하는 형태로 채용 시 근로자마다 주 소정근로시간이나 임금, 근무(예정)지 등에 차이가 있을 수 있습니다.","면접","방문,기타(헨드폰 010-2220-0985)","이력서,기타(요양보호사 자격증)","","","평일 : (근무시간) (오전) 9시 00분 ~ (정오) 12시 00분, 주 5일 근무"
"주식회사 송하디앤씨","깨끗하고 쾌적한 환경을 만들어주는 숙박시설 청소원...","(23211)  인천광역시 영종구 신도시남로150번길 18, 종된사업장: 인천시 중구 운서동 2805-2 (운서동)","23211 인천광역시 영종구 신도시남로150번길 18, 종된사업장: 인천시 중구 운서동 2805-2 (운서동)","시급10,320원 이상 ~ 10,320원 이하,","평일 : (오전) 10시 00분~(오후) 5시 00분, 주 4일 근무","기간의 정함이 없는 근로계약(시간(선택)제)/ 파견근로 비희망/ 대체인력채용 비희망","호텔·콘도·숙박시설 청소원(룸메이드,하우스키퍼)(561102)","호텔업","신입","학력무관","","26-07-31","채용시까지  26-09-24","","[모집직무] 호텔·콘도·숙박시설 청소원(룸메이드,하우스키퍼), 숙박시설 서비스 종사원, 건물 청소원  [직무소개] 우리 호텔은 고객에게 최고의 숙박 경험을 선사하는 데 최선을 다하고 있습니다.  본 직무는 방문객에게 편안하고 쾌적한 숙소를 제공하기 위해 객실과 화장실 청소를 담당합니다.  [주요업무] - 객실 청소 및 정리 - 화장실 청소 및 위생 관리 - 공공 공간 청소 및 유지 - 청소 용품 관리 및 보관 - 우선 안전 및 위생 절차 준수","면접","방문","이력서","","032-746-4417","평일 : (오전) 10시 00분~(오후) 5시 00분, 주 4일 근무"
"현정재가복지센터","연희동 우공팰리스/4등급 /여자어르신(39년생)/...","(03706)  서울특별시 서대문구 성산로7안길 12, 우공팰리스아파트 (연희동, 우공팰리스아파트)","07587 서울특별시 강서구 공항대로41길 66, 206호","시급10,320원 이상 ~ 10,320원 이하,","평일 :  13시~16시   * 주6회 (시간협의 가능), 주 6일 근무","기간의 정함이 없는 근로계약(시간(선택)제)/ 파견근로 비희망/ 대체인력채용 비희망","재가 요양보호사(550102)","사회복지 상담서비스 제공업","관계없음","학력무관","","26-07-31","채용시까지  26-09-29","","ㅇ근무지: 서울시 서대문구 성산로 7안길 12 ㅇ모집직종: 요양보호사 1명 ㅇ근무내용: 가사지원, 병원동행 ㅇ근무시간: 13시~16시(시간협의 가능)  * 주6회 ㅇ시      급: 13,000원 (기본 10,320원+ 주휴 등 기타수당 포함) ㅇ필수: 요양보호사 자격증, 알반건강검진 결과지","면접","방문","기타(건강검진 결과, 자격증 사본)","","02-6091-4911","평일 :  13시~16시   * 주6회 (시간협의 가능), 주 6일 근무"
"꿈누리재가센터","재가요양보호사 구인","(15886)  경기도 군포시 대야2로67번길 10, . (대야미동, 전원빌라)","14006 경기도 안양시 만안구 안양로 343, 304호 (안양동)","시급10,320원 이상 ~ 13,000원 이하,","평일 : (근무시간) (오전) 9시 00분 ~ (정오) 12시 00분, 주 5일 근무","기간의 정함이 없는 근로계약(시간(선택)제)/ 파견근로 비희망/ 대체인력채용 비희망","요양보호사(550100)","노인 요양 복지시설 운영업","관계없음","학력무관","","26-08-03","26-10-02","","- 4등급 여자어르신(70대초반) 일상생활지원 - 인지양호하시고 거동가능함 - 신체활동지원, 일상생활지원, 말벗, 개인외출(산책)도움 - 시급 13,000(주휴.연차.기타수당포함)","면접","방문,기타(채용담당자(010-7128-1652)와 통화)","이력서","","","평일 : (근무시간) (오전) 9시 00분 ~ (정오) 12시 00분, 주 5일 근무"
"가온 재가방문요양센터","요양보호사 구인","(12563)  경기도 양평군 샘뜰길 73-1, 301호 (샘뜰빌라)","12624 경기도 여주시 여흥로 72","시급10,320원 이상 ~ 10,320원 이하,","평일 : (근무시간) (오전) 9시 00분 ~ (정오) 12시 00분, 주 6일 근무","기간의 정함이 없는 근로계약(시간(선택)제)/ 파견근로 비희망/ 대체인력채용 비희망","재가 요양보호사(550102)","방문 복지서비스 제공업","관계없음","학력무관","","26-08-03","채용시까지  26-10-02","","요양보호사님을 구인합니다.  3등급 여자어르신 근무지 : 양평군 양평읍 샘뜰길  근무시간 : 09시~12시 시급 : 수당 포함 13,000원 주6일근무 식사준비, 약복용도움,일상생활도움    전화주시고 센터로 방문해주세요~","면접","고용24,기타(연락주시고 방문해주세요~)","기타(요양보호사 자격증, 채용건강검진 )","","031-885-3859","평일 : (근무시간) (오전) 9시 00분 ~ (정오) 12시 00분, 주 6일 근무"
"일산예사랑복지센터","하늘마을3단지 / 3등급 남자어르신","(10311)  경기도 고양시 일산동구 하늘마을1로 105 (중산동, 하늘마을3단지아파트)","10311 경기도 고양시 일산동구 하늘마을1로 2, 403호 (중산동, 풍산프라자)","시급10,320원 이상, 면접 후 재조정 가능","평일 : (근무시간) (오전) 9시 00분 ~ (정오) 12시 00분, 주 5일 근무","기간의 정함이 없는 근로계약(시간(선택)제)/ 파견근로 비희망/ 대체인력채용 비희망","요양보호사(노인요양사)(550101)","사회복지 상담서비스 제공업","관계없음","학력무관","","26-07-31","채용시까지  26-09-29","","3등급 남자어르신 / 고양시 중산동 하늘마을 3단지 시급 10,320 + 주휴수당 및 기타 수당 포함시 = 13,100원 월 ~ 금)  오전 9시~12시  신체활동/ 가사, 일상생활/ 산책, 외출과 병원동행등  차량 이동 가능자","서류,면접","방문,팩스,고용24,이메일","이력서","","031-977-3221","평일 : (근무시간) (오전) 9시 00분 ~ (정오) 12시 00분, 주 5일 근무"
"지원복지센터","재가 요양 보호사 구인","(12068)  경기도 남양주시 해밀예당3로 37, 1714동 (휴먼시아17단지아파트)","12009 경기도 남양주시 진접읍 금강로 1509-10","시급10,320원 이상 ~ 10,320원 이하,","평일 : (근무시간) (오후) 1시 00분 ~ (오후) 4시 00분, 주 6일 근무","기간의 정함이 없는 근로계약(시간(선택)제)/ 파견근로 비희망/ 대체인력채용 비희망","재가 요양보호사(550102)","사회복지 상담서비스 제공업","경력","학력무관","","26-08-03","채용시까지  26-09-29","","3등급 남자 어르신  가사 및 일상생활 지원, 정서지원","면접","기타(전화상담)","기타(요양 보호사 자격증, 건강 검진,)","","","평일 : (근무시간) (오후) 1시 00분 ~ (오후) 4시 00분, 주 6일 근무"
"대화재가복지센터","중산동 / 요양보호사 선생님을 모십니다","(10319)  경기도 고양시 일산동구 성석로 54 (중산동, 중산동 삼성캐슬)","10391 경기도 고양시 일산서구 킨텍스로 240 (대화동, 킨텍스꿈에그린)","시급10,320원 이상,","평일 : (근무시간) (오후) 2시 00분 ~ (오후) 5시 00분, 주 5일 근무","기간의 정함이 없는 근로계약/ 파견근로 비희망/ 대체인력채용 비희망","재가 요양보호사(550102)","노인 요양 복지시설 운영업","관계없음","학력무관","","26-07-31","채용시까지  26-09-29","","4등급(여),주 5회, 월,금 14:00~17:00, 수14:00~18:00, 화,목 11:30~14:30 요양서비스 일반, 포괄시급 13,400원","면접","팩스,고용24,이메일","이력서","","031-914-5436","평일 : (근무시간) (오후) 2시 00분 ~ (오후) 5시 00분, 주 5일 근무"
"실로암재가복지센터","5등급 여자어르신 요양보호사 선생님을 모십니다 (...","(15255)  경기도 안산시 단원구 사세충열로 59, 현대렉스빌","15251 경기도 안산시 단원구 화정천동로 428","시급10,320원 이상 ~ 10,320원 이하,","평일 : (근무시간) (오전) 9시 00분 ~ (정오) 12시 00분, 주 3일 근무","기간의 정함이 없는 근로계약/ 파견근로 비희망/ 대체인력채용 비희망","재가 요양보호사(550102)","노인 요양 복지시설 운영업","신입","학력무관","","26-08-03","채용시까지  26-10-02","","모집직종 : 요양보호사 1명  업무내용 : 5등급 여자 어르신                 스스로 거동 가능하시고 혼자 지내고 계심  근무지 : 단원구 와동  근무시간 : 월, 수, 금  오전 09:00 ~ 12:00  급여 : 시급 10,320+제수당 = 14,000원  *치매교육이수 하신분들만 가능합니다","서류,면접","방문,팩스,고용24","이력서,기타(요양보호사 자격증 치매교육이수증)","","031-483-8047","평일 : (근무시간) (오전) 9시 00분 ~ (정오) 12시 00분, 주 3일 근무"
"소금재가복지센터","마전동 3등급어르신 요양보호사 구인","(23411)  인천광역시 검단구 검단로487번길 42, ... (마전동, 서해아파트)","21453 인천광역시 부평구 백범로488번길 20 (십정동)","시급10,320원 이상 ~ 10,320원 이하,","평일 : (근무시간) (오전) 9시 00분 ~ (정오) 12시 00분, 주 6일 근무","기간의 정함이 없는 근로계약(시간(선택)제)/ 파견근로 비희망/ 대체인력채용 비희망","재가 요양보호사(550102)","사회복지 상담서비스 제공업","관계없음","학력무관","","26-08-03","채용시까지  26-10-02","","- 마전동 3등급 할머니 - 9시~12시, 주6일 - 신체활동, 일상생활 도움 등 - 시급13,200원(제수당 포함)","면접","방문,기타(전화 후 면접)","기타(건강검진결과표(1년이내), 요양보호사 자격증)","","032-277-1902","평일 : (근무시간) (오전) 9시 00분 ~ (정오) 12시 00분, 주 6일 근무"
"(A)정원재가복지센터","보정동 연원마을 3등급 할머니 오전 재가","(16908)  경기도 용인시 기흥구 용구대로 2442-2, 00 (보정동, 연원마을 금호베스트빌)","01661 서울특별시 노원구 상계로 193-14 (상계동, 대림쇼핑센터)","시급10,320원 이상 ~ 10,320원 이하,","평일 : (근무시간) (오전) 9시 00분 ~ (정오) 12시 00분, 주 6일 근무","기간의 정함이 없는 근로계약(시간(선택)제)/ 파견근로 비희망/ 대체인력채용 비희망","재가 요양보호사(550102)","방문 복지서비스 제공업","관계없음","학력무관","","26-08-03","채용시까지  26-10-02","","* 기흥구 연원마을 금호베스트빌 - 구성역 (수인분당)  - 3등급, 할머니 케어 (독거) - 식사, 수급자방 정리정돈, 병원동행 등 - 주 6일 (월~토)  9시~12시 (3시간) 또는 8시30분~11시30분(시간조정가능) - ( 포괄시급 13,500원, 주휴 및 기타수당포함 ) - 시급 10,320원","서류,면접","방문","기타(요양보호사 자격증  건강검진 결과지(26년 07월 이후 검진자))","","","평일 : (근무시간) (오전) 9시 00분 ~ (정오) 12시 00분, 주 6일 근무"
"나래재가복지센터","[서울역/4등급/남]재가요양보호사 채용","(04325)  서울특별시 용산구 한강대로104마길 30","21535 인천광역시 남동구 복개동로56번길 34, 1층 (만수동)","시급10,320원 이상, 면접 후 재조정 가능","평일 : (근무시간) (오후) 2시 00분 ~ (오후) 5시 00분, 주 5일 근무","기간의 정함이 없는 근로계약(시간(선택)제)/ 파견근로 비희망/ 대체인력채용 희망","재가 요양보호사(550102)","노인 요양 복지시설 운영업","관계없음","학력무관","","26-07-31","채용시까지  26-09-30","","4등급 남자 어르신 케어 - 말벗, 청소 지원 - 오후2시 이후부터 가능함. - 수당포함시급 13,000원","서류,면접","방문,기타(담당자(010-8254-0588) 문의 후 지원)","이력서","","","평일 : (근무시간) (오후) 2시 00분 ~ (오후) 5시 00분, 주 5일 근무"
"빵과당신(송탄점)","베이커리카페(송탄점)  매장직원 모집공고","(17739)  경기도 평택시 추담로 39 (이충동 151-2, 151-7))","17739 경기도 평택시 추담로 39 (이충동 151-2, 151-7))","시급10,320원 이상 ~ 10,320원 이하,","평일 : &lt;송탄점&gt; 1.주중 + 주말 오후타임    15:00 ~ 21:00 (휴계시간 30분)    *주말포함    *월 8회 휴무, 주 5일 근무","기간의 정함이 없는 근로계약/ 파견근로 비희망/ 대체인력채용 비희망","음식료품 판매원(615210)","제과점업","관계없음","학력무관","","26-08-03","채용시까지  26-10-02","","-베이커리카페 매장 판매 및 포장-  근무지: 경기도 평택시 추담로 39(이충동)  *주요업무: 매장 판매 및 계산, 포장 업무입니다.  &lt;송탄점&gt; 1.주중 + 주말 오후타임    15:00 ~ 21:00 (휴계시간 30분)    *주말포함    *월 8회 휴무   -경력자 우대해드립니다. -평택 거주자 및 출퇴근 가능자 우대합니다. -경력이 없는 신입도 지원 가능합니다. -성실하게 배우면서 일하실 분 모집합니다.","서류,면접","고용24","이력서,자기소개서","","031-651-4317","평일 : &lt;송탄점&gt; 1.주중 + 주말 오후타임    15:00 ~ 21:00 (휴계시간 30분)    *주말포함    *월 8회 휴무, 주 5일 근무"
"대한실버재가복지센터","재가 요양보호사 구인","(14560)  경기도 부천시 원미구 원미로 202, 춘의주공아파트 (춘의동, 대한주택공사아파트)","21415 인천광역시 부평구 경인로1059번길 7 (부개동)","시급10,320원 이상,","평일 : (근무시간) (오전) 9시 00분 ~ (오후) 3시 00분, 주 2일 근무","기간의 정함이 없는 근로계약(시간(선택)제)/ 파견근로 비희망/ 대체인력채용 비희망","재가 요양보호사(550102)","방문 복지서비스 제공업","관계없음","학력무관","","26-08-03","채용시까지  26-10-02","","* 대상자:1등급 할머니 케어 - 가사 및 일상생활지원 - 수당포함시급: 14,000원(중증수당 별도지급, 일 6천원)  - 주2일(월,수 또는 수,목)","서류,면접","방문","기타(이력서,요양보호사자격증사본)","","032-214-0307","평일 : (근무시간) (오전) 9시 00분 ~ (오후) 3시 00분, 주 2일 근무"
"（주）이마트","[일자리수요데이-동부굿잡]  / [이마트 에브리데...","(05502)  서울특별시 송파구 올림픽로 145, 리센츠 상가 지하1층 (잠실동)","04511 서울특별시 중구 세종대로7길 37 (순화동)","시급10,320원 이상 ~ 10,320원 이하,","평일 :     오전조 : 09:00 ~ 15:00 ( 휴게 시간 12:00 ~ 12:30 포함 )    중간조 : 12:00 ~ 18:00 ( 휴게 시간 15:00 ~ 15:30 포함 )        or    : 14:00 ~ 20:00 ( 휴게 시간 17:00 ~ 17:30 포함 )      저녁조 : 17:00 ~ 23:00 ( 휴게 시간 20:00 ~ 20:30 포함 )    , 주 6일 근무","기간의 정함이 없는 근로계약(시간(선택)제)/ 파견근로 비희망/ 대체인력채용 비희망","상품 진열원(617902)","대형 마트","관계없음","학력무관","","26-07-31","채용시까지  26-09-29","","*** 채용행사건으로  지원전 반드시!!  담당자에게 연락바랍니다!!*** ====================================================         [일자리수요데이 현장면접 진행]    - 일시: 2026년 8월14일(금)  오후 2시~4시    - 장소 : 서울동부고용센터 5층 취업지원팀      (서울 송파구 중대로 135 IT벤처타워 동관 5층)     - 면접, 입사지원 희망하는 경우  반드시!!  담당자 02-2142-8581로 연락바랍니다.  ====================================================   [ 이마트에브리데이] 신규점(잠실리센츠점) 및 서울 동부 / 성남 권역 PT 사원 모집 ( 무기계약직 ) ]  ■ 신규 오픈점 ( 잠실리센츠점 ( 9월 초 오픈 예정 ) ) . 6명 구인    - 오픈 일자 : 26년 9월 초 오픈 예정 ( 일자 미정 )  - 신규 점포 주소 :  서울 송파구 잠실동 22-6 리센츠상가 지하1층     ※ 입사 확정 시 인근 점포 근무 후 신규 점포 배정 예정   ◎ 채용 교육&근무 점포  - 이마트에브리데이 송파점 ( 서울 송파구 송파대로 345 1블록 A동 지하1층 )  - 이마트에브리데이 둔촌포레점 ( 서울 강동구 양재대로 1300 )  - 이마트에브리데이 대치은마점 ( 서울 강남구 삼성로 212-2 )  - 이마트에브리데이 개포점 ( 서울 강남구 개포로 623 대청타워 )  - 이마트에브리데이 개포자이점 ( 서울 강남구 영동대로3길 17 )  ■ 서울 동부 / 성남 권역 PT 사원 모집   -  이마트에브리데이 둔촌포레온점 : 3명 구인      주소 : 서울 강동구 양재대로 1300    -  이마트에브리데이 송파점 : 1명 구인      주소 : 서울특별시 송파구 가락동 913 1블록 A동 지하1층    -  이마트에브리데이 이매동점 : 1명 구인      주소 : 경기 성남시 분당구 양현로94번길 29 이매촌청구아파트    -  이마트에브리데이 분당정자점 : 3명 구인      주소 :  경기 성남시 분당구 정자일로 242    -  이마트에브리데이 서판교점 : 1명 구인      주소 : 경기 성남시 분당구 판교공원로5길 20    -  이마트에브리데이 분당구미점 : 1명 구인      주소 : 경기 성남시 분당구 미금로 48 지하 1층   [ 공통 업무 ]   - 캐셔 / 상품 진열 / 온라인 피패킹 / 재고 관리 / 고객 응대  [ 근무 시간 ]   - 주 6일, 하루 5시간 30분, 휴게 30분 ( 주33시간 ) 스케쥴 근무   - 상세 시간      오전조 : 09:00 ~ 15:00 ( 휴게 시간 12:00 ~ 12:30 포함 )     중간조 : 12:00 ~ 18:00 ( 휴게 시간 15:00 ~ 15:30 포함 )        or    : 14:00 ~ 20:00 ( 휴게 시간 17:00 ~ 17:30 포함 )      저녁조 : 17:00 ~ 23:00 ( 휴게 시간 20:00 ~ 20:30 포함 )     ※ 상황에 따라 출근 및 휴게시간 상이","서류,면접","고용24,자사채용사이트(https://job.shinsegae.com/)","이력서,자기소개서","서울동부고용센터","02-2142-8581","평일 :     오전조 : 09:00 ~ 15:00 ( 휴게 시간 12:00 ~ 12:30 포함 )    중간조 : 12:00 ~ 18:00 ( 휴게 시간 15:00 ~ 15:30 포함 )        or    : 14:00 ~ 20:00 ( 휴게 시간 17:00 ~ 17:30 포함 )      저녁조 : 17:00 ~ 23:00 ( 휴게 시간 20:00 ~ 20:30 포함 )    , 주 6일 근무"
"아들래노인주간보호센터","재가선생님모셔요","(11706)  경기도 의정부시 평화로322번길 37, 501동 (호원동, 한주4차아파트)","11730 경기도 의정부시 경의로 196, 아들래노인주간보호센터 (신곡동)","시급10,320원 이상,","평일 : (근무시간) (오전) 8시 00분 ~ (오전) 10시 00분, 주 1일 근무","기간의 정함이 없는 근로계약(시간(선택)제)/ 파견근로 비희망/ 대체인력채용 비희망","재가 요양보호사(550102)","노인 요양 복지시설 운영업","관계없음","학력무관","","26-07-31","채용시까지  26-09-29","","3등급. 87세 여자어르신 시급 :17550원 식사 및 청소도움 장소 : 의정부시 평화로 322번길 37 근무시간 : 주1회 (일요일)2시간씩.  근무시간 오전 8시-10시 *교회 가시기 전 준비와 청소","면접","방문","이력서,기타(요양보호사자격증(개인식별번호 삭제))","","031-874-2000","평일 : (근무시간) (오전) 8시 00분 ~ (오전) 10시 00분, 주 1일 근무"
"늘봄시니어방문요양센터","[4등급 남자어르신 / 방문요양+병원동행 / 내유...","(10263)  경기도 고양시 덕양구 유산길50번길 18-26 (내유동)","10401 경기도 고양시 일산동구 중앙로 1305-30 (장항동, 마이다스 오피스텔)","시급10,320원 이상 ~ 10,320원 이하,","평일 : (근무시간) (오전) 11시 30분 ~ (오후) 2시 30분, 주 6일 근무","기간의 정함이 없는 근로계약(시간(선택)제)/ 파견근로 비희망/ 대체인력채용 비희망","재가 요양보호사(550102)","방문 복지서비스 제공업","관계없음","학력무관","","26-07-31","채용시까지  26-09-29","","* 대상자 - 4등급 남자어르신 * 근무시간 - 주6일/ 1일3시간/ 오전11시30분~오후2시30분 * 근무장소 - 일산동구 유산길50번길 18-26 (내유동) * 주거형태 - 빌라1층 거주 * 근무내용 - 월, 수, 금요일 : 일상생활 지원(근무시간 조정 가능)                    화, 목, 토요일 : 병원동행(투석)                    운전필수 * 포괄시급 - 13,200원(주휴수당, 연차수당 등 포함)","면접","기타(면접 시)","기타(요양보호사자격증)","","031-994-8811","평일 : (근무시간) (오전) 11시 30분 ~ (오후) 2시 30분, 주 6일 근무"
"봄봄노인복지센터","불광동 3등급 여자어르신 돌보실 요양보호사 선생님...","(03364)  서울특별시 은평구 불광로 64, 1 (불광동, 불광롯데캐슬)","03351 서울특별시 은평구 통일로 822 (불광동)","시급10,320원 이상 ~ 10,320원 이하,","평일 : (오후) 5시 30분~(오후) 8시 30분, 주 5일 근무","기간의 정함이 없는 근로계약(시간(선택)제)/ 파견근로 비희망/ 대체인력채용 비희망","재가 요양보호사(550102)","노인 요양 복지시설 운영업","관계없음","학력무관","","26-08-03","채용시까지  26-10-02","","3등급 여자 어르신 돌봄직무내용 :개인위생..식사돌봄,정서지원,일상생활지원,","서류,면접","고용24,기타(전화상담)","기타(요양보호사자격증)","","02-6012-8899","평일 : (오후) 5시 30분~(오후) 8시 30분, 주 5일 근무"
"군포케어119재가장기요양기관","요양보호사 채용","(15809)  경기도 군포시 엘에스로 143, 102동 (금정동, 힐스테이트 금정역)","15812 경기도 군포시 당산로172번길 4 (금정동)","시급10,320원 이상 ~ 10,320원 이하,","평일 : (근무시간) (오후) 1시 00분 ~ (오후) 4시 00분, 주 3일 근무","기간의 정함이 없는 근로계약(시간(선택)제)/ 파견근로 비희망/ 대체인력채용 비희망","재가 요양보호사(550102)","노인 요양 복지시설 운영업","관계없음","학력무관","","26-08-03","채용시까지  26-10-02","","-80대 할머니 케어(4등급) -이동도움(휠체어이용), 반찬만들기, 청소 -주3일(월,수,금) 13:00~16:00(시간 조정 가능 12:00~15:00)","면접","방문,기타(핸드폰으로 전화 010-5786-3428)","이력서","","031-452-7919","평일 : (근무시간) (오후) 1시 00분 ~ (오후) 4시 00분, 주 3일 근무"
"섬기는재가복지센터","[잠실/3등급 여성]재가간병인 모집","(05501)  서울특별시 송파구 올림픽로 99 (잠실동, 잠실엘스)","05404 서울특별시 강동구 양재대로 1367 (성내동)","시급10,320원 이상 ~ 10,320원 이하,","평일 :  주1회 휴무(비급여 근무조건 협의), 주 6일 근무","기간의 정함이 없는 근로계약/ 파견근로 비희망/ 대체인력채용 비희망","재가 간병인(550202)","방문 복지서비스 제공업","관계없음","학력무관","","26-08-03","채용시까지  26-10-02","","-요양보호대상자: 잠실엘스아파트 3등급 여성(68세, 편마비, 독거) -근무조건: 주1회 휴무(비급여 근무조건 협의) -직무내용: 휠체어 이동도움, 일상생활지원 희망 -문 의: 010-4767-3888","면접","방문","기타(자격증사본)","","","평일 :  주1회 휴무(비급여 근무조건 협의), 주 6일 근무"
"행복드림복지센터","[자양동/1등급/남자/오후] 재가 요양보호사 채용","(05062)  서울특별시 광진구 뚝섬로47길 30, 자양전통시장 인근 (자양동, 드림팰리스3차)","05099 서울특별시 광진구 뚝섬로 618, 국제빌딩 2층 (자양동)","시급10,320원 이상 ~ 10,320원 이하,","평일 : (근무시간) (오후) 1시 00분 ~ (오후) 5시 00분, 주 5일 근무","기간의 정함이 있는 근로계약(시간(선택)제)12 개월/ 파견근로 비희망/ 대체인력채용 비희망","재가 요양보호사(550102)","방문 복지서비스 제공업","관계없음","학력무관","","26-07-31","채용시까지  26-09-30","","* 1등급 남자어르신(55년생) 케어/거동불편/배우자와 거주 * 말벗/침대에서 일으켜 앉히기/실내 이동도움_휠체어 사용/기저귀 케어 등 신체활동지원 - 외출동행 및 가사활동 없음","서류,면접","방문,기타(전화접수)","기타(자격증 사본)","","02-3425-1111","평일 : (근무시간) (오후) 1시 00분 ~ (오후) 5시 00분, 주 5일 근무"
"밀알재가장기요양기관","관악구 난곡동에서 근무하실 방문요양보호사 모집합니...","(08857)  서울특별시 관악구 난곡로10길 18-3, 1","08850 서울특별시 관악구 법원단지3길 38 (신림동)","시급10,320원 이상 ~ 10,320원 이하,","평일 : (근무시간) (오후) 2시 00분 ~ (오후) 5시 00분, 주 3일 근무","기간의 정함이 없는 근로계약(시간(선택)제)/ 파견근로 비희망/ 대체인력채용 비희망","재가 요양보호사(550102)","노인 요양 복지시설 운영업","관계없음","학력무관","","26-07-31","채용시까지  26-09-29","","5등급 남자어르신 월,수,금 14-17시 파킨슨 있으심 (필수 : 치매이수자)","면접","방문,팩스,고용24","기타(채용시 제출서류 : 1년 미만의 건강검진서류, 노인학대경력조회서류, 보수교육이수증(해당자만))","","070-4148-3227","평일 : (근무시간) (오후) 2시 00분 ~ (오후) 5시 00분, 주 3일 근무"
"나래케어재가방문요양센터","[녹번동] 4등급 재가요양보호사 구인","(03382)  서울특별시 은평구 은평로21가길 12, . (녹번동)","03471 서울특별시 은평구 은평로16길 6 (응암동)","시급13,100원 이상,","평일 : (근무시간) (오전) 10시 00분 ~ (오후) 1시 00분, 주 5일 근무","기간의 정함이 없는 근로계약(시간(선택)제)/ 파견근로 비희망/ 대체인력채용 비희망","재가 요양보호사(550102)","노인 요양 복지시설 운영업","관계없음","학력무관","","26-07-30","채용시까지  26-09-29","","-직무대상 : 4등급 여 자 어르신 -직무내용 : 일상생활 지원(병원동행) -근무시간 : 10:00~13:00(주5일) -급여: 시급 13,100원 -근무지 : 은평구 은평로 21가길 12","서류,면접","방문","기타(전화연락)","","02-356-7850","평일 : (근무시간) (오전) 10시 00분 ~ (오후) 1시 00분, 주 5일 근무"
"은혜데이케어센터","[대조동]3등급 재가요양보호사 구인","(03393)  서울특별시 은평구 서오릉로 108-8, .","03459 서울특별시 은평구 서오릉로 31, 2층은혜데이케어 (녹번동)","시급14,000원 이상 ~ 14,000원 이하,","평일 : (근무시간) (오전) 9시 00분 ~ (정오) 12시 00분, 주 6일 근무","기간의 정함이 없는 근로계약(시간(선택)제)/ 파견근로 비희망/ 대체인력채용 비희망","재가 요양보호사(550102)","그 외 기타 보건업","관계없음","학력무관","","26-07-30","26-09-29","","-대상: 3등급 여 자 어르신 -내용: 일상생활 지원(기저귀케어 있음) -시간: 09:00~12:00(주6일) -시급: 14,000원 -근무지: 서오릉로108-8","면접","방문","","","02-304-2005","평일 : (근무시간) (오전) 9시 00분 ~ (정오) 12시 00분, 주 6일 근무"
"비지팅엔젤스 수원권선호매실방문요양지점","[탑동] 4등급 88세 여자 어르신 재가요양보호사...","(16606)  경기도 수원시 권선구 탑동로11번길 44-14, 수원시 권선구 탑동 823 (탑동)","16397 경기도 수원시 권선구 금곡로196번길 35, 915호 (금곡동)","시급10,320원 이상 ~ 10,320원 이하,","평일 : (근무시간) (정오) 12시 00분 ~ (오후) 3시 00분, 주 5일 근무","기간의 정함이 없는 근로계약(시간(선택)제)/ 파견근로 비희망/ 대체인력채용 비희망","재가 요양보호사(550102)","노인 요양 복지시설 운영업","경력","학력무관","","26-08-03","채용시까지  26-10-02","","■모집내용 : 88세 4등급 여자 어르신 ■대상자상태 : 4등급, 체중 42kg, 치매 진단 받으심. ■급     여 : 시급 10,320원+기타수당=14,000원 ■근무시간 : 주5일, 월~금, 12:00~15:00 ■근무장소 : 수원시 권선구 탑동 823 ■근무내용: 식사준비와 정리가 주 업무이고 그 외 청소, 빨래, 목욕 등 일반적인 업무/ 스스로 걷기, 화장실 이용 가능하심.  ■지원방법: 전화지원(010-7545-1509) ■기타: 아들과 2인 거주 중이며, 자녀분은 낮시간에 출근하심.   ※ 밝고 긍정적인 선생님, 오래 성실하게 근무하실 요양보호사 선생님 많은 지원 부탁드립니다.","면접","기타(전화문의:010-7545-1509)","기타(건강검진표)","","","평일 : (근무시간) (정오) 12시 00분 ~ (오후) 3시 00분, 주 5일 근무"
"비지팅엔젤스 수원권선호매실방문요양지점","[우만동] 84세 남자 어르신 재가요양보호사 구인","(16235)  경기도 수원시 팔달구 경수대로680번길 50 (우만동, 삼익세라믹아파트)","16397 경기도 수원시 권선구 금곡로196번길 35, 915호 (금곡동)","시급10,320원 이상 ~ 10,320원 이하,","평일 : (근무시간) (오전) 9시 00분 ~ (정오) 12시 00분, 주 5일 근무","기간의 정함이 없는 근로계약(시간(선택)제)/ 파견근로 비희망/ 대체인력채용 비희망","재가 요양보호사(550102)","노인 요양 복지시설 운영업","경력","학력무관","","26-08-03","채용시까지  26-10-02","","■모집내용 : 84세 남자 어르신 (현재 등급 확정 전으로 3,4등급 예정) ■대상자상태 : 당뇨, 비뇨기/소변, 치매 진료 중, 침대/휠체어 사용, 기저귀 케어 필요 ■급     여 : 시급 10,320원+기타수당=14,000원 ■근무시간 : 주5일, 월~금, 09:00~12:00 ■근무장소 : 수원시 권선구 팔달구 경수대로 680번길 50 삼익세라미아파트A ■근무내용: 식사, 청소, 빨래, 목욕 등 일반적 업무 ■지원방법: 전화지원(010-7545-1509) ■기타: 배우자와 2인 거주 중   ※ 밝고 긍정적인 선생님, 오래 성실하게 근무하실 요양보호사 선생님 많은 지원 부탁드립니다.","면접","기타(전화문의:010-7545-1509)","기타(건강검진표)","","","평일 : (근무시간) (오전) 9시 00분 ~ (정오) 12시 00분, 주 5일 근무"
"라온방문요양센터","공릉동 4등급 할머니 케어할 요양보호사 모집합니다...","(01858)  서울특별시 노원구 동일로177길 7, 1 (공릉동)","01853 서울특별시 노원구 동일로193길 33, B01호 (공릉동, 한빛빌라)","시급10,320원 이상 ~ 13,200원 이하,","평일 : (근무시간) (오전) 8시 00분 ~ (오전) 11시 00분, 주 6일 근무","기간의 정함이 없는 근로계약(시간(선택)제)/ 파견근로 비희망/ 대체인력채용 비희망","재가 요양보호사(550102)","노인 요양 복지시설 운영업","관계없음","학력무관","","26-07-30","채용시까지  26-09-29","","공릉동 4등급 할머니   *근무시간:오전 08:00~11:00(주6회,월~토)   *지원업무:반찬조리 및 식사제공, 개인위생관리 도움, 정서지원  시급 10,320원(포괄시급 13,200원)","면접","방문","기타(자격증,건강검진서류 등)","","","평일 : (근무시간) (오전) 8시 00분 ~ (오전) 11시 00분, 주 6일 근무"
"복사꽃재가노인복지센터","재가요양보호사 모집(간석동, 부평삼거리역)","(21514)  인천광역시 남동구 평온로6번길 4 (간석동)","21674 인천광역시 남동구 소래역남로16번길 8-7, 404호 (논현동)","시급10,320원 이상 ~ 10,320원 이하,","평일 : (근무시간) (오후) 12시 30분 ~ (오후) 3시 30분, 주 5일 근무","기간의 정함이 없는 근로계약(시간(선택)제)/ 파견근로 비희망/ 대체인력채용 비희망","재가 요양보호사(550102)","방문 복지서비스 제공업","관계없음","학력무관","","26-07-30","26-09-29","","* 4등급 남 어르신 - 근무시간: 12:30~15:30 (주5일 , 3시간) - 직무내용: 가사지원, 식사도움, 위생지원 - 근무지: 인천시 남동구 평온로6번길 (간석동, 부평삼거리역 인근) - 애견 없음 /흡연 - 12시 이후 오후시간으로 시간 조율 가능 - 채용담당자: 010-9129-5689","서류,면접","방문,고용24,기타(통화후 면접(방문))","기타(요양보호사 자격증)","","070-8729-2580","평일 : (근무시간) (오후) 12시 30분 ~ (오후) 3시 30분, 주 5일 근무"
"가가호호노인요양센터","[구로영림중학교]방문요양 4등급 수행할 요양보호사...","(08301)  서울특별시 구로구 가마산로 283, 1 (구로동, 성호주상복합)","08205 서울특별시 구로구 신도림로11가길 36 (신도림동, 미성아파트)","시급10,320원 이상 ~ 10,320원 이하,","평일 : (근무시간) (오전) 9시 00분 ~ (정오) 12시 00분, 주 5일 근무","기간의 정함이 없는 근로계약(시간(선택)제)/ 파견근로 비희망/ 대체인력채용 비희망","재가 요양보호사(550102)","방문 복지서비스 제공업","관계없음","학력무관","","26-07-30","채용시까지  26-09-29","","ㅇ4등급 90세 초반 독거여자 어르신 ㅇ주5회(월~금)  09:00~12:00 ㅇ문의 02-3667-3462","면접","방문","기타(- 요양보호사 자격증사본 - 2026년도 건강검진결과서(건강검진일이 2025년 09월 이후 날짜))","","02-3667-3462","평일 : (근무시간) (오전) 9시 00분 ~ (정오) 12시 00분, 주 5일 근무"
"돌봄연구소행복한시니어케어센터","[과천 위버필드 / 2등급어르신 요양보호사 구인]","(13839)  경기도 과천시 별양로 11, . (원문동, 과천 위버필드)","13837 경기도 과천시 별양상가2로 20, 1층 7호 (별양동, 새서울쇼핑센터)","시급10,320원 이상 ~ 10,320원 이하, 면접 후 재조정 가능","평일 : (근무시간) (오전) 9시 00분 ~ (정오) 12시 00분, 주 6일 근무","기간의 정함이 없는 근로계약/ 파견근로 비희망/ 대체인력채용 비희망","요양보호사(노인요양사)(550101)","사회복지 상담서비스 제공업","관계없음","학력무관","","26-07-30","채용시까지  26-09-29","","[ 과천 위버필드 / 2등급 어르신케어 요양보호사 구인 ]  - 요양보호대상자 : 2등급 할머니 / 기저귀케어, 휠체어이동,   - 직무내용 : 어르신 돌봄 및 일상생활지원  - 근무시간 09:00~12:00 / 주 6일  - 시급: 10,320원 (최저시급 10,320원+기타수당)  - 과천시 별양로 53 소재  * 실제 서비스 제공기간에 따라 임금을 계산하여 지급하는 형태로 채용시 근로자마다 주 소정근로시간이나 임금,근무(예정)지 등에 차이가 있을 수 있음","서류,면접","방문,고용24","이력서","","02-3679-9926","평일 : (근무시간) (오전) 9시 00분 ~ (정오) 12시 00분, 주 6일 근무"
"맞춤재가노인복지센터","망우동 4등급 여성 어르신(70대) 주4일 방문요...","(02066)  서울특별시 중랑구 망우로81길 5 (망우동)","02066 서울특별시 중랑구 망우로81길 5 (망우동)","시급13,500원 이상 ~ 13,500원 이하, 면접 후 재조정 가능","평일 : (근무시간) (오후) 2시 00분 ~ (오후) 5시 00분, 주 4일 근무","기간의 정함이 없는 근로계약/ 파견근로 비희망/ 대체인력채용 비희망","재가 요양보호사(550102)","방문 복지서비스 제공업","관계없음","학력무관","","26-08-03","채용시까지  26-10-02","","[모집직무] 요양보호사 (방문요양)  [직무소개] 월화목금 주 4일 방문 희망하십니다. 70대 여성 어르신께서 안전하고 즐겁게 댁에서 지내실 수 있도록 간단한 신체지원과 일상생활 지원 제공 가능하시면 됩니다. 전반적인 거동 가능, 화장실 사용 가능하시어 넘어지지 않도록만 해주시면 됩니다. 외출 잘 안 하시고 조용하신 편입니다.  [주요업무] - 70대 여성 어르신의 신체적 활동 지원 - 식사 및 일상생활 관리 지원 - 적극적인 의사소통 및 소통 - 환경 청결 유지  [위치] 센터 근방 건물 (매우 가까움)","면접","방문,기타(전화문의 010-8858-8363)","기타(요양보호사자격증 채용건강검진서(없을 시 면접 후 받아오셔야합니다))","","02-494-1851","평일 : (근무시간) (오후) 2시 00분 ~ (오후) 5시 00분, 주 4일 근무"
"어울재가복지센터","(서울 은평구) 3등급 여자 어르신 요양보호사님 ...","(03359)  서울특별시 은평구 불광로22길 9-1","10592 경기도 고양시 덕양구 삼송로 222, 1층 181호 (삼송동, 삼송역 현대 헤리엇)","시급10,320원 이상 ~ 10,320원 이하,","평일 : (근무시간) (정오) 12시 00분 ~ (오후) 3시 00분, 주 5일 근무","기간의 정함이 없는 근로계약(시간(선택)제)/ 파견근로 비희망/ 대체인력채용 비희망","요양보호사(노인요양사)(550101)","노인 요양 복지시설 운영업","신입","학력무관","","26-07-30","채용시까지  26-09-29","","안녕하세요. 어르신과 함께 어우러지는 삶 어울재가복지센터입니다. 어울의 새로운 선생님을 모십니다.？  -수급자 어르신 : 3등급 여자 어르신 (70대 어르신)？ -직무 내용 : 점심 식사 및 일상생활지원, 정서지원 등？ -근무 시간 : 12:00~15:00(주5일), 시간 협의 가능합니다. -급여: 시급 13,400원 -근무지 : 은평구 불광중학교 인근, 전철역 <3호선, 6호선 연신내역>, <6호선 독바위역> 근처입니다.   저희와 함께 하실 오래하실 분을 모시고자 합니다. :) 궁금하신 점은 편하게 연락 주세요. 부재중일시 문자 남겨주시면 확인 후 연락드리겠습니다.  감사합니다.","면접","고용24","이력서,기타(전화 지원 부탁드립니다.)","","","평일 : (근무시간) (정오) 12시 00분 ~ (오후) 3시 00분, 주 5일 근무"
"화정노인재가복지센터","요양보호사 구인","(10483)  경기도 고양시 덕양구 성신로 99 (행신동, 햇빛마을19단지아파트)","10477 경기도 고양시 덕양구 화중로130번길 40, 204호 (화정동)","시급10,320원 이상 ~ 10,320원 이하,","평일 : (근무시간) (오전) 9시 00분 ~ (오후) 4시 00분, 주 2일 근무","기간의 정함이 없는 근로계약(시간(선택)제)/ 파견근로 비희망/ 대체인력채용 비희망","재가 요양보호사(550102)","사회복지 상담서비스 제공업","관계없음","학력무관","","26-08-03","채용시까지  26-10-01","","4등급 여자어르신입니다. 토-일, 오전9시부터 6시간이나 8시간동안 근무 원하십니다. 목욕 서비스 및 일상생활 지원, 신체활동 지원 원하십니다.  *시급 13,000원은 주휴수당과 기타수당이 포함된 금액입니다.","면접,기타(전화상담)","방문,고용24,기타(전화 및 문자)","이력서","","031-969-0850","평일 : (근무시간) (오전) 9시 00분 ~ (오후) 4시 00분, 주 2일 근무"
"아들래노인주간보호센터","재가선생님모셔요","(11719)  경기도 의정부시 동일로 397, 103동 (장암동, 장암1단지주공· 장암2단지주공아파트)","11730 경기도 의정부시 경의로 196, 아들래노인주간보호센터 (신곡동)","시급10,320원 이상, 면접 후 재조정 가능","평일 : (근무시간) (오전) 9시 00분 ~ (정오) 12시 00분, 주 3일 근무","기간의 정함이 없는 근로계약(시간(선택)제)/ 파견근로 비희망/ 대체인력채용 비희망","재가 요양보호사(550102)","노인 요양 복지시설 운영업","관계없음","학력무관","","26-07-31","채용시까지  26-09-29","","4등급. 79세 여자어르신 시급 :13800원 식사 및 청소도움 장소 : 의정부시 동일로 397(장암1단지) 근무시간 : 주3회 (화 목 토)3시간씩.  근무시간 오전 또는 오후 조정가능","면접","방문","이력서,기타(요양보호사자격증(개인식별번호 삭제))","","031-874-2000","평일 : (근무시간) (오전) 9시 00분 ~ (정오) 12시 00분, 주 3일 근무"
"늘함께재가복지센터","재가 요양보호사 채용(먹골역_오전)","(02005)  서울특별시 중랑구 동일로163길 16, 먹골역 (묵동)","11633 경기도 의정부시 회룡로 95, 상가동 2층 201호 (호원동, 한신아파트)","시급10,320원 이상 ~ 10,320원 이하,","평일 : (근무시간) (오전) 9시 00분 ~ (정오) 12시 00분, 주 5일 근무","기간의 정함이 없는 근로계약(시간(선택)제)/ 파견근로 비희망/ 대체인력채용 비희망","재가 요양보호사(550102)","방문 복지서비스 제공업","관계없음","학력무관","","26-07-31","채용시까지  26-09-30","","먹골역 7번출구 도보3분 3등급할아버지(90세) 방문케어 부부동거/부축거동 말벗, 정서지원, 일상생활 지원, 외출 시 이동보조(병원동행 시 아드님이 오셔서 차량운전) 9-12시/주5일/시급10,320원 (연차수당, 주휴수당 등 포함시 13,000원)  * 어르신과 편안하게 대화하며 정서적 교감 가능한 분","면접","방문,기타(전화)","기타(자격증)","","","평일 : (근무시간) (오전) 9시 00분 ~ (정오) 12시 00분, 주 5일 근무"
"가남재가복지센터","[점봉동] 요양보호사 채용","(12653)  경기도 여주시 세종로 396-24, 인근 (점봉동)","12660 경기도 여주시 가남읍 금당리길 109-4","시급10,320원 이상 ~ 13,000원 이하,","평일 : (근무시간) (오전) 7시 00분 ~ (오전) 10시 00분, 주 5일 근무","기간의 정함이 없는 근로계약(시간(선택)제)/ 파견근로 비희망/ 대체인력채용 비희망","재가 요양보호사(550102)","노인 요양 복지시설 운영업","관계없음","학력무관","","26-07-31","26-09-30","","■ 4등급 어르신. ■ 시간 : 7:00 ~ 10:00 ■ 시급 : 10,320~13,000원(수당포함) ■ 주택 분리된 원룸  집안청소, 식사준비, 말벗","서류","기타(전화먼저 주세요)","기타(자격증사본, 건강검진결과표)","","031-884-2014","평일 : (근무시간) (오전) 7시 00분 ~ (오전) 10시 00분, 주 5일 근무"
"장수재가복지센터","서구 용두산로26번길 요양보호사","(22724)  인천광역시 서해구 용두산로26번길 1, . (심곡동)","22213 인천광역시 미추홀구 인하로209번길 10 (주안동)","시급10,320원 이상,","평일 : (근무시간) (오후) 2시 00분 ~ (오후) 5시 00분, 주 5일 근무","기간의 정함이 없는 근로계약(시간(선택)제)/ 파견근로 비희망/ 대체인력채용 비희망","재가 요양보호사(550102)","사회복지 상담서비스 제공업","관계없음","학력무관","","26-07-30","채용시까지  26-09-29","","*서구 용두산로26번길 4등급 남자 어르신 재가 구인*  -대상자:  4등급 남자 어르신 케어 -주5일 (14:00~17:00 3시간)    -근무지: 서구 용두산로 26번길 -시급:  13,000(기본급+수당) -전화: 0327166206","면접","방문,고용24","이력서","","032-716-6206","평일 : (근무시간) (오후) 2시 00분 ~ (오후) 5시 00분, 주 5일 근무"
"공생복지협동조합","(4등급) 요양보호사님을 모십니다","(13424)  경기도 성남시 중원구 도촌남로 69, 3단지 (도촌동, 휴먼시아섬마을4단지아파트)","13426 경기도 성남시 중원구 도촌남로 27, 공생복지협동조합 (도촌동)","시급10,320원 이상, 면접 후 재조정 가능","평일 : (근무시간) (오전) 9시 00분 ~ (정오) 12시 00분, 주 5일 근무","기간의 정함이 없는 근로계약(시간(선택)제)/ 파견근로 비희망/ 대체인력채용 비희망","재가 요양보호사(550102)","노인 요양 복지시설 운영업","관계없음","학력무관","","26-08-20","채용시까지  26-10-19","","요양보호사 구인 도촌동 4등급 남자어르신 09:00~12:00 어르신돌봄 ,가사지원등","기타(.)","방문,팩스,고용24","이력서,기타(요양보호사 자격증,  입사용 건강진단서 (최근1년이내))","","0000-756-0179","평일 : (근무시간) (오전) 9시 00분 ~ (정오) 12시 00분, 주 5일 근무"
"믿음노인요양센터","삼평동 봇들마을 3등급 여자어르신 (월~토) 9:...","(13492)  경기도 성남시 분당구 대왕판교로644번길 65, . (삼평동, 봇들마을5단지아파트)","13357 경기도 성남시 중원구 광명로 119, (오른쪽 출입구 이용) (성남동, 금성빌딩)","시급10,320원 이상 ~ 10,320원 이하,","평일 : (근무시간) (오전) 9시 00분 ~ (정오) 12시 00분, 주 6일 근무","기간의 정함이 없는 근로계약(시간(선택)제)/ 파견근로 비희망/ 대체인력채용 비희망","재가 요양보호사(550102)","방문 복지서비스 제공업","관계없음","학력무관","","26-07-30","채용시까지  26-09-29","","3등급 독거 여자어르신 요양보호사 모십니다.  9시 ~ 12시  월~토 근무  삼평동 봇들마을 입니다.   전화 부탁 드립니다.","면접","방문,고용24,이메일","기타(근무시 요양보호사 자격증, 1년이내 건강검진결과지 제출)","","","평일 : (근무시간) (오전) 9시 00분 ~ (정오) 12시 00분, 주 6일 근무"
"고사리노인복지센터","재가요양보호사 구인(한천로 139가길, 백년시장 ...","(01070)  서울특별시 강북구 한천로139가길 46, 백년시장 부근(상세주소 생략) (수유동)","02043 서울특별시 중랑구 봉화산로 189, 4층 (신내동)","시급10,320원 이상 ~ 10,320원 이하,","평일 : (근무시간) (오후) 12시 30분 ~ (오후) 3시 30분, 주 6일 근무","기간의 정함이 없는 근로계약/ 파견근로 비희망/ 대체인력채용 비희망","재가 요양보호사(550102)","노인 요양 복지시설 운영업","관계없음","학력무관","","26-08-03","채용시까지  26-10-02","","* 한천로 139가길 ** , 백년시장 건너편/ 3등급 여자 - 산책, 식사 준비, 주변 정리, 등 - 12:30~15:30(12시 시작 가능, 13시 시작 불가)/ 주 6일 근무 - 시급 13,000원(기본 시급, 제 수당 등 포함)","면접","기타(전화 후 방문)","이력서","","","평일 : (근무시간) (오후) 12시 30분 ~ (오후) 3시 30분, 주 6일 근무"
"주식회사 아성다이소","아성다이소 현장사원 모집 [*면접일정: 8월 21...","(18497)  경기도 화성시 동탄구 동탄대로5길 15 (송동)","06297 서울특별시 강남구 남부순환로 2748 (도곡동)","시급10,320원 이상 ~ 10,320원 이하,","평일 : *2교대/매장별 상이함[시용기간 2개월]  07:00~16:00 13:00~22:00, 주 5일 근무","기간의 정함이 있는 근로계약12 개월/ 계약기간 만료 후 상용직전환검토/ 파견근로 비희망/ 대체인력채용 비희망","창고 관리원(자재 검수원 포함)(028407)","그 외 기타 종합 소매업","관계없음","학력무관","","26-08-03","채용시까지  26-10-02","","▶ 화성시일자리센터 채용대행건으로, T. 031-892-0242 으로 지원 문의해주시기 바랍니다. ▶ 면접안내 - 장소: 화성시일자리센터 교육장(화성시 병점구 병점중앙로 195, 3층) - 일시: 8월 21일(금) 14:00  ▣ 근무 내용 : 다이소 매장 내 상품 진열 및 입출고 관리 ▣ 근무 시간 : [2교대] 07:00~16:00(휴게시간 13:00~14:00)/ 13:00~22:00 *매장별 상이함  ▣ 임금 : 시급 10,320원  ▣ 근무지 :  (동탄권) 동탄그랑파사쥬점, 동탄반송점, 농협동탄유동센터점, 동탄역점, 동탄목동점 (수원권) 홈플러스 영통점, 수원영통점, 수원망포점, 영통판타지움점","면접","고용24,이메일,기타(▶ 화성시일자리센터 채용대행건으로, T. 031-892-0242 으로 지원 문의)","이력서","경기도 화성시청","031-892-0242","평일 : *2교대/매장별 상이함[시용기간 2개월]  07:00~16:00 13:00~22:00, 주 5일 근무"
"참평안재가방문요양센터","거모동 재가요양보호사 구인","(15071)  경기도 시흥시 한우물로 35, 301동 (거모동, 아주3차아파트)","15068 경기도 시흥시 군자로477번길 2 (거모동)","시급10,320원 이상 ~ 10,320원 이하,","평일 : (근무시간) (오전) 9시 00분 ~ (정오) 12시 00분, 주 6일 근무","기간의 정함이 없는 근로계약/ 파견근로 비희망/ 대체인력채용 비희망","재가 요양보호사(550102)","방문 복지서비스 제공업","관계없음","학력무관","","26-08-03","채용시까지  26-10-02","","- 대상자: 4등급 할머님(파킨슨-동작반응 있으나 조금 불편하심)  - 일상생활 지원(식사(반찬만들기X) 산책, 약 복용, 주1회 목욕지원 등)  - 근무시간:  09:00~12:00 (격주 토요일 근무)  - 시급: 13,000원 (주차수당 외 포함)","서류,면접","방문","이력서","","","평일 : (근무시간) (오전) 9시 00분 ~ (정오) 12시 00분, 주 6일 근무"
"가정재가노인복지센타","요양보호사 모집합니다","(22730)  인천광역시 서해구 승학로 198, 106동 (심곡동, 극동늘푸른아파트)","22778 인천광역시 서해구 가정로 387, 101동502호 (신현동, 루원e-편한세상하늘채)","시급10,320원 이상 ~ 10,320원 이하,","평일 : (근무시간) (오전) 9시 00분 ~ (정오) 12시 00분, 주 5일 근무","기간의 정함이 없는 근로계약(시간(선택)제)/ 파견근로 비희망/ 대체인력채용 비희망","재가 요양보호사(550102)","개인 간병 및 유사 서비스업","신입","학력무관","","26-08-03","채용시까지  26-09-29","","5등급 80대 여자 어르신케어 요양보호사 모집합니다 경력무관  시급 10,320원(주휴수당, 연차수당 기타 제수당 포함하여 1시간당 12,800원~13,000원)","서류,면접","방문,고용24","이력서","","032-710-5829","평일 : (근무시간) (오전) 9시 00분 ~ (정오) 12시 00분, 주 5일 근무"
"행복드림복지센터","[중곡동/3등급/여자/오후] 재가 요양보호사 채용","(04931)  서울특별시 광진구 천호대로119길 26, 중곡종합사회복지관 인근 (중곡동)","05099 서울특별시 광진구 뚝섬로 618, 국제빌딩 2층 (자양동)","시급10,320원 이상 ~ 10,320원 이하,","평일 : (근무시간) (오후) 1시 00분 ~ (오후) 4시 00분, 주 5일 근무","기간의 정함이 있는 근로계약(시간(선택)제)12 개월/ 파견근로 비희망/ 대체인력채용 비희망","재가 요양보호사(550102)","방문 복지서비스 제공업","관계없음","학력무관","","26-07-31","채용시까지  26-09-30","","* 3등급 여자어르신(43년생) 케어/거동가능/배우자와 거주 * 점심식사 준비/주1회 샤워도움/청소, 세탁 등 일상생활지원  - 외출동행 없음","서류,면접","방문,기타(전화접수)","기타(자격증 사본)","","02-3425-1111","평일 : (근무시간) (오후) 1시 00분 ~ (오후) 4시 00분, 주 5일 근무"
"파랑새마을재가센터","[역촌동/오전/남]3등급 어르신 요양보호사","(03376)  서울특별시 은평구 녹번로7길 12, .","03326 서울특별시 은평구 서오릉로18길 25-12, 103호 (갈현동, 노아빌리지)","시급13,500원 이상 ~ 13,500원 이하,","평일 : (근무시간) (오전) 9시 00분 ~ (정오) 12시 00분, 주 6일 근무","기간의 정함이 없는 근로계약(시간(선택)제)/ 파견근로 비희망/ 대체인력채용 비희망","요양보호사(노인요양사)(550101)","사회복지 상담서비스 제공업","관계없음","학력무관","","26-07-31","채용시까지  26-09-26","","-대상: 3등급 남자 어르신 -내용: 가사지원, 정서지원, 외출동행, 병원동행 -시간: 09시~12시(주6일) -시급: 13,500원 -근무지: 은평구 서오릉로 91-1","면접","방문,팩스,이메일,기타(전화주세요)","기타(요양보호사자격증)","","","평일 : (근무시간) (오전) 9시 00분 ~ (정오) 12시 00분, 주 6일 근무"
"밀알재가장기요양기관","관악구 난향동에서 근무하실 방문요양보호사 모집합니...","(08862)  서울특별시 관악구 난곡로 55, 1 (신림동, 관악산휴먼시아아파트)","08850 서울특별시 관악구 법원단지3길 38 (신림동)","시급10,320원 이상 ~ 10,320원 이하,","평일 : (근무시간) (오후) 2시 00분 ~ (오후) 5시 00분, 주 2일 근무","기간의 정함이 없는 근로계약(시간(선택)제)/ 파견근로 비희망/ 대체인력채용 비희망","재가 요양보호사(550102)","노인 요양 복지시설 운영업","관계없음","학력무관","","26-07-30","채용시까지  26-09-29","","4등급 할머님 주 2회 요일,시간은 상의 후 결정","면접","팩스,고용24","기타(채용시 제출: 1년 미만 건강검진서류, 노인학대경력조회서류, 보수교육수료증(해당자만))","","070-4148-3227","평일 : (근무시간) (오후) 2시 00분 ~ (오후) 5시 00분, 주 2일 근무"
"돌봄연구소행복한시니어케어센터","[과천 위버필드 / 2등급어르신 요양보호사 구인]","(13839)  경기도 과천시 별양로 11, . (원문동, 과천 위버필드)","13837 경기도 과천시 별양상가2로 20, 1층 7호 (별양동, 새서울쇼핑센터)","시급10,320원 이상 ~ 10,320원 이하, 면접 후 재조정 가능","평일 : (근무시간) (오전) 9시 00분 ~ (정오) 12시 00분, 주 6일 근무","기간의 정함이 없는 근로계약/ 파견근로 비희망/ 대체인력채용 비희망","재가 요양보호사(550102)","사회복지 상담서비스 제공업","관계없음","학력무관","","26-07-30","채용시까지  26-09-29","","[과천 위버필드 / 2등급 어르신케어 요양보호사 구인 ]  - 요양보호대상자 : 2등급 할머니 / 기저귀케어, 휠체어이동,   - 직무내용 : 어르신 돌봄 및 일상생활지원  - 근무시간 09:00~12:00 / 주 6일  - 시급: 10,320원 (최저시급 10,320원+기타수당)  - 과천시 별양로 11 소재  * 실제 서비스 제공기간에 따라 임금을 계산하여 지급하는 형태로 채용시 근로자마다 주 소정근로시간이나 임금,근무(예정)지 등에 차이가 있을 수 있음","서류,면접","방문,고용24","이력서","","02-3679-9926","평일 : (근무시간) (오전) 9시 00분 ~ (정오) 12시 00분, 주 6일 근무"
"에이스봄나래방문요양","[ 다산동 ] 4등급 할머님 재가요양보호사  구인","(12265)  경기도 남양주시 경춘로476번길 52, . (다산동, 진성빌라)","12188 경기도 남양주시 화도읍 경춘로2247번길 37-63","시급10,320원 이상,","평일 : (근무시간) (오전) 9시 00분 ~ (정오) 12시 00분, 주 5일 근무","기간의 정함이 없는 근로계약(시간(선택)제)/ 파견근로 비희망/ 대체인력채용 비희망","재가 요양보호사(550102)","노인 요양 복지시설 운영업","관계없음","학력무관","","26-07-30","26-09-29","","- 4등급 할머님 일상생활 지원도움  - 주5일,  09:00-12:00 (요일 협의) - 시급 13,000원 (10,320원+연차,주휴수당포함) - 문의 010-4255-8769","서류,면접","방문,팩스,기타(전화 010-4255-8769)","기타(요양보호사 자격증 사본)","","","평일 : (근무시간) (오전) 9시 00분 ~ (정오) 12시 00분, 주 5일 근무"
"정인방문요양센터","요양보호사 모집합니다.","(17751)  경기도 평택시 신장로 82 (신장동)","17783 경기도 평택시 송탄로 89, 304호 (장당동)","시급10,320원 이상,","평일 : (근무시간) (오전) 9시 00분 ~ (정오) 12시 00분, 주 5일 근무","기간의 정함이 없는 근로계약/ 파견근로 비희망/ 대체인력채용 비희망","재가 요양보호사(550102)","노인 요양 복지시설 운영업","관계없음","학력무관","","26-07-31","채용시까지  26-09-29","","* 성별: 여자 어르신 * 등급: 4등급 * 서비스내용: 신체활동지원, 가사 및 일상생활지원, 개인위생관리지원, 병원 동행 등 재가방문요양 서비스 * 시급: 13,100원(수당포함)","서류,면접","방문","기타(자격증, 건강검진결과지(1년이내))","","031-611-0736","평일 : (근무시간) (오전) 9시 00분 ~ (정오) 12시 00분, 주 5일 근무"
"손길재가방문센터","안성시 공도읍 재가요양보호사 구함","(17550)  경기도 안성시 송원길 10, 참아름아파트 (경기도시공사참아름)","17915 경기도 평택시 조개터로6번길 41-2 (합정동)","시급10,320원 이상 ~ 10,320원 이하,","평일 : (근무시간) (오전) 11시 00분 ~ (오후) 5시 00분, 주 6일 근무","기간의 정함이 없는 근로계약/ 파견근로 비희망/ 대체인력채용 비희망","재가 요양보호사(550102)","방문 복지서비스 제공업","신입","학력무관","","26-07-31","채용시까지  26-09-29","","3등급 할아버지, 4등급 할머니/ 일상생활 지원/ 수당포함 시급(13,300원)","면접","방문,팩스,고용24","이력서","","070-4078-2021","평일 : (근무시간) (오전) 11시 00분 ~ (오후) 5시 00분, 주 6일 근무"
"주식회사엘림텍","프레스 기계 조작원 모집합니다.","(12795)  경기도 광주시 양벌로 256 (양벌동)","12795 경기도 광주시 양벌로 256 (양벌동)","시급10,320원 이상,","평일 : (근무시간) (오전) 8시 30분 ~ (오후) 5시 30분, 주 5일 근무","기간의 정함이 없는 근로계약/ 파견근로 비희망/ 대체인력채용 비희망","프레스기 및 절단기 조작원(813207)","그 외 기타 전자부품 제조업","관계없음","학력무관","","26-07-31","채용시까지  26-09-29","","프레스 기계 조작원 모집합니다.  **문의 : 031-797-1181","서류,면접","방문,이메일","이력서,자기소개서","","031-797-1181","평일 : (근무시간) (오전) 8시 30분 ~ (오후) 5시 30분, 주 5일 근무"
"(주)케어링 방문요양센터 성남점","(송파구/잠실동) 요양보호사 구인","(05567)  서울특별시 송파구 삼전로7길 10, 현대빌라 (잠실동)","13383 경기도 성남시 중원구 둔촌대로52번길 11, 1층 (성남동)","시급10,320원 이상 ~ 10,320원 이하,","평일 : (근무시간) (오후) 1시 00분 ~ (오후) 4시 00분, 주 3일 근무","기간의 정함이 없는 근로계약(시간(선택)제)/ 파견근로 비희망/ 대체인력채용 비희망","재가 요양보호사(550102)","노인 요양 복지시설 운영업","관계없음","학력무관","","26-07-30","채용시까지  26-09-29","","케어링은 가족요양, 방문요양, 주간보호 등의 돌봄 서비스를 제공하는 시니어 테크 스타트업입니다. 대한민국의 천만 명의 어르신, 보호자님께 '또 하나의 가족'이 되어드리는 것이 저희의 존재 이유입니다.  (주)케어링 방문요양센터 성남점 요양보호사 모집합니다....  1.여자 어르신(92세, 5등급) - 서울 송파구 잠실동 248-14 - 주3회(월,수,금) 13:00~16:00 - 인지활동지원, 말벗, 산책도움","서류,면접","방문,고용24","이력서,기타(요양보호사 자격증)","","031-757-6585","평일 : (근무시간) (오후) 1시 00분 ~ (오후) 4시 00분, 주 3일 근무"
"이든재가복지센터","재가요양보호사 모집","(11467)  경기도 양주시 옥정동로 257, 상세주소확인 (옥정동, 율정마을7단지)","11354 경기도 동두천시 동두천로 13, 이든재가복지센터 (송내동, 우진프라자)","시급10,320원 이상 ~ 10,320원 이하,","평일 : 09:00~12:00, 주2일(화,목) 또는 12:30~15:30, 주2일(화,목), 주 2일 근무","기간의 정함이 없는 근로계약(시간(선택)제)/ 파견근로 비희망/ 대체인력채용 비희망","재가 요양보호사(550102)","사회복지 상담서비스 제공업","경력","학력무관","","26-07-30","채용시까지  26-09-29","","5등급 여)어르신 신체,정서,인지 , 일상생활도움 서비스 치매교육이수 필수자 주2일 , (화,목)  09:00~12:00 또는 12:30~15:30 시급 10,320원 (주휴수당등 포함 13,000원)","서류,면접","방문,팩스,고용24,이메일,기타(전화문의후 방문지원.)","이력서,자기소개서","","031-868-1006","평일 : 09:00~12:00, 주2일(화,목) 또는 12:30~15:30, 주2일(화,목), 주 2일 근무"
"검단방문요양센터","2등급 할아버님 재가 요양보호사 모집","(12703)  경기도 광주시 남한산성로 314-19","12959 경기도 하남시 하남대로787번길 31 (신장동)","시급10,320원 이상 ~ 10,320원 이하,","평일 : (근무시간) (정오) 12시 00분 ~ (오후) 4시 00분, 주 6일 근무","기간의 정함이 없는 근로계약(시간(선택)제)/ 파견근로 비희망/ 대체인력채용 비희망","재가 요양보호사(550102)","그 외 기타 비거주 복지 서비스업","관계없음","학력무관","","26-08-03","채용시까지  26-10-01","","-가족분들과 함께 거주하시나 요양사님 근무시간대에는 혼자계심 -인지 양호하시고 말수가 없으신 편이며 점심식사 준비와 정리 후 퇴근 -소변줄을 끼고 계시고 대변은 부축 도움 받아 화장실에서 보심 -차량 소지자 우대  (주유비 지원) / 교통비 월10만원 지원 - 주6일  12:00~16:00 (월요일~토요일)  주 6일 근무(약간의 시간협의가능) - 시급 13,500원(10,320원)+하루 중증 수당 6,000원","서류","이메일","이력서","","031-794-6878","평일 : (근무시간) (정오) 12시 00분 ~ (오후) 4시 00분, 주 6일 근무"
"서림폴리텍 주식회사","건물 위탁 관리 업체 경리사원 모집합니다.","(04208)  서울특별시 마포구 만리재로 83, 9층 (공덕동)","04208 서울특별시 마포구 만리재로 83, 9층 (공덕동)","시급10,320원 이상 ~ 10,320원 이하,","평일 : (근무시간) (오전) 8시 30분 ~ (오후) 5시 30분, 주 5일 근무","기간의 정함이 없는 근로계약/ 파견근로 비희망/ 대체인력채용 비희망","경리 사무원(회계·세무 사무소)(027205)","사업시설 유지？관리 서비스업","관계없음","학력무관","","26-08-03","채용시까지  26-10-02","","주경리 1명(2,700,000원 식대포함) 용역비 청구 및 계산서 발행 노무관리 본사 행정업무 보조","서류,면접","고용24,이메일","이력서,자기소개서","서울서부고용센터","02-2077-6071","평일 : (근무시간) (오전) 8시 30분 ~ (오후) 5시 30분, 주 5일 근무"
"효엔재가복지센터","(5등급) 재가요양보호사구인","(01095)  서울특별시 강북구 인수봉로37길 12, 혜화여고 인근 (수유동, 삼성그린타운)","01100 서울특별시 강북구 인수봉로 134 (수유동)","시급10,320원 이상 ~ 10,320원 이하,","평일 : (근무시간) (오전) 9시 30분 ~ (오후) 12시 30분, 주 5일 근무","기간의 정함이 있는 근로계약(시간(선택)제)12 개월/ 파견근로 비희망/ 대체인력채용 비희망","재가 요양보호사(550102)","노인 요양 복지시설 운영업","관계없음","학력무관","","26-08-03","채용시까지  26-09-29","","- 52년생 5등급 남자어르신 - 강북구 화계사, 혜화여고 인근 - 월~금 : 09:30~12:30 - 시급 : 13,200원(주휴, 연차수당 포함) - 인지훈련, 일상생활함께하기,병원동행  - 치매교육 이수 필수 - 남자, 여자 요양보호사 지원 가능","서류,면접","방문","이력서","","02-988-3288","평일 : (근무시간) (오전) 9시 30분 ~ (오후) 12시 30분, 주 5일 근무"
"개나리방문요양센터","[성수동 주3회 4등급 할머니]독거어르신 방문요양...","(04790)  서울특별시 성동구 상원길 42, 4층 (성수동1가, 뚝섬현대아파트)","02210 서울특별시 중랑구 면목로44가길 50, 1층 (면목동)","시급10,320원 이상 ~ 10,320원 이하, 면접 후 재조정 가능","평일 : (근무시간) (오후) 4시 00분 ~ (오후) 7시 00분, 주 3일 근무","기간의 정함이 없는 근로계약/ 파견근로 비희망/ 대체인력채용 비희망","재가 요양보호사(550102)","노인 요양 복지시설 운영업","관계없음","학력무관","","26-08-03","채용시까지  26-10-01","","-정서지원 위주 서비스 -할 일이 거의 없어서 어르신께서 가끔 원하시는 것 말씀하시면 해주시면 됨 -혼자 거동 -성품 좋으심 -경력 없으신 분도 어렵지 않게 하실 수 있는 댁  *주3회 (월, 수, 금) *기본시급 10,320원 + 주휴 및 연차, 기타수당 → 13,500원","면접","방문,고용24","기타(건강검진확인서)","","02-2208-3580","평일 : (근무시간) (오후) 4시 00분 ~ (오후) 7시 00분, 주 3일 근무"
"다솜재가복지센터","[상계동] 4등급 어르신 오후 재가 요양보호사 구...","(01603)  서울특별시 노원구 동일로245길 162, . (상계동, 은빛1단지아파트)","02766 서울특별시 성북구 돌곶이로34길 13 (장위동)","시급10,320원 이상 ~ 10,320원 이하,","평일 : (근무시간) (오후) 1시 00분 ~ (오후) 4시 00분, 주 6일 근무","기간의 정함이 없는 근로계약(시간(선택)제)/ 파견근로 비희망/ 대체인력채용 비희망","재가 요양보호사(550102)","방문 복지서비스 제공업","관계없음","학력무관","","26-08-03","채용시까지  26-10-02","","[상계 은빛1단지] 4등급 할머님, 일상생활지원  - 근무시간: 주6일 / 오후 1시~4시  - 시급: 13,000원  - 거동 가능하시고 인지도 좋으십니다.","면접","방문,기타(전화)","기타(요양보호사 자격증, 채용건강검진결과지)","","","평일 : (근무시간) (오후) 1시 00분 ~ (오후) 4시 00분, 주 6일 근무"
"(금천)하늘방문요양센터","독산동] 3등급 할머니 요양보호사 채용_15~18...","(08537)  서울특별시 금천구 남부순환로124길 24-2, 구로전화국 인근 (독산동)","08543 서울특별시 금천구 독산로85길 36 (독산동, 독산 오르페움타워)","시급10,320원 이상 ~ 13,000원 이하,","평일 : (근무시간) (오후) 3시 00분 ~ (오후) 6시 00분, 주 5일 근무","기간의 정함이 없는 근로계약(시간(선택)제)/ 파견근로 비희망/ 대체인력채용 비희망","재가 요양보호사(550102)","방문 복지서비스 제공업","관계없음","학력무관","","26-08-03","26-10-02","","○ 3등급 할머니 - 이동도움, 주변정리, 정리정돈, 말벗, 목욕도움  ○ 수당 포함 13,000원    .","면접","방문,기타(전화)","기타(자격증 사본, 건강검진 결과표 필수)","","","평일 : (근무시간) (오후) 3시 00분 ~ (오후) 6시 00분, 주 5일 근무"
"사랑드림재가노인복지센터","(대야동)요양보호사구인","(14905)  경기도 시흥시 대야로13번길 21-1, 소재 (대야동, 보강빌라)","22718 인천광역시 서해구 대평로56번길 32, 우성상가 204호 (연희동, 우성아파트)","시급10,320원 이상,","평일 : (근무시간) (오후) 1시 00분 ~ (오후) 4시 00분, 주 6일 근무","기간의 정함이 없는 근로계약(시간(선택)제)/ 파견근로 비희망/ 대체인력채용 비희망","재가 요양보호사(550102)","그 외 기타 비거주 복지 서비스업","관계없음","학력무관","","26-08-03","채용시까지  26-10-02","","-시흥 대야초앞 4등급(남) -13시~16시/ 격주토 시급: 13,100원 (제수당포함)","면접","기타(010-9961-8098 사랑드림재가복지센터 센터장)","이력서","","032-565-7629","평일 : (근무시간) (오후) 1시 00분 ~ (오후) 4시 00분, 주 6일 근무"
"으뜸재가노인복지센터","새솔동 (4등급, 여) 요양보호사 구인 합니다. ...","(18238)  경기도 화성시 만세구 수노을1로 236, 반도유보라 APT (새솔동, 송산그린시티 반도유보라 아이비파크)","15552 경기도 안산시 상록구 본원로2길 4, 으뜸재가노인복지센터 (본오동)","시급10,362원 이상 ~ 10,362원 이하,","평일 : 근무시간: 14:00 ~ 17:00 (月24일 근무, 월~토/격주), 주 6일 근무","기간의 정함이 없는 근로계약(시간(선택)제)/ 파견근로 비희망/ 대체인력채용 비희망","재가 요양보호사(550102)","사회복지 상담서비스 제공업","관계없음","학력무관","","26-08-03","채용시까지  26-10-02","","▣새솔동 4등급 여자 어르신  # 가사지원(반찬 등), 병원동행(월1회), 목욕도움(주2회)  # 인지 좋으시며, 실내보행 가능하지만 부축도움 필요  # 병원동행 시 휠체어를 태우고 동네 병원 방문 (새솔조은내과) ▣ 근무시간: 14:00 ~ 17:00 (月24일 근무, 월~토/격주) ▣ 새솔동 반도유보라 아파트 ▣ 시급 13,000원 (기본시급 10,362원 + 주휴 등 기타수당 포함금액)","서류,면접","방문,고용24","기타(요양보호사 자격증)","","","평일 : 근무시간: 14:00 ~ 17:00 (月24일 근무, 월~토/격주), 주 6일 근무"
"효도랑재가방문요양센터","요양보호사 모집","(07518)  서울특별시 강서구 방화대로52가길 36, 3층 (방화동, 한림빌리지)","07925 서울특별시 양천구 곰달래로6길 21 (신월동)","시급10,320원 이상 ~ 10,320원 이하,","평일 : (근무시간) (오전) 11시 30분 ~ (오후) 2시 30분, 주 5일 근무","기간의 정함이 없는 근로계약(시간(선택)제)/ 파견근로 비희망/ 대체인력채용 비희망","재가 요양보호사(550102)","사회복지 상담서비스 제공업","관계없음","학력무관","","26-08-03","채용시까지  26-09-30","","4등급 여자 어르신 무릎 불편.어르신 두분만 거주 하심","기타(요양보호사 자격증 소지자, 시급 13000원 입니다)","고용24","이력서","","","평일 : (근무시간) (오전) 11시 30분 ~ (오후) 2시 30분, 주 5일 근무"
"개나리방문요양센터","[면목동 4등급 할머니]방문요양보호사 구인","(02243)  서울특별시 중랑구 답십리로77길 89, 3층 (면목동)","02210 서울특별시 중랑구 면목로44가길 50, 1층 (면목동)","시급10,320원 이상 ~ 10,320원 이하,","평일 : (근무시간) (오후) 1시 00분 ~ (오후) 4시 00분, 주 5일 근무","기간의 정함이 없는 근로계약/ 파견근로 비희망/ 대체인력채용 비희망","재가 요양보호사(550102)","노인 요양 복지시설 운영업","관계없음","학력무관","","26-08-03","채용시까지  26-09-30","","-통상적 방문요양 -어르신 보조 -치매없음, 기저귀 없음 -혼자 보행하심  *기본시급 10,320원 + 주휴 및 연차, 기타수당 → 13,500원","면접","방문,고용24","기타(건강검진확인서)","","02-2208-3580","평일 : (근무시간) (오후) 1시 00분 ~ (오후) 4시 00분, 주 5일 근무"
"알라딘재가방문요양센터","(충훈부성결교회 부근) 요양보호사 구인","(13975)  경기도 안양시 만안구 와룡로3번길 54-11, 1 (석수동, 우진주택)","13987 경기도 안양시 만안구 박달로545번길 11, 알라딘재가방문요양센터 (박달동)","시급10,320원 이상 ~ 10,320원 이하,","평일 : (근무시간) (오전) 8시 30분 ~ (오전) 11시 30분, 주 6일 근무","기간의 정함이 없는 근로계약(시간(선택)제)/ 파견근로 비희망/ 대체인력채용 비희망","재가 요양보호사(550102)","방문 복지서비스 제공업","관계없음","학력무관","","26-08-03","채용시까지  26-09-30","","4등급, 53년생 남자어르신 혼자 거주하시는 어르신. 요양보호사 일반업무 통합시급 13,500( 시급10,320 + 주휴수당 + 기타수당 포함) 근무시간 08:30~11:30(주6일)","기타(통화 후 면접)","기타(통화 후 면접)","기타(요양보호사 자격증, 취업 건강검진 진단서)","","031-393-1569","평일 : (근무시간) (오전) 8시 30분 ~ (오전) 11시 30분, 주 6일 근무"
"이레재가복지센터","방문요양 요양보호사 구합니다 (76세 여자어르신)","(13492)  경기도 성남시 분당구 대왕판교로644번길 65, 501동 (삼평동, 봇들마을5단지아파트)","16872 경기도 용인시 수지구 대지로 19, 더리버하임 상가 (죽전동, 더 리버하임)","시급10,320원 이상 ~ 10,320원 이하,","평일 : (근무시간) (오전) 9시 00분 ~ (정오) 12시 00분, 주 5일 근무","기간의 정함이 없는 근로계약(시간(선택)제)/ 파견근로 비희망/ 대체인력채용 비희망","재가 요양보호사(550102)","사회복지 상담서비스 제공업","신입","학력무관","","26-07-30","채용시까지  26-09-29","","성별 : 여 나이 : 76 등급 : 3 주소 :경기도 성남시 분당구 대왕판교로644번길65   * 서비스(근무 내용)  1. 가사도움 및 산책  * 근무형태 : 09:00~12:00시( 협의 후 결정)   담당자 번호로 연락 바랍니다.","면접","방문,고용24","이력서","","031-897-0810","평일 : (근무시간) (오전) 9시 00분 ~ (정오) 12시 00분, 주 5일 근무"
"A+ 행복한 방문요양센터","(도봉1동 우체국)  오후 요양보호사 구인","(01304)  서울특별시 도봉구 도봉로 871, 우체국 인근(아주 가까운 거리) (도봉동)","04305 서울특별시 용산구 만리재로 138-1 (서계동)","시급13,020원 이상 ~ 13,020원 이하,","평일 : (근무시간) (오후) 3시 00분 ~ (오후) 6시 00분, 주 5일 근무","기간의 정함이 없는 근로계약(시간(선택)제)/ 파견근로 비희망/ 대체인력채용 비희망","재가 요양보호사(550102)","방문 복지서비스 제공업","관계없음","학력무관","","26-08-03","채용시까지  26-09-29","","* 업무내용  - 5등급 여성 / 80세  - 신체/환경 청결유지 및 말벗서비스   - 식사챙기기, 인지교육, 정서지원 등  * 근로조건   - 주 5일 (월-금)  - 15시 ∼ 18시 또는 16시 ∼ 19시 / 3시간   - 시급 14,000원(주휴,연차수당 포함) * 기타사항  - 부부가정","면접","방문,우편,팩스,고용24,기타(문자)","기타(자격증, 건강검진서(유효기간 1년 이내)  (검진서는 채용 확정시 바로 제출해야 함. 근무 시작일 전에 발급된 것만 인정))","","02-704-7400","평일 : (근무시간) (오후) 3시 00분 ~ (오후) 6시 00분, 주 5일 근무"
"비지팅엔젤스 금천지점","3등급 남자어르신 요양보호사 구인(오후)","(08550)  서울특별시 금천구 문성로1길 7 (독산동, 목화아파트2차)","08512 서울특별시 금천구 벚꽃로56길 182 (가산동, 램킨푸르지오시티)","시급10,320원 이상,","평일 : (근무시간) (오후) 1시 00분 ~ (오후) 4시 00분, 주 5일 근무","기간의 정함이 없는 근로계약(시간(선택)제)/ 파견근로 비희망/ 대체인력채용 비희망","재가 요양보호사(550102)","방문 복지서비스 제공업","관계없음","학력무관","","26-07-30","채용시까지  26-09-26","","○ 3등급  남  ○ 포괄 시급 13000원","면접","방문,기타(전화 010-2090-0022)","기타(자격증 사본, 건강검진결과지)","","","평일 : (근무시간) (오후) 1시 00분 ~ (오후) 4시 00분, 주 5일 근무"
"다온재가복지센터","독산주공13단지아파트] 4등급 할머니,9:00~1...","(08598)  서울특별시 금천구 한내로 69-15, . (독산동, 주공13단지아파트)","14306 경기도 광명시 하안로 294-9 (하안동)","시급10,320원 이상,","평일 : (근무시간) (오전) 9시 00분 ~ (정오) 12시 00분, 주 6일 근무","기간의 정함이 없는 근로계약(시간(선택)제)/ 파견근로 비희망/ 대체인력채용 비희망","요양보호사(550100)","방문 복지서비스 제공업","관계없음","학력무관","","26-08-03","채용시까지  26-10-02","","○ 4등급  할머니  ○ 기본 시급 10,320원 + 주휴수당 + 연차수당 + 기타수당 = 시급 12,978원  -내국인요양사님 지원가능","면접","기타(전화 후 방문)","기타(자격증 사본)","","02-898-5448","평일 : (근무시간) (오전) 9시 00분 ~ (정오) 12시 00분, 주 6일 근무"
"온맘재가복지센터","재가요양보호사 모집 - 4등급 / 여자어르신 / ...","(07385)  서울특별시 영등포구 도신로40길 8-3 (신길동)","07364 서울특별시 영등포구 도영로 80 (도림동, 대우미래사랑)","시급10,320원 이상,","평일 : 13:30~16:30, 주 5일 근무","기간의 정함이 없는 근로계약/ 파견근로 비희망/ 대체인력채용 비희망","재가 요양보호사(550102)","방문 복지서비스 제공업","관계없음","학력무관","","26-08-03","채용시까지  26-09-29","","[재가요양보호사 모집]  직무: 4등급 여자어르신 돌봄 - 80세 어르신, 돌보는 시간에 혼자 계심, 거동가능, 가사활동 및 일상생활지원, 정서지원 등   근무시간: 13:30~16:30 / 주5일 월~금  시급: 10,320원(주휴 수당, 연차 수당 포함 13,000원) + 기타수당","면접","방문,고용24","기타(요양보호사 자격증 사본, 건강검진서)","","070-8287-2770","평일 : 13:30~16:30, 주 5일 근무"
"참나눔재가복지센터","새천년3단지 요양보호사님을 모십니다.","(16959)  경기도 용인시 기흥구 새천년로16번길 18 (신갈동)","16971 경기도 용인시 기흥구 신구로54번길 4-1 (구갈동)","시급10,320원 이상 ~ 10,320원 이하,","평일 : (근무시간) (오전) 9시 00분 ~ (정오) 12시 00분, 주 5일 근무","기간의 정함이 없는 근로계약(시간(선택)제)/ 파견근로 비희망/ 대체인력채용 비희망","재가 요양보호사(550102)","방문 복지서비스 제공업","관계없음","학력무관","","26-07-30","채용시까지  26-09-29","","90세 4등급 여자어르신 혼자거주 병원동행(동백세브란스외) 및 가사활동 외   근무요일 : 월요일 - 금요일 근무시간 : 09:00- 12:00 임금(시간당) 시급 10,320+ 주휴수당+연차수당+기타수당 = 13,300원  자세한 사항은 전화주세요.","면접","방문,고용24","이력서","","031-693-7944","평일 : (근무시간) (오전) 9시 00분 ~ (정오) 12시 00분, 주 5일 근무"
"효나누미노인복지센터","재가요양보호사 구인(간석동)","(21545)  인천광역시 남동구 남동대로898번길 89-6, . (간석동, 형제빌라)","21545 인천광역시 남동구 남동대로884번길 41, 상가 103호 (간석동)","시급10,320원 이상 ~ 10,320원 이하,","평일 : - 근무시간: 8:00~10:00, 17:00~18:00 (주6일 ,추가가능), 주 6일 근무","기간의 정함이 없는 근로계약(시간(선택)제)/ 파견근로 비희망/ 대체인력채용 비희망","재가 요양보호사(550102)","노인 요양 복지시설 운영업","관계없음","학력무관","","26-07-30","채용시까지  26-09-29","","3등급 거동가능 독거 여자어르신 재가요양보호사 구인 - 일상생활지원/식사준비/투약도움 - 수당포함 시급 13,100원 - 근무시간: 8:00~10:00, 17:00~18:00 (주6일 ,추가가능)","면접","방문","이력서,기타(요양보호사 자격증)","","032-713-8879","평일 : - 근무시간: 8:00~10:00, 17:00~18:00 (주6일 ,추가가능), 주 6일 근무"
"미소 재가 복지 센터","[화곡동] 여자어르신 / 주6일 오전 9시반-12...","(07710)  서울특별시 강서구 강서로41길 74 (화곡동, 제이제이캐슬)","07912 서울특별시 양천구 남부순환로50길 1, 102호 (신월동)","시급10,320원 이상 ~ 10,320원 이하,","평일 : (근무시간) 오전 9시30분 - 12시30분 (협의가능), 주 6일 근무","기간의 정함이 없는 근로계약(시간(선택)제)/ 파견근로 비희망/ 대체인력채용 비희망","재가 요양보호사(550102)","방문 복지서비스 제공업","관계없음","학력무관","","26-08-28","26-09-12","","- 여자어르신, 지팡이 사용 - 일상생활지원, 청소, 식사도움 등 - 근무시간: 오전 9시반-12시반 (시간협의 가능) / 주 6일 - 시급 : 13,000원 (10,320원+ 수당포함 금액)","면접","방문,기타(전화)","기타(요양보호사자격증)","","","평일 : (근무시간) 오전 9시30분 - 12시30분 (협의가능), 주 6일 근무"
"늘푸른한방병원","늘푸른한방병원에서 미화담당분야 정직원을 모십니다.","(15367)  경기도 안산시 단원구 선부광장로 95 (선부동)","15367 경기도 안산시 단원구 선부광장로 95 (선부동)","시급11,230원 이상,","평일 : 근무시간 : 평일 오전 7:30~14:00 / 토요일 : 07:30~09:30 휴게시간 : 11:30~13:00, 주 6일 근무","기간의 정함이 없는 근로계약(시간(선택)제)/ 파견근로 비희망/ 대체인력채용 비희망","건물 청소원(공공건물,아파트,사무실,병원,상가,공장 등)(561101)","한방 병원","관계없음","학력무관","","26-08-03","채용시까지  26-10-02","","-근무시간 : 평일 오전 7:30~14:00 / 토요일 : 07:30~09:30                 (휴게시간 : 11:30~13:00) -점심식사 제공 -휴식공간 제공","서류,면접","고용24,이메일,기타(문의 : 031-412-6681)","이력서","(유관기관-중장년내일센터)안산상공회의소_안산","031-412-6681","평일 : 근무시간 : 평일 오전 7:30~14:00 / 토요일 : 07:30~09:30 휴게시간 : 11:30~13:00, 주 6일 근무"
"사단법인 경기도시각장애인연합회 오산시지회","근로지원인 모집 (경기도교육청)","(16508)  경기도 수원시 영통구 도청로 28, 경기도교육청 (이의동)","18104 경기도 오산시 충신이상재길 8-16, 참사랑복지회관 (서동, 참사랑복지회관)","시급10,320원 이상 ~ 10,320원 이하,","평일 : (근무시간) (오후) 1시 00분 ~ (오후) 5시 00분, 주 5일 근무","기간의 정함이 있는 근로계약(시간(선택)제)5 개월/ 파견근로 비희망/ 대체인력채용 비희망","장애인 생활지도원(장애인활동보조원 포함)(232903)","종합복지관 운영업","신입","학력무관","","26-07-30","채용시까지  26-09-29","","경기 수원시 영통구 경기도교육청에서 근로하시는 지체 장애인 근로자를 지원하는 업무입니다.  -채용인원 : 1명   -급여 : 시급 10,320원 (주휴수당 지급, 공휴일 유급휴가, 4대보험 가입)   -근무예정기간 :   2026.08.01~                    -근무시간 : 13:00~17:00  -근무요일: 월~금    -업무 : 업무보조(컴퓨터업무 지원 및 근무지 내외 이동지원 등)            지체장애로 인한 화장실 이동보조 지원","서류,면접","고용24,이메일","이력서","","031-378-4789","평일 : (근무시간) (오후) 1시 00분 ~ (오후) 5시 00분, 주 5일 근무"
"메디누리요양병원","[채용대행] 메디누리요양병원 계약직 조리원 모집","(10343)  경기도 고양시 일산서구 일현로 53, 메디누리요양병원 (탄현동)","10343 경기도 고양시 일산서구 일현로 53, 1층일부, 4,5,6,7,8 층 (탄현동)","시급10,320원 이상,","평일 : 06:00~10:30(휴게시간 30분), 10:00~15:00(휴게시간 30분), 주 5일 근무","기간의 정함이 있는 근로계약(시간(선택)제)10 개월/ 파견근로 비희망/ 대체인력채용 비희망","단체급식 조리사(531800)","요양 병원","관계없음","학력무관","","26-07-30","채용시까지  26-09-29","","[채용대행] 메디누리요양병원 계약직 조리원 모집  /요양병원 조리업무보조 /식수 저녁 70~80명 정도 /주5일 06:00~10:30(휴게시간 30분), 10:00~15:00(휴게시간 30분)  ■문의: 고양시청일자리센터 031-8075-7809","서류,면접","기타(■문의: 고양시청일자리센터 031-8075-7809)","이력서","지자체 취업알선기관_경기  고양시","031-8075-7809","평일 : 06:00~10:30(휴게시간 30분), 10:00~15:00(휴게시간 30분), 주 5일 근무"
"스마일재가복지센터","지동 효자마을 삼호아파트 요양보호사 모집합니다.","(16247)  경기도 수원시 팔달구 팔달문로82번길 8, 102동 (지동, 삼호아파트)","17873 경기도 평택시 중앙로 301, 문화아파트 상가동 (비전동)","시급10,320원 이상 ~ 10,320원 이하,","평일 : (근무시간) (오전) 8시 30분 ~ (오전) 11시 30분, 주 5일 근무","기간의 정함이 없는 근로계약(시간(선택)제)/ 파견근로 비희망/ 대체인력채용 비희망","재가 요양보호사(550102)","사회복지 상담서비스 제공업","관계없음","학력무관","","26-07-30","채용시까지  26-09-29","","재가요양보호사 모집합니다.  일상생활지원 서비스, 병원동행, 가사지원, 정서지원등 4등급 여자 어르신 입니다. 80대 근무시간은 08:30~11:30                 시급은 주휴수당 등 포함하여 13,300원입니다.","서류,면접","고용24","자기소개서","","031-647-3705","평일 : (근무시간) (오전) 8시 30분 ~ (오전) 11시 30분, 주 5일 근무"
"은빛방문요양센터","만수동 재가 요양보호사 구인","(21541)  인천광역시 남동구 담방로 105, . (만수동, 만수주공7,8단지아파트)","21385 인천광역시 부평구 화랑로 14, 5,6층 (산곡동, 백운빌딩)","시급10,320원 이상,","평일 : (근무시간) (오전) 9시 00분 ~ (정오) 12시 00분, 주 5일 근무","기간의 정함이 없는 근로계약(시간(선택)제)/ 파견근로 비희망/ 대체인력채용 비희망","재가 요양보호사(550102)","사회복지 서비스업","관계없음","학력무관","","26-08-03","26-10-02","","- 4등급 할머니(독거) - 09:00~12:00 주5일 -13,000원(시급+수당포함) - 파킨슨, 일상생활 도움, 반려견 1마리 있음 -채용담당자 센터장 010-7194-2571 전화  먼저 주세요","서류,면접","방문,기타(전화후 면접)","이력서,기타(자격증 사본)","","","평일 : (근무시간) (오전) 9시 00분 ~ (정오) 12시 00분, 주 5일 근무"
"(주)다빈 재가노인복지센터","요양보호사 구인","(21547)  인천광역시 남동구 당좌로5번길 20, 5 (구월동)","22832 인천광역시 서해구 가정로 127-1, 4층 (가좌동)","시급10,320원 이상 ~ 10,320원 이하,","평일 : (근무시간) (오후) 2시 00분 ~ (오후) 5시 00분, 주 6일 근무","기간의 정함이 없는 근로계약(시간(선택)제)/ 파견근로 비희망/ 대체인력채용 비희망","재가 요양보호사(550102)","노인 양로 복지시설 운영업","관계없음","학력무관","","26-07-30","채용시까지  26-09-29","","요양보호사님 모집합니다  신체활동지원 등  3등급 할머니 오후 2시-5시","서류,면접","고용24","기타(건강 검진 기록지  요양보호사 자격증)","","032-572-5532","평일 : (근무시간) (오후) 2시 00분 ~ (오후) 5시 00분, 주 6일 근무"
"한결시니어케어","[방문요양]4등급 남자어르신 요양보호사 채용(간석...","(21506)  인천광역시 남동구 주안로253번길 1, . (간석동)","21506 인천광역시 남동구 주안로253번길 1, 1층 2호 (간석동)","시급10,320원 이상,","평일 : (근무시간) (오전) 8시 30분 ~ (오전) 11시 30분, 주 5일 근무","기간의 정함이 없는 근로계약(시간(선택)제)/ 파견근로 비희망/ 대체인력채용 비희망","재가 요양보호사(550102)","방문 복지서비스 제공업","관계없음","학력무관","","26-08-03","채용시까지  26-10-02","","4등급 74세 남성 어르신 케어 -독거 - [어르신상태] 스스로 보행 및 활동 가능. 치매증상 전혀 없음 - [필요 서비스] 식사준비, 요리하기, 말벗, 청소, 빨래 - [시급] 13,400원(각종 수당 포함)","서류,면접","방문","이력서","","032-721-5896","평일 : (근무시간) (오전) 8시 30분 ~ (오전) 11시 30분, 주 5일 근무"
"샤론방문요양센터","[천왕동] 재가요양보호사 모집","(08364)  서울특별시 구로구 천왕로 9 (천왕동, 천왕이펜하우스6단지)","08392 서울특별시 구로구 시흥대로 545-1, 2 (구로동)","시급10,320원 이상 ~ 13,200원 이하,","평일 : (근무시간) (오전) 9시 00분 ~ (정오) 12시 00분, 주 5일 근무","기간의 정함이 없는 근로계약(시간(선택)제)/ 파견근로 비희망/ 대체인력채용 비희망","재가 요양보호사(550102)","사회복지 상담서비스 제공업","관계없음","학력무관","","26-07-30","채용시까지  26-09-29","","천왕동, 천왕이펜하우스6단지 내  - 대상자: 4등급 할머니, 82 세, 거동가능, 인지양호, 아들가족과 거주[낮에는 혼자 계심] - 직무내용: 일상생활지원, 가사활동지원 등 전반적인 요양돌봄서비스 - 근로시간: 09:00~12:00 / 주5일 - 시급: 10,320원[포괄 시급 13,200원]","서류,면접","방문,기타(전화 010-2339-0085)","이력서,기타(건강검진표)","","02-894-0114","평일 : (근무시간) (오전) 9시 00분 ~ (정오) 12시 00분, 주 5일 근무"
"다원팜 농업회사법인(유)","버섯재배 및 수확작업자 모집","(17542)  경기도 안성시 대덕면 만세로 357-12","17542 경기도 안성시 대덕면 만세로 357-12","시급10,320원 이상,","평일 : (근무시간) (오전) 8시 00분 ~ (오후) 5시 00분, 주 6일 근무","기간의 정함이 없는 근로계약/ 파견근로 비희망/ 대체인력채용 비희망","농업 관련 단순 종사원(905100)","기타 시설작물 재배업","관계없음","학력무관","","26-07-30","채용시까지  26-09-29","","버섯재배 및 수확포장관련 업무자","서류","고용24","이력서","","031-673-6388","평일 : (근무시간) (오전) 8시 00분 ~ (오후) 5시 00분, 주 6일 근무"
"행복동행 방문요양센터","[노원구] 재가요양보호사 구인","(01905)  서울특별시 노원구 월계로 372, . (월계동, 월계사슴1단지아파트)","01604 서울특별시 노원구 동일로245가길 41, 상가동2층201호 (상계동, 은빛2단지아파트)","시급10,320원 이상 ~ 10,320원 이하, 면접 후 재조정 가능","평일 : (근무시간) (오전) 9시 00분 ~ (정오) 12시 00분, 주 5일 근무","기간의 정함이 없는 근로계약/ 파견근로 비희망/ 대체인력채용 비희망","요양보호사(노인요양사)(550101)","노인 요양 복지시설 운영업","신입","학력무관","","26-07-30","채용시까지  26-09-29","","[주요업무] - 일상생활 지원 - 청소 및 환경 정리 - 식사 준비 - 말벗  [대상자정보] -90대 3등급 독거 남자 어르신, 거동 가능, 일상생활 거의가능 -수당포함 시급 13,400원 -서울 노원구 월계로372 사슴아파트1단지","면접","방문","기타(요양보호사자격증 필수 구인확정후 이후 필요서류 제출)","","02-935-5925","평일 : (근무시간) (오전) 9시 00분 ~ (정오) 12시 00분, 주 5일 근무"
"신동아교통합자회사 연수지점","인천형 준공영제 광역급행형 시내버스 M버스 운전직...","(22021)  인천광역시 연수구 아카데미로312번길 268 (송도동)","22021 인천광역시 연수구 아카데미로312번길 268 (송도동)","시급13,081원 이상 ~ 19,008원 이하,","평일 : ※ 상세 근무시간    교대제 근무로 첫차 05시부터 시작.  ※ M버스 5개 노선     M6439, M6450, M6405, M6461, M6464   배차시간에 따라 출근시간 변동있음(1일 2교대제 근무) 하루 9시간 근로  기타문의 032-888-7065 2조 2교대, 주 5일 근무","기간의 정함이 없는 근로계약/ 파견근로 비희망/ 대체인력채용 비희망","노선버스 운전원(시내, 마을, 시외, 고속)(622201)","시내버스 운송업","경력","학력무관","","26-08-03","채용시까지  26-10-02","","노선 시내버스(광역) 운수종사자  노선숙지 및 운행연습 등을 위한교육 별도 실시(교육기간동안 수당 별도 지급)  [여객운송 > 차량운행] 운행 법규 준수하기,차량 안전 상태 확인하기,승객 편의 제공하기  M버스 (송도-강남역 // 송도-삼성역 / 송도-강남역) 세개 노선           (인천터미널-역삼역 // 소래포구역-역삼역) 두개 노선  근무형태  1일 2교대제 (근무시간 : 하루 9시간 미만)월 22일 만근          향후 2년간 매년 5%+추가임금인상 예정  준비서류  고압가스수료증(수소버스) 및 버스운전을 할 수 있는 자격증 필요","서류,면접","우편,팩스,고용24,이메일","이력서,자기소개서,경력증명서","","032-888-7065","평일 : ※ 상세 근무시간    교대제 근무로 첫차 05시부터 시작.  ※ M버스 5개 노선     M6439, M6450, M6405, M6461, M6464   배차시간에 따라 출근시간 변동있음(1일 2교대제 근무) 하루 9시간 근로  기타문의 032-888-7065 2조 2교대, 주 5일 근무"
"사랑샘재가노인복지센터","화성시 동탄구 산척동 3등급 여자어르신 방문요양 ...","(18504)  경기도 화성시 동탄구 동탄순환대로10길 30-23, 3502동60","18516 경기도 화성시 효행구 정남면 만년로 549-3, 2층","시급10,320원 이상 ~ 10,320원 이하,","평일 : (근무시간) (오전) 9시 00분 ~ (정오) 12시 00분, 주 6일 근무","기간의 정함이 없는 근로계약(시간(선택)제)/ 파견근로 비희망/ 대체인력채용 비희망","재가 요양보호사(550102)","방문 복지서비스 제공업","관계없음","학력무관","","26-08-03","채용시까지  26-10-02","","여자어르신 방문요양 업무입니다. 일상생활도움과 식사준비 및 청소,정리정돈, 정서지원을 제공해주시면 됩니다.  ●근무시간 9:00~12:00(근무시간 협의가능) ●총시급: 13,500원(각종수당 포함)","면접","고용24,이메일,기타(전화문의)","기타(요양보호사자격증)","","031-8047-0220","평일 : (근무시간) (오전) 9시 00분 ~ (정오) 12시 00분, 주 6일 근무"
"(주)케어링 방문요양센터 성남점","[서초구/방배동] 요양보호사 구인","(06666)  서울특별시 서초구 효령로33길 50, 서리플이편한세상 (방배동, 방배서리풀이편한세상)","13383 경기도 성남시 중원구 둔촌대로52번길 11, 1층 (성남동)","시급10,320원 이상 ~ 10,320원 이하,","평일 : (근무시간) (오전) 11시 00분 ~ (오후) 2시 00분, 주 5일 근무","기간의 정함이 없는 근로계약(시간(선택)제)/ 파견근로 비희망/ 대체인력채용 비희망","재가 요양보호사(550102)","노인 요양 복지시설 운영업","관계없음","학력무관","","26-07-30","채용시까지  26-09-29","","케어링은 가족요양, 방문요양, 주간보호 등의 돌봄 서비스를 제공하는 시니어 테크 스타트업입니다. 대한민국의 천만 명의 어르신, 보호자님께 '또 하나의 가족'이 되어드리는 것이 저희의 존재 이유입니다.  (주)케어링 방문요양센터 성남점 요양보호사 모집합니다....  1.여자 어르신(90세, 3등급) - 서울 서초구 효령로33길 50 서리플이편한세상 - 주5회 오전 11:00~14:00 - 환경관리, 식사도움, 말벗도움 요청하심.","서류,면접","방문,고용24","이력서,기타(요양보호사 자격증)","","031-757-6585","평일 : (근무시간) (오전) 11시 00분 ~ (오후) 2시 00분, 주 5일 근무"
"엘림재가복지센터","(연수주공 101동) 요양보호사 선생님을 모십니다...","(21936)  인천광역시 연수구 원인재로 315, . (연수동, 주공1단지, 2단지아파트)","21910 인천광역시 연수구 선학로 100, 3동101호 (선학동, 금호아파트)","시급10,320원 이상 ~ 10,320원 이하,","평일 : (근무시간) (정오) 12시 00분 ~ (오후) 3시 00분, 주 6일 근무","기간의 정함이 없는 근로계약(시간(선택)제)/ 파견근로 비희망/ 대체인력채용 비희망","재가 요양보호사(550102)","노인 요양 복지시설 운영업","관계없음","학력무관","","26-07-30","채용시까지  26-09-29","","1.근무지: 연수구 연수1차주공 101동 2.등급: 4등급 3.성별: 남 4.근무시간: 주 6일 월~토 오전 12:00~15:00 5.급여: 13,000(기본급 + 수당 포함) 6.하는 일: 신체 활동 지원, 말벗,가사 및 일상 지원, 병원동행","서류,면접","고용24","이력서","","","평일 : (근무시간) (정오) 12시 00분 ~ (오후) 3시 00분, 주 6일 근무"
"케어네이션 과천센터","[입주요양] 상도역 인근 4등급 남 어르신(90세...","(06966)  서울특별시 동작구 장승배기로4길 9 (상도동, 상도 더샵아파트)","13807 경기도 과천시 관문로 92 (중앙동, 힐스테이트 과천중앙)","시급10,320원 이상 ~ 10,320원 이하, 면접 후 재조정 가능","평일 : (근무시간) (오전) 8시 00분 ~ (오전) 11시 00분, 주 6일 근무","기간의 정함이 없는 근로계약/ 파견근로 비희망/ 대체인력채용 비희망","요양보호사(550100)","노인 요양 복지시설 운영업","관계없음","학력무관","","26-07-30","채용시까지  26-09-29","","[입주요양] 상도역 인근 4등급 남 어르신(90세) 입주 요양보호사 구인  - 부부거주하나 대상자 주케어   남자어르신 상태(4등급) : 와상, 기저귀 케어, 숨 잘 쉬심, 뱃줄 식사 피딩 가능자 여자어르신 (비등급) : 거동가능 - 주6일 09:00~익일 09:00 / 주1회 휴무(일요일) - 월급 420만원 - 지원문의 : 010-7657-1864","면접","기타(010-7657-1864 지원문의)","이력서,기타(요양보호사자격증)","","02-2088-5661","평일 : (근무시간) (오전) 8시 00분 ~ (오전) 11시 00분, 주 6일 근무"
"케어닥 재가방문요양센터 VL르웨스트점","(마곡동 실버타운) 입주구인-24시간 개인간병가능...","(07800)  서울특별시 강서구 마곡중앙3로 16, A동 (마곡동)","07800 서울특별시 강서구 마곡중앙3로 16, B2 205호 (마곡동, VL 르웨스트)","시급10,320원 이상,","평일 : (근무시간) (오전) 9시 00분 ~ (정오) 12시 00분, 주 5일 근무","기간의 정함이 있는 근로계약(시간(선택)제)12 개월/ 파견근로 비희망/ 대체인력채용 비희망","재가 요양보호사(550102)","개인 간병 및 유사 서비스업","경력","학력무관","","26-07-30","채용시까지  26-09-12","","- 3등급 할머니(90대, 치매, 의사소통 가능) 배우자와 거주 - 식사도움, 외출동행, 병원동행, 정서적 도움 등 전반적인 케어 업무 - 09:00~12:00 (주 5일) 단, 추가 근무 시간이 있음, 주5일,월급 380만원  - 개인 입주 가능한 분(한국인,교포 상관없음) 병원 입원시 개인 간병으로도 가능한 분 - 근무예정지: 강서구 마곡중앙3로16 A동(5호선마곡역, 9호선 마곡나루역 인근)  - 지원문의: 02-2666-9861","면접","방문,기타(전화)","기타(자격증 사본)","","02-2666-9861","평일 : (근무시간) (오전) 9시 00분 ~ (정오) 12시 00분, 주 5일 근무"
"서울장애인종합복지관","서울장애인종합복지관 장애인가정 홈헬퍼 모집","(05235)  서울특별시 강동구 고덕로 201, 서울장애인종합복지관 (고덕동)","05235 서울특별시 강동구 고덕로 201, 서울장애인종합복지관 (고덕동)","시급11,320원 이상 ~ 12,320원 이하,","평일 : 월 최대 70시간~100시간 / 1일 4시간~6시간  *파견가정에 따라 근로시간 변동될 수 있음., 주 3일 근무","기간의 정함이 있는 근로계약(시간(선택)제)6 개월/ 파견근로 비희망/ 대체인력채용 비희망","보육 관련 시설 돌봄 종사원(232200)","종합복지관 운영업","관계없음","학력무관","","26-07-30","채용시까지  26-09-27","","장애인가정 홈헬퍼 모집 ㅇ 장애인 임신 · 출산 · 자녀 양육지원 ㅇ 임신·출산 및 자녀양육과 관련된 일상생활 지원","서류,면접","방문,우편,기타(이메일 지원 : seoulrehab@gmail.com)","이력서,자사이력서양식,자기소개서","","02-440-5722","평일 : 월 최대 70시간~100시간 / 1일 4시간~6시간  *파견가정에 따라 근로시간 변동될 수 있음., 주 3일 근무"
"도움재가노인복지센터","4등급 어르신 모실 요양보호사 구인합니다.","(06965)  서울특별시 동작구 상도로34다길 30, 4층 (상도동, 방주샤인)","06970 서울특별시 동작구 상도로41길 32, 대림아파트 상가동 201호 (상도1동)","시급10,320원 이상 ~ 10,320원 이하,","평일 : (근무시간) (오후) 2시 00분 ~ (오후) 5시 00분, 주 5일 근무","기간의 정함이 없는 근로계약(시간(선택)제)/ 파견근로 비희망/ 대체인력채용 비희망","재가 요양보호사(550102)","방문 복지서비스 제공업","관계없음","학력무관","","26-08-03","26-09-30","","상도동 상도시장 인근에서 4등급 어르신 모실 요양보호사 구인합니다.  * 76세 남자 어르신 - 시급 : 10,320원 (주휴수당+연차수당 : 14,000원) - 시간 : 월~금 14시~17시 - 주업무 :  파킨스 증후군이 있는 어르신과 함께 산책하며 일상생활에 도움드리기 - 우대사항 : 체격이 있고 건장한 요양보호사님","면접","방문","이력서","","02-823-1002","평일 : (근무시간) (오후) 2시 00분 ~ (오후) 5시 00분, 주 5일 근무"
"너른고을돌봄센터","신현동 요양선생님 구합니다.","(12821)  경기도 광주시 새말길152번길 49-4","12821 경기도 광주시 신현로 65-22, 202호 (신현동, 현대모닝사이드1차 상가)","시급10,320원 이상 ~ 10,320원 이하,","평일 : 근무일 : 월 ~ 금 주 1회 : 12:00~17:00 입니다. (휴게시간 : 13:30~14:00) 주 4회 : 12:00~15:00 입니다.  주 1회 5시간 협의., 주 5일 근무","기간의 정함이 없는 근로계약(시간(선택)제)/ 파견근로 비희망/ 대체인력채용 비희망","재가 요양보호사(550102)","노인 요양 복지시설 운영업","관계없음","학력무관","","26-07-30","채용시까지  26-09-29","","4등급 어머님이시고, 따님과 거주하십니다.  근무일 : 월 ~ 금 주 1회 : 12:00~17:00 입니다. (휴게시간 : 13:30~14:00) 주 4회 : 12:00~15:00 입니다.  주 1회 5시간 협의.  주휴수당포함  13,100원 입니다","서류","고용24","기타(요양보호사 1급자격증 건강검진 (1년 이내))","","031-715-6680","평일 : 근무일 : 월 ~ 금 주 1회 : 12:00~17:00 입니다. (휴게시간 : 13:30~14:00) 주 4회 : 12:00~15:00 입니다.  주 1회 5시간 협의., 주 5일 근무"
"은평대영학교","은평대영학교 미화원(시간제 근로자) 채용 공고","(03428)  서울특별시 은평구 갈현로11길 30 (구산동)","03428 서울특별시 은평구 갈현로11길 30 (구산동)","시급10,320원 이상 ~ 10,320원 이하,","평일 : (근무시간) (오전) 8시 00분 ~ (오후) 12시 30분, 주 5일 근무","기간의 정함이 있는 근로계약(시간(선택)제)7 개월/ 계약기간 만료 후 상용직전환검토/ 파견근로 비희망/ 대체인력채용 비희망","건물 청소원(561100)","특수학교","관계없음","학력무관","","26-07-30","채용시까지  26-09-29","","학교 교내 환경미화(로비, 복도, 계단)","서류,면접","이메일","이력서,자사이력서양식,자기소개서","","070-7113-4810","평일 : (근무시간) (오전) 8시 00분 ~ (오후) 12시 30분, 주 5일 근무"
"자애원요양복지센터","(양평읍) 재가요양보호사 채용","(12547)  경기도 양평군 양평읍 백안큰골길 72, 인근","02200 서울특별시 중랑구 용마산로93길 14 (면목동)","시급10,320원 이상,","평일 : 수혜처1 12:00~15:00  /  수혜처2  15:30~18:30, 주 5일 근무","기간의 정함이 없는 근로계약(시간(선택)제)/ 파견근로 비희망/ 대체인력채용 비희망","재가 요양보호사(550102)","그 외 기타 비거주 복지 서비스업","관계없음","학력무관","","26-07-30","26-09-20","","- 수혜처 1 : 4등급 할머니 재가요양 (독거) - 양평읍 백안리 커피 부근 - 말벗, 식사도움, 일상생활 도움 등 - 12:00~15:00 주5일 근무 - 시급 10,320 (주휴수당 포함 13,000원)  - 문의 : 02-436-2350  - 수혜처2 : 4등급 할머니 재가요양 - 양평읍 백안4리  - 말벗, 식사도움,  필요시 외출동행  등 - 15:30~18:30 주5일 근무 - 시급 10,320 (주휴수당 포함 13,000원)  / 주유비 지급 - 문의 : 02-436-2350","면접","방문","이력서","","02-436-2350","평일 : 수혜처1 12:00~15:00  /  수혜처2  15:30~18:30, 주 5일 근무"
"조양산업주식회사","[장애인 채용]자동차 부품 조립 및 포장원 모집","(17818)  경기도 평택시 오성면 죽3리길 34-19, 조양산업주식회사","17818 경기도 평택시 오성면 죽3리길 34-19, 조양산업주식회사","시급10,320원 이상 ~ 10,320원 이하,","평일 : (근무시간) (오전) 7시 00분 ~ (오후) 3시 30분, 주 5일 근무","기간의 정함이 없는 근로계약(시간(선택)제)/ 파견근로 비희망/ 대체인력채용 비희망","자동차 부품 조립원(검사원 포함)(817200)","자동차 엔진용 신품 부품 제조업","관계없음","학력무관","","26-07-30","채용시까지  26-09-29","","자동차 부품  부분품 조립(생산,품질검사,자재 피딩 등) 2교대  장애인 채용","서류,면접","방문,우편,고용24","이력서","","","평일 : (근무시간) (오전) 7시 00분 ~ (오후) 3시 30분, 주 5일 근무"
"효드림풍성한재가복지센터","방문요양보호사채용","(08638)  서울특별시 금천구 시흥대로39길 8 (시흥동)","13968 경기도 안양시 만안구 양화로234번길 33, 가동103호 (석수동, 지성주택)","시급10,320원 이상 ~ 10,320원 이하,","평일 : (근무시간) (오전) 9시 00분 ~ (정오) 12시 00분, 주 5일 근무","기간의 정함이 있는 근로계약(시간(선택)제)12 개월/ 파견근로 비희망/ 대체인력채용 비희망","재가 요양보호사(550102)","방문 복지서비스 제공업","신입","학력무관","","26-08-03","채용시까지  26-09-29","","3등급 어르신 85세  어르신수발, 식사도움, 옷갈아입히기, 기저귀케어 근무시간: 월수금 09:00~12:00 화목 11:30~14:30 시급 10,320원 (주휴수당 포함 13,000원)","서류,면접","방문,고용24","자기소개서,기타(요양사자격증, 건강검진 채용검사서 각1부)","","031-474-8048","평일 : (근무시간) (오전) 9시 00분 ~ (정오) 12시 00분, 주 5일 근무"
"동행재가방문요양복지센터","재가요양보호사 구인","(13469)  경기도 성남시 분당구 판교원로 68, . (운중동, 산운마을11단지 판교 포레라움아파트)","16865 경기도 용인시 수지구 용구대로2771번길 66 34-1, 상가동301-B호 (죽전동, 용인수지벽산타운2단지)","시급10,320원 이상,","평일 : (근무시간) (오전) 8시 00분 ~ (오전) 11시 00분, 주 5일 근무","기간의 정함이 없는 근로계약(시간(선택)제)/ 파견근로 비희망/ 대체인력채용 비희망","재가 요양보호사(550102)","노인 요양 복지시설 운영업","관계없음","학력무관","","26-08-14","채용시까지  26-09-13","","* 4등급 할머니 케어 (일상생활 도움드리기 )  * 주5일 8시-11시 * 시급 10320+각종수당=13.100원 * 건강검진서 필수 *** 실제 서비스 제공기간에 따라 임금을 계산하여 지급하는 형태로 채용 시 근로자마다 주 소정근로시간이나 임금, 근무(예정)지 등에 차이가 있을 수 있음.","서류,면접","방문,기타(전화  지원후 면접)","이력서","","","평일 : (근무시간) (오전) 8시 00분 ~ (오전) 11시 00분, 주 5일 근무"
"해드림재가센터","(등촌1단지) 오전,재가요양보호사 채용","(07581)  서울특별시 강서구 강서로68길 36 (등촌동, 등촌주공1,2단지아파트)","21416 인천광역시 부평구 수변로 8 (부개동, 파워프라자)","시급10,320원 이상 ~ 13,500원 이하,","평일 : (근무시간) (오전) 9시 00분 ~ (정오) 12시 00분, 주 6일 근무","기간의 정함이 없는 근로계약(시간(선택)제)/ 파견근로 비희망/ 대체인력채용 비희망","재가 요양보호사(550102)","방문 복지서비스 제공업","관계없음","학력무관","","26-07-30","채용시까지  26-09-29","","등촌1단지, 4등급 할머니(74세) 오전3시간, 주6일 -직무내용:일상가사지원(식사,주변청소, 세탁 등), 신체활동지원 -지원 문의:  010-3181-7170","서류,면접","방문,기타(전화문의후 면접진행)","이력서,기타(요양보호사 자격증)","","","평일 : (근무시간) (오전) 9시 00분 ~ (정오) 12시 00분, 주 6일 근무"
"사단법인 사람과사람","신정동 / 3등급 어르신 요양보호사 구인","(08100)  서울특별시 양천구 목동로3길 57, . (신정동, 양천아파트)","07912 서울특별시 양천구 남부순환로46길 20, 3층 (신월동, 사람과사람비엘디)","시급13,000원 이상 ~ 13,300원 이하,","평일 : (근무시간) (오전) 8시 00분 ~ (오전) 11시 00분, 주 6일 근무","기간의 정함이 없는 근로계약(시간(선택)제)/ 파견근로 비희망/ 대체인력채용 비희망","요양보호사(노인요양사)(550101)","개인 간병 및 유사 서비스업","관계없음","학력무관","","26-08-14","채용시까지  26-10-13","","[신정동 / 3등급 어르신 요양보호사 구인]  - 3등급 할머니 / 인지양호 / 휠체어이동  - 직무 : 식사 준비 / 청소 / 대소변뒷처리 및 주변정돈 / 목욕도움 등  - 근무시간 : 08:00~11::00 / 주 6일   - 시급: 13,300원 ( 기본시급외 수당포함 )  - 교통비 5만원 추가지급  - 양천구 목동로 3길 57 소재","서류,면접","고용24","기타(자격증사본. 건강검진결과지.)","","02-2601-6090","평일 : (근무시간) (오전) 8시 00분 ~ (오전) 11시 00분, 주 6일 근무"
"은빛재가요양센터","[안산역/신길동] 재가요양보호사 모집","(15402)  경기도 안산시 단원구 신길로 50 (신길동, 휴먼시아)","08339 서울특별시 구로구 개봉로17나길 88 (개봉동)","시급10,320원 이상 ~ 13,500원 이하,","평일 : (근무시간) (오전) 11시 00분 ~ (오후) 2시 00분, 주 5일 근무","기간의 정함이 없는 근로계약(시간(선택)제)/ 파견근로 비희망/ 대체인력채용 비희망","재가 요양보호사(550102)","개인 간병 및 유사 서비스업","관계없음","학력무관","","26-08-03","채용시까지  26-10-02","","[안산역/신길동] 휴먼시아  - 대상자: 4등급 할머니/보행불가,워커,휠체어 이용 - 직무내용: 식사(반찬)도움, 신체지원, 가사 및 일상생활지원 등 - 근로시간: 11:00~14:00 / 주5일 - 급여: 시급 10,320원[포괄 시급 13,500원] *교포 지원 가능","서류,면접","방문,이메일","이력서","","","평일 : (근무시간) (오전) 11시 00분 ~ (오후) 2시 00분, 주 5일 근무"
"다사랑방문요양센터","급구) 9 부터 부개동 4등급  주 5일 여자어르...","(21351)  인천광역시 부평구 충선로 191, . (부개동, 뉴서울아파트)","21088 인천광역시 계양구 계산로112번길 24, 1층 101호 (작전동)","시급10,320원 이상 ~ 10,320원 이하,","평일 : (근무시간) (오전) 9시 00분 ~ (정오) 12시 00분, 주 5일 근무","기간의 정함이 없는 근로계약(시간(선택)제)/ 파견근로 비희망/ 대체인력채용 비희망","재가 요양보호사(550102)","노인 요양 복지시설 운영업","관계없음","학력무관","","26-08-03","채용시까지  26-10-02","","4등급  여자 어르신을 모실 요양보호사 선생님 모십니다   등급: 4등급  시간: 오전09시 부터 오후 12시까지  주5일  월 ~ 금  시급: 13,000원 관심 있으신 요양보호사 선생님들의 많은 지원 바랍니다.   연락처:032-548-2901","서류,면접","방문,우편","이력서","","032-548-2901","평일 : (근무시간) (오전) 9시 00분 ~ (정오) 12시 00분, 주 5일 근무"
"정온 방문요양센터","[의정부동] 4등급 할머니 요양보호사 구인","(11699)  경기도 의정부시 경의로 132, . (의정부동, 의정부역센트럴자이&위브캐슬)","11747 경기도 의정부시 능곡로26번길 35, 4층 (신곡동)","시급10,320원 이상 ~ 10,320원 이하,","평일 : (근무시간) (오전) 9시 00분 ~ (정오) 12시 00분, 주 5일 근무","기간의 정함이 없는 근로계약(시간(선택)제)/ 파견근로 비희망/ 대체인력채용 비희망","재가 요양보호사(550102)","노인 요양 복지시설 운영업","관계없음","학력무관","","26-07-30","채용시까지  26-09-29","","[의정부동] 4등급 할머니 - 경의초 인근 아파트 - 식사 등 일상생활케어 - 주5일 09:00~12:00 - 시급 : 10,320원 (제수당 포함 13,100원) - 건강검진결과지 - 문의 : 010-9656-6675","면접","방문","기타(요양보호사자격증사본,건강검진 결과지)","","031-841-6675","평일 : (근무시간) (오전) 9시 00분 ~ (정오) 12시 00분, 주 5일 근무"
"샬롬 재가복지센터","(성내동/3등급/오후)재가요양보호사 모집","(05407)  서울특별시 강동구 양재대로85길 59, (강동대로51길, 성내동) 면접시 상세주소 안내 예정 (성내동)","05404 서울특별시 강동구 풍성로56길 42, 103호 (성내동)","시급10,320원 이상 ~ 10,320원 이하,","평일 : 18:30~21:30(수, 토, 일) , 주 3일 근무","기간의 정함이 없는 근로계약(시간(선택)제)/ 파견근로 비희망/ 대체인력채용 비희망","요양보호사(550100)","방문 복지서비스 제공업","관계없음","학력무관","","26-07-30","채용시까지  26-09-29","","- 요양보호대상자: 3등급 할머님(만 84세, 배우자분과 거주) - 직무내용: 일상가사지원, 신체활동지원 - 장기요양급여 적용 근로시간 및 시급 : 18:30~21:30(수, 토, 일)  - 장기요양급여 적용 :  시급 10,320원 (주차 및 연차, 기타 수당 충족시 시급13,000원) - 지원방법: 통화 후, 내방(010-3894-2345, 02-474-2345)","서류,면접","기타(통화후, 내방)","기타(자격증, 건강검진확인증)","","02-474-2345","평일 : 18:30~21:30(수, 토, 일) , 주 3일 근무"
"뉴서울재가복지센터","[충정로/3등급/오후] 재가요양보호사 구인","(04506)  서울특별시 중구 서소문로6길 34, 성요셉아파트","04302 서울특별시 용산구 청파로85길 26 (서계동)","시급10,320원 이상 ~ 10,320원 이하,","평일 :  14:00~17:00, 주 3일 근무","기간의 정함이 없는 근로계약(시간(선택)제)/ 파견근로 비희망/ 대체인력채용 비희망","재가 요양보호사(550102)","그 외 기타 보건업","관계없음","학력무관","","26-08-03","26-10-02","","[ 충정로 성요셉아파트 ]  3등급 할머니 재가요양  - 직무내용: 일상가사지원, 신체활동지원  - 장기요양급여 적용 근로시간: 1일 3시간   - 주3일 근무(근무일 협의) / 근무시간 : 14:00~17:00  - 시급: 13,000원 (최저시급 10,320원 + 주휴수당 등 별도)","서류,면접","방문,기타(통화 후 면접)","기타(자격증 사본)","","02-704-8004","평일 :  14:00~17:00, 주 3일 근무"
"시온재가장기요양센타","4등급 할머니 방문 요양보호사 급구(신천동)","(14947)  경기도 시흥시 신흥마을2길 7-1, 203호 (신천동, 솔빛마을10차)","14949 경기도 시흥시 신천천동로25번길 4, 3층 302호 (신천동) (신천동)","시급10,320원 이상 ~ 10,320원 이하,","평일 : (근무시간) (오전) 9시 30분 ~ (오후) 12시 30분, 주 6일 근무","기간의 정함이 없는 근로계약(시간(선택)제)/ 파견근로 비희망/ 대체인력채용 비희망","재가 요양보호사(550102)","노인 요양 복지시설 운영업","관계없음","학력무관","","26-08-03","채용시까지  26-10-02","","4등급 할머니  일상생활지원, 가사 지원 및 정서지원, 병원동행 등 업무시간 : 09:30 ~ 12:30 주 6회 월~토요일   시급 13,000원(10,320원+주차수당+여러가지 수당) 4대보험 가능","서류,면접","방문","기타(요양보호사 자격증)","","031-316-5211","평일 : (근무시간) (오전) 9시 30분 ~ (오후) 12시 30분, 주 6일 근무"
"샘물재가복지센터","요양사선생님 모집합니다~~","(22730)  인천광역시 서해구 심곡로 50, 해드림2차","22796 인천광역시 서해구 거북로 106, 2층 3호 (석남동)","시급10,320원 이상 ~ 10,320원 이하,","평일 : (근무시간) (오전) 8시 00분 ~ (오전) 11시 00분, 주 5일 근무","기간의 정함이 없는 근로계약/ 파견근로 비희망/ 대체인력채용 비희망","재가 요양보호사(550102)","노인 요양 복지시설 운영업","관계없음","학력무관","","26-07-30","채용시까지  26-09-29","","심곡동에서 일하실분 찾습니다~~  5등급 어르신 입니다  치매교육 필수 사항입니다~~  - 시급: 13,300원 (시급 10,320원 + 주휴수당, 연차수당 기타 제수당 포함)","서류,면접","방문,우편","이력서","","032-571-0935","평일 : (근무시간) (오전) 8시 00분 ~ (오전) 11시 00분, 주 5일 근무"
"브라보 시니어케어 강남센터","[방배 브라운가아파트(내방역 10분, 방배역 인근...","(06681)  서울특별시 서초구 방배로19길 67 (방배동, 방배 브라운가 아파트)","06231 서울특별시 강남구 도곡로 221, 3층 2호실 (역삼동)","시급10,320원 이상 ~ 10,320원 이하,","평일 : (근무시간) (오전) 9시 00분 ~ (정오) 12시 00분, 주 5일 근무","기간의 정함이 없는 근로계약(시간(선택)제)/ 파견근로 비희망/ 대체인력채용 비희망","요양보호사(노인요양사)(550101)","그 외 기타 분류 안된 사업지원 서비스업","관계없음","학력무관","","26-07-30","채용시까지  26-09-29","","- 대상자 :  방배 브라운가아파트(내방역 10분, 방배역 인근) 4등급 여자어르신  - 직무 내용 :  일상 생활 지원, 거동가능, 목욕 주2회 진행 - 근무 시간 :  09:00~12:00 주5일 - 시급 : 10,320원 + 기타 수당   * 채용담당 010-3988-4279","면접","기타(* 지원 문의 : 전화(010-3988-4279))","이력서","","","평일 : (근무시간) (오전) 9시 00분 ~ (정오) 12시 00분, 주 5일 근무"
"운화실버복지센터","[창신동 / 4등급 할머님/ 오후] 재가 요양보호...","(03095)  서울특별시 종로구 창신6가길 56 (창신동)","03094 서울특별시 종로구 지봉로 101-31, 서울시 종로구 지봉로 101-31 (창신동)","시급10,320원 이상 ~ 13,100원 이하,","평일 : 12시-15시 또는 13시-16시 (시간협의가능), 주 5일 근무","기간의 정함이 없는 근로계약(시간(선택)제)/ 파견근로 비희망/ 대체인력채용 비희망","재가 요양보호사(550102)","보건 및 복지 행정","관계없음","학력무관","","26-08-03","26-10-02","","[ 창신동 / 4등급 할머님] 케어 재가요양사 채용  - 업무:  가사 및 일상생활지원 (식사준비, 청소, 세탁 등)   - 근로시간: 12시-15시 또는 13시-16시 (오후 시간조율가능)  - 시급: 10,320원 (각종 수당 포함 13,100원)  -연락 후 방문 지원 ☎010-6360-9464","서류,면접","방문,팩스,이메일","기타(요양보호사 자격증,  건강검진내역서)","","02-2232-9464","평일 : 12시-15시 또는 13시-16시 (시간협의가능), 주 5일 근무"
"정인방문요양센터","정인방문요양센터와 함께할 요양보호사 모집합니다.","(17704)  경기도 평택시 사리안길 3-6","17783 경기도 평택시 송탄로 89, 304호 (장당동)","시급10,320원 이상,","평일 : (오후) 2시 00분~(오후) 5시 00분, 주 5일 근무","기간의 정함이 없는 근로계약/ 파견근로 비희망/ 대체인력채용 비희망","재가 요양보호사(550102)","노인 요양 복지시설 운영업","관계없음","학력무관","","26-08-03","채용시까지  26-10-02","","* 성별: 여자 어르신 * 등급: 4등급 * 서비스내용: 신체활동지원, 가사 및 일상생활지원, 개인위생관리지원 등 재가방문요양 서비스 * 시급: 13,100원(수당포함)","서류,면접","방문","기타(자격증, 건강검진결과지(1년이내))","","031-611-0736","평일 : (오후) 2시 00분~(오후) 5시 00분, 주 5일 근무"
"참조은재가노인복지센터","재가 요양보호사 선생님 구인합니다.","(18014)  경기도 평택시 고덕국제2로 45, 104동 (고덕동)","17880 경기도 평택시 평택1로 100 (비전동)","시급10,320원 이상 ~ 10,320원 이하,","평일 : (근무시간) (오전) 9시 00분 ~ (정오) 12시 00분, 주 6일 근무","기간의 정함이 없는 근로계약/ 파견근로 비희망/ 대체인력채용 비희망","재가 요양보호사(550102)","온라인 활용 마케팅 및 관련 사업지원 서비스업","관계없음","학력무관","","26-08-03","채용시까지  26-10-01","","- 2등급 여자어르신 - 근무요일 및 시간 : 월~토 (주6회) 09:00~12:00 - 업무: 식사준비, 정서지원, 가사 및 일상생활지원,기저귀케어","면접","방문,고용24,기타(전화 031-654-1269)","이력서","","031-654-1269","평일 : (근무시간) (오전) 9시 00분 ~ (정오) 12시 00분, 주 6일 근무"
"돌보인방문요양센터 수원점","[급구]  영통1동 2등급 할머니 오전 케어","(16707)  경기도 수원시 영통구 청명로 132, 334동 (영통동, 영통에듀파크)","16704 경기도 수원시 영통구 반달로7번길 40, 터미널프라자 302호 (영통동, 평익빌딩)","시급10,320원 이상 ~ 10,320원 이하, 면접 후 재조정 가능","평일 : (근무시간) (오전) 9시 00분 ~ (오후) 12시 30분, 주 3일 근무","기간의 정함이 없는 근로계약(시간(선택)제)/ 파견근로 비희망/ 대체인력채용 비희망","재가 요양보호사(550102)","방문 복지서비스 제공업","관계없음","학력무관","","26-07-30","채용시까지  26-09-29","","* 2등급 할머니 케어 / 따님계심/식사 및 산책도움 주요  * 주3일제  * 근무시간: 09:00~12:30(근무시간 조정가능)  * 시급: 10,320원+제수당포함=13,050원이상  * 센터장: 010-6451-9906으로 연락주세요","서류,면접","방문,기타(전화문의 010-6451-9906)","이력서,기타(요양보호사자격증사본)","","031-206-8337","평일 : (근무시간) (오전) 9시 00분 ~ (오후) 12시 30분, 주 3일 근무"
"(주)시니어케어","[논현동/ 4등급(할아버지)/ 09:00~12:0...","(06117)  서울특별시 강남구 논현로115길 28, 논현동 (논현동, 연립주택)","06136 서울특별시 강남구 논현로 556 (역삼동, 엘엔케이빌딩)","시급10,320원 이상,","평일 : 09;00~12:00(주6일), 주 6일 근무","기간의 정함이 없는 근로계약/ 파견근로 비희망/ 대체인력채용 비희망","재가 요양보호사(550102)","방문 복지서비스 제공업","관계없음","학력무관","","26-07-30","26-09-29","","○ 대 상 자  : 4등급할아버지 논현동 ○ 직무내용 : 위생관리 및 말벗 일상생활지원 산책도움 정서지원 기저귀케어없음 ○ 근무시간 : 09:00~12:00(주6일)","서류,면접","방문,기타(전화 후 방문(010-9970-6978))","이력서","","","평일 : 09;00~12:00(주6일), 주 6일 근무"
"동대문구노인복지센터","휘경주공@/70대초 여자어르신/3등급/오전10시~...","(02512)  서울특별시 동대문구 한천로 248, 108동 (휘경동, 주공아파트)","02534 서울특별시 동대문구 한천로 189 (장안동)","시급10,320원 이상 ~ 10,320원 이하,","평일 : (근무시간) (오전) 10시 00분 ~ (오후) 1시 00분, 주 5일 근무","기간의 정함이 없는 근로계약/ 파견근로 비희망/ 대체인력채용 비희망","요양보호사(550100)","노인 요양 복지시설 운영업","관계없음","학력무관","","26-08-03","채용시까지  26-10-02","","-일반적인 방문 요양 업무 -운동도움 식사도움 일상생활 도움","면접","방문","기타(요양보호사 자격증   최근 1년 이내 발행한 건검진단서)","","02-2249-9191","평일 : (근무시간) (오전) 10시 00분 ~ (오후) 1시 00분, 주 5일 근무"
"부모사랑재가복지센터","수원시 권선구 구운동 요양보호사 1분 모십니다.","(16415)  경기도 수원시 권선구 수성로 47, 101 (구운동, 삼환아파트)","16360 경기도 수원시 장안구 서부로 2139 (율전동, SK HUB BLUE)","시급10,320원 이상 ~ 10,320원 이하,","평일 : 오후 13:00 ~ 16:00  3시간 근무입니다., 주 3일 근무","기간의 정함이 없는 근로계약(시간(선택)제)/ 파견근로 비희망/ 대체인력채용 비희망","재가 요양보호사(550102)","방문 복지서비스 제공업","관계없음","학력무관","","26-08-03","채용시까지  26-10-02","","수원시 권선구 구운동 3등급 여자 어르신이며 경험 있으신 요양보호사 1분 모십니다.  방문시간 :  13:00 ~ 16:00 월/수/금 주3일               방문업무 : 재가요양업무    급여 : 시급 10,320 + 주휴수당 + 연차수당 + 기타수당 = 총 13,000  자세한 내용은 전화상담으로 해주시면 감사하겠습니다.","서류,면접","고용24","기타(요양보호사 자격증 사본 1부)","","031-268-2375","평일 : 오후 13:00 ~ 16:00  3시간 근무입니다., 주 3일 근무"
"주식회사 나은유통","가락시장 한국청과 나은유통 시급제 근로자 모집합니...","(05699)  서울특별시 송파구 양재대로 932, 한국청과 나은유통(주) 107번 (가락동, 채소시장 2동 1층 275-2호)","05699 서울특별시 송파구 양재대로 932, 한국청과 나은유통(주) 107번 (가락동, 채소시장 2동 1층 275-2호)","시급20,000원 이상 ~ 20,000원 이하,","평일 : (근무시간) (오전) 1시 00분 ~ (오전) 6시 00분, 주 6일 근무","기간의 정함이 없는 근로계약/ 파견근로 비희망/ 대체인력채용 비희망","지게차 운전원(623004)","채소류, 서류 및 향신작물류 도매업","경력","학력무관","","26-08-03","채용시까지  26-10-02","","농산물 지게차 또는 전동차, 오토바이로 배달  경매, 위탁 물품 진열 및 운반  지게차 면허 소지자(필수)  가락시장 유경험자 우대","면접","기타(연락처를 통한 제출 )","이력서","","02-407-3848","평일 : (근무시간) (오전) 1시 00분 ~ (오전) 6시 00분, 주 6일 근무"
"한마음 노인복지센터","재가요양보호사 구인","(22816)  인천광역시 서해구 신진말로33번길 4, , (가좌동)","22813 인천광역시 서해구 고래울로 39, . (가좌동)","시급10,320원 이상 ~ 13,000원 이하,","평일 : (근무시간) (오전) 9시 00분 ~ (정오) 12시 00분, 주 3일 근무","기간의 정함이 없는 근로계약(시간(선택)제)/ 파견근로 비희망/ 대체인력채용 비희망","재가 요양보호사(550102)","방문 복지서비스 제공업","관계없음","학력무관","","26-07-30","채용시까지  26-09-27","","4등급여성 주3일(월,수,금)/13,000원/09:00-12:00  *일상생활지원 등","서류,면접","방문,기타(전화:010-3313-9602)","이력서","","032-581-1235","평일 : (근무시간) (오전) 9시 00분 ~ (정오) 12시 00분, 주 3일 근무"
"블루보틀커피코리아 유한회사","[블루보틀커피] Barista - 서울역 Seou...","(04301)  서울특별시 용산구 청파로 378, 블루보틀 서울역 카페 (동자동)","04789 서울특별시 성동구 아차산로 7, 블루보틀커피코리아 (성수동1가)","시급11,250원 이상,","평일 : ▶ 주 7일 중 5일 근무, 일 5시간(휴게 별도) ▶ 스케줄 근무 (1개월 전 전달) ▶ 3교대 (오픈, 미들, 마감) - 오픈: 8:00-13:30 (휴게시간 30분 포함) - 미들: 15:30-21:00 (휴게시간 30분 포함) - 마감: 17:00~22:30 (휴게시간 30분 포함), 주 5일 근무","기간의 정함이 없는 근로계약/ 파견근로 비희망/ 대체인력채용 비희망","주점·커피숍 접객서빙원(532203)","커피 전문점","관계없음","학력무관","","26-07-30","채용시까지  26-09-29","","음료 제조, 접객, 홀 및 바 정리 등  ▶ Welcome Everyone 우리를 찾아주는 모든 사람들을 따뜻한 환대로 맞이합니다. ▶ Raise The Bar 끊임없이 노력하는 마인드를 갖고 Self-Starter 로서 능동적으로 성장하고자 합니다. ▶ Build For Tomorrow 지속가능성을 실천하여 지구를 위한 더 나은 미래를 보장하고, 맛있는 커피의 유산을 보존하는 데 기여합니다. ▶ Simplify 팀과 게스트가 맛있는 커피에 집중할 수 있도록 불필요한 요소를 최대한 줄입니다. ▶ Grow Together 커피에 대한 지식과 경험을 쌓고 팀과 함께 성장합니다.","서류,면접","고용24,이메일,자사채용사이트(https://jobs.lever.co/bluebottlecoffee/20df9d49-1362-44ab-81f1-e35dbece9c72)","이력서","","","평일 : ▶ 주 7일 중 5일 근무, 일 5시간(휴게 별도) ▶ 스케줄 근무 (1개월 전 전달) ▶ 3교대 (오픈, 미들, 마감) - 오픈: 8:00-13:30 (휴게시간 30분 포함) - 미들: 15:30-21:00 (휴게시간 30분 포함) - 마감: 17:00~22:30 (휴게시간 30분 포함), 주 5일 근무"
"사랑누리재가방문요양센터","화성 남양읍 방문요양보호사 구합니다","(18282)  경기도 화성시 효행구 남전로116번길 28, 남전리 158","15448 경기도 안산시 단원구 광덕1로 56, 505-1 (초지동, 로얄프라자)","시급10,320원 이상 ~ 10,320원 이하,","평일 : (근무시간) (오전) 9시 00분 ~ (정오) 12시 00분, 주 5일 근무","기간의 정함이 없는 근로계약/ 파견근로 비희망/ 대체인력채용 비희망","재가 요양보호사(550102)","방문 복지서비스 제공업","신입","학력무관","","26-07-30","채용시까지  26-09-29","","* 114세 4등급 여자어르신 * 화장실 이동 가능 * 월~토(09:00~12:00) : 3시간(5일 또는 6일 조정가능) * 일상 생활 지원, 식사 준비 케어, 난청 * 통상시급 : 13,000원","면접","고용24","이력서","","031-401-0885","평일 : (근무시간) (오전) 9시 00분 ~ (정오) 12시 00분, 주 5일 근무"
"우리재가노인복지센터","방문요양센터 요양보호사 구인","(06632)  서울특별시 서초구 서초대로58길 13 (서초동)","17036 경기도 용인시 처인구 모현읍 갈월로 104, .","시급10,320원 이상,","평일 : (근무시간) (오전) 9시 30분 ~ (오후) 1시 30분, 주 1일 근무","기간의 정함이 없는 근로계약(시간(선택)제)/ 파견근로 비희망/ 대체인력채용 비희망","재가 요양보호사(550102)","노인 요양 복지시설 운영업","관계없음","학력무관","","26-07-30","채용시까지  26-09-29","","1. 대상자 : 4등급 82세 남자 독거노인, 신체 건강하심/               식성 까다롭지 않은 식사준비/ 젠틀하시고 배려심 있으심.   2. 근무시간 : 주1회/ 목요일 제외하고 근무 요일은 선생님과 상의 결정할 수 있음 4시간 (9시30분부터, 시간 조정 가능) 3. 근무지 : 잠원동 신반포16차아파트 4. 급 여 : 10,320원 + 수당 (포함) = 14,000원","면접","방문,고용24,기타(사전에 담당자 핸드폰으로 연락주시고 시간 협의 후 면접진행)","이력서","","031-323-1495","평일 : (근무시간) (오전) 9시 30분 ~ (오후) 1시 30분, 주 1일 근무"
"백마섬유","부자재 염색소 직원 구합니다.","(12220)  경기도 남양주시 의안로260번길 48 (평내동)","12220 경기도 남양주시 의안로260번길 48 (평내동)","시급10,320원 이상 ~ 10,320원 이하, 면접 후 재조정 가능","평일 : (근무시간) (오전) 8시 30분 ~ (오후) 5시 30분, 주 5일 근무","기간의 정함이 없는 근로계약/ 파견근로 비희망/ 대체인력채용 비희망","염색 준비 및 조색기 조작원(861301)","섬유제품 염색, 정리 및 마무리 가공업","관계없음","학력무관","","26-07-24","채용시까지  26-09-23","","염색보조 및 염색기계보조","서류,면접","우편","이력서","","031-592-4516","평일 : (근무시간) (오전) 8시 30분 ~ (오후) 5시 30분, 주 5일 근무"
"주식회사진윤","제조 단순 종사원","(15119)  경기도 시흥시 정왕동 엠티브이28로 17-7, 5번게이트 (정왕동)","21699 인천광역시 남동구 남동서로 43 (고잔동, 127블럭 8로트)","시급10,320원 이상 ~ 10,500원 이하,","평일 : (오전) 8시 00분~(오후) 5시 00분 월, 화, 목, 금, 저녁8시반까지 연장근무 수요일 5시 퇴근  토,일 휴무 , 주 5일 근무","기간의 정함이 없는 근로계약/ 파견근로 비희망/ 대체인력채용 비희망","기타 제조 관련 단순 종사원(890000)","반도체 제조용 기계 제조업","관계없음","학력무관","","26-07-30","채용시까지  26-09-29","","제조 단순종사원 제품포장 및 단순업무 처음이신 분도 충분히 가능합니다  많은지원바랍니다. 수습기간3개월(협의가능)","서류,면접","고용24,이메일","이력서","","0000-488-9758","평일 : (오전) 8시 00분~(오후) 5시 00분 월, 화, 목, 금, 저녁8시반까지 연장근무 수요일 5시 퇴근  토,일 휴무 , 주 5일 근무"
"동하정밀（주）","출하검사원 구인공고","(14445)  경기도 부천시 오정구 석천로453번길 65, KS빌딩 (삼정동)","14445 경기도 부천시 오정구 석천로453번길 65, KS빌딩 (삼정동)","시급10,320원 이상,","평일 : (근무시간) (오전) 8시 00분 ~ (오후) 5시 00분, 주 5일 근무","기간의 정함이 없는 근로계약/ 파견근로 비희망/ 대체인력채용 비희망","기타 전자 부품·제품 조립·검사원(836006)","기타 주변기기 제조업","관계없음","학력무관","","26-07-30","채용시까지  26-09-29","","업무내용 : 자사제품 출하검사 및 수입검사 우대사항 : 검사업무 경력자, 인근거주자 근무시간 : 잔업 0~2시간","면접","고용24","이력서","","032-673-8115","평일 : (근무시간) (오전) 8시 00분 ~ (오후) 5시 00분, 주 5일 근무"
"가가호호방문요양센터","무원마을 10단지 4등급 여자어르신 요양보호사 구...","(10521)  경기도 고양시 덕양구 무원로 63 (행신동, 무원마을10단지아파트)","10518 경기도 고양시 덕양구 충장로 118-31, 502호 (행신동, 원스톱라이프상가)","시급10,320원 이상 ~ 10,320원 이하,","평일 : (근무시간) (오전) 9시 00분 ~ (오후) 5시 00분, 주 5일 근무","기간의 정함이 없는 근로계약(시간(선택)제)/ 파견근로 비희망/ 대체인력채용 비희망","요양보호사(550100)","사회복지 상담서비스 제공업","관계없음","학력무관","","26-07-30","채용시까지  26-09-29","","- 4등급 / 74세 / 여 /   - 신장질환 / 거동가능 / 저체중  - 매주 수요일 8시간 / 주말(토,일 중 택) 월2, 3회 12시간(치매가족휴가제)     로 주 2회 장시간 근무 가능자   - 월 60시간, 4대사회보험 가능","면접","기타(전화 및 문자)","기타(자격증, 건강검진결과서)","","0000-8968-9961","평일 : (근무시간) (오전) 9시 00분 ~ (오후) 5시 00분, 주 5일 근무"
"늘봄 재가복지센터","[삼각산아이원아파트/ 4등급 여자/오후]  재가요...","(01198)  서울특별시 강북구 삼양로19길 113, 삼각산아이원아파트 (미아동, 삼각산아이원아파트)","01079 서울특별시 강북구 삼양로98길 42, 지층 우측(102호) (수유동)","시급10,320원 이상 ~ 10,320원 이하,","평일 : (근무시간) (오후) 1시 00분 ~ (오후) 4시 00분, 주 5일 근무","기간의 정함이 있는 근로계약(시간(선택)제)12 개월/ 파견근로 비희망/ 대체인력채용 비희망","재가 요양보호사(550102)","개인 간병 및 유사 서비스업","관계없음","학력무관","","26-07-30","채용시까지  26-09-29","","- 삼각산아이원아파트,  4등급 여자어르신 - 직무 내용 : 요양보호사 전반적인 업무 - 근무 조건 : 13:00~16:00, 주5일근무 - 포괄 시급 : 13,500원 (기본 시급, 제 수당 등 포함)","면접","방문","기타(요양보호사 자격증)","","02-900-0101","평일 : (근무시간) (오후) 1시 00분 ~ (오후) 4시 00분, 주 5일 근무"
"뉴서울재가복지센터","[신당동/4등급] 재가요양보호사 구인","(04582)  서울특별시 중구 퇴계로90길 74, . (신당동, 래미안신당하이베르아파트)","04302 서울특별시 용산구 청파로85길 26 (서계동)","시급10,320원 이상 ~ 10,320원 이하,","평일 : (근무시간) (오후) 3시 00분 ~ (오후) 6시 00분, 주 5일 근무","기간의 정함이 없는 근로계약/ 파견근로 비희망/ 대체인력채용 비희망","재가 요양보호사(550102)","그 외 기타 보건업","관계없음","학력무관","","26-07-30","26-09-29","","[신당동]  4등급 할머니 재가요양  - 직무내용: 일상가사지원, 신체활동지원  - 장기요양급여 적용 근로시간: 1일 3시간   - 주5일 근무 / 근무시간 : 15:00~18:00  - 시급: 13,000원 (최저시급 10,320원 + 주휴수당 등 별도)","서류,면접","방문,기타(통화 후 면접)","이력서","","02-704-8004","평일 : (근무시간) (오후) 3시 00분 ~ (오후) 6시 00분, 주 5일 근무"
"은평복지센터","역촌동 오전 4등급 할머니  요양보호사 모집","(03416)  서울특별시 은평구 갈현로12길 33, 1층","03402 서울특별시 은평구 진흥로1길 57-1, 우측 점포 전체 (역촌동)","시급10,320원 이상 ~ 10,320원 이하,","평일 : (근무시간) (오전) 10시 00분 ~ (오후) 1시 00분, 주 3일 근무","기간의 정함이 없는 근로계약(시간(선택)제)/ 파견근로 비희망/ 대체인력채용 비희망","재가 요양보호사(550102)","노인 요양 복지시설 운영업","관계없음","학력무관","","26-07-30","채용시까지  26-09-29","","4등급 할머니이며  이동 가능하고   인지  이상 없고 인자한 어르신입니다 .  어르신 생활 공간 청소 ,반찬 잘 하는 분 지원바랍니다    시급:14,000원 (주휴수당,연차수당 포함)","서류,면접","고용24","이력서","","02-356-3516","평일 : (근무시간) (오전) 10시 00분 ~ (오후) 1시 00분, 주 3일 근무"
"매송노인재가센터","따뜻한 마음으로 노인들의 건강을 지키는 방문요양보...","(16440)  경기도 수원시 팔달구 팔달로120번길 18, 수원시 팔달구 화서동 62-14 재은빌라 (화서동, 재은빌라)","18289 경기도 화성시 매송면 화성로 2359","시급10,320원 이상 ~ 10,320원 이하,","평일 : (근무시간) (오전) 10시 00분 ~ (오후) 1시 00분, 주 5일 근무","기간의 정함이 없는 근로계약/ 파견근로 비희망/ 대체인력채용 비희망","재가 요양보호사(550102)","노인 요양 복지시설 운영업","관계없음","학력무관","","26-07-30","채용시까지  26-09-29","","[모집직무] 재가 요양보호사, 요양보호사, 요양보호사(노인요양사)  [직무소개] 우리 회사는 노인들의 품격을 존중하고 행복한 노후를 만들어갈 수 있도록 따뜻한 배려와 전문적인 관리를 제공합니다.   [주요업무] - 4등급 여자어르신이며 거동 가능하심,인지도 좋으심 - 2남 1녀 자식들과 거주중이며 화,목,토 투석하러 병원내원하심 이 중 토요일같은 주말은 자식들과 같이 다니심 수급자의 이동도움 - 골다공증으로 인한 낙사에 인한 부상이 많으셨음 수급자의 낙상방지  - 노인의 일상생활 지원 (활동 보조, 식사 및 목욕 assistance 등) - 노인의 건강 상태를 관찰하고 의료진에 보고 - 노인과 대화하며 정신적 안정을 제공 - 노인의 안전과 편안함을 확보 - 노인의 가족 및 의료진과 정보를 공유하고 협력 - 신장투석후 저혈당 증상이 일어나므로 투석후는 투석식으로 식사하심  [시급] 기본시급 10,320원 + 주휴수당, 연차수당 등 = 13,200원","면접","방문,고용24","이력서,기타(* 입사 전 26년 건강검진 결과지 * 요양보호사 자격증 )","","031-291-7252","평일 : (근무시간) (오전) 10시 00분 ~ (오후) 1시 00분, 주 5일 근무"
"엔젤방문요양센터","관악구 법원단지24길 (신림동)  4등급 여자어르...","(08853)  서울특별시 관악구 법원단지24길 18, 1F (신림동)","08770 서울특별시 관악구 남부순환로 1432-7 (신림동)","시급10,320원 이상 ~ 10,320원 이하,","평일 : 주5회 ( 13:00 ~ 16:00) 시급:10,320원 (주휴수당,연차수당포함 통합시급 13,200원 ) , 주 5일 근무","기간의 정함이 없는 근로계약(시간(선택)제)/ 파견근로 비희망/ 대체인력채용 비희망","재가 요양보호사(550102)","노인 요양 복지시설 운영업","관계없음","학력무관","","26-07-30","채용시까지  26-09-29","","일상생활기능지원 >가사활동지원 주5회  ( 13:00 ~  16:00) 시급 10,320원 (주휴수당,연차수당포함 통합시급 13,200원 )","서류,면접","방문,고용24","기타(요양보호사 자격증)","","02-865-5522","평일 : 주5회 ( 13:00 ~ 16:00) 시급:10,320원 (주휴수당,연차수당포함 통합시급 13,200원 ) , 주 5일 근무"
"(A)비지팅엔젤스강북지점","재가요양보호사 구함(오패산로 148-*, 송중동주...","(01233)  서울특별시 강북구 오패산로 148, 송중동주민센터 부근(상세주소생략) (미아동)","01134 서울특별시 강북구 덕릉로40길 14, 2층","시급10,320원 이상 ~ 10,320원 이하,","평일 : (근무시간) (오전) 9시 00분 ~ (정오) 12시 00분, 주 5일 근무","기간의 정함이 있는 근로계약(시간(선택)제)12 개월/ 파견근로 비희망/ 대체인력채용 비희망","재가 요양보호사(550102)","방문 복지서비스 제공업","경력","학력무관","","26-07-30","26-09-29","","* 오패산로 148-*, 송중동주민센터 부근/ 5등급 여자 * 인지 도움, 말벗, 가사 지원 등 일상생활 지원 * 09:00~12:00/주 5일 * 시급 13,500원(기본 시급, 제 수당 등 포함) * 치매교육 이수자 지원 * 문의처 : 02-994-5008","면접","방문,기타(전화 후 면접 010-6209-4724)","기타(요양보호사 자격증, 1년 이내 건강검진확인서)","","02-994-5008","평일 : (근무시간) (오전) 9시 00분 ~ (정오) 12시 00분, 주 5일 근무"
"주식회사 두원","머시닝센터(MCT)조작원 모집","(14490)  경기도 부천시 오정구 삼작로178번길 21, 1층","14490 경기도 부천시 오정구 삼작로178번길 21, 1층","시급12,400원 이상,","평일 : (월,화,목,금) 08:30~20:00  **식사 2식**     (수) 08:30~17:30 (토요일) 08:30~17:30(격주 휴무) (2,4주 토요일 휴무), 주 5일 근무","기간의 정함이 없는 근로계약/ 파견근로 비희망/ 대체인력채용 비희망","머시닝센터(MCT) 조작원(813210)","주형 및 금형 제조업","경력","학력무관","","26-07-29","채용시까지  26-09-28","","NC BRAIN / Auto CAD   -몰드베이스 정삭 가공(MCT): 1명","서류,면접","방문,고용24","이력서","","032-679-1959","평일 : (월,화,목,금) 08:30~20:00  **식사 2식**     (수) 08:30~17:30 (토요일) 08:30~17:30(격주 휴무) (2,4주 토요일 휴무), 주 5일 근무"
"（주）사랑나눔복지법인","[방이동/4등급부부/7:30~11:30] 재가 요...","(05546)  서울특별시 송파구 위례성대로2길 37, 방이중학교 인근 (방이동)","05546 서울특별시 송파구 백제고분로 467, 3층 (방이동)","시급10,320원 이상,","평일 : (근무시간) (오전) 7시 30분 ~ (오전) 11시 30분, 주 5일 근무","기간의 정함이 없는 근로계약(시간(선택)제)/ 파견근로 비희망/ 대체인력채용 비희망","재가 요양보호사(550102)","사회복지 상담서비스 제공업","관계없음","학력무관","","26-07-30","채용시까지  26-09-29","","- 대상자 : 방이중학교 인근 4등급 부부(32년생, 34년생) - 직무 내용 :  식사 준비 및 간단한 가사 지원, 약 복용 도움 등 - 근무 시간 : 07:30~11:30, 주5일 - 시급 10,320원+기타 수당  * 지원 문의 : 전화(010-2724-7779)","면접","방문,기타(전화(010-2724-7779))","기타(방문 시 요양보호사 자격증 지참)","","","평일 : (근무시간) (오전) 7시 30분 ~ (오전) 11시 30분, 주 5일 근무"
"가가호호실버케어센터","[서울대입구역 인근] 4등급 여자 어르신","(08786)  서울특별시 관악구 남부순환로214길 30 (봉천동)","11487 경기도 양주시 삼숭로38번길 80 (삼숭동, 양주자이프라자)","시급10,320원 이상 ~ 10,320원 이하,","평일 : (근무시간) (오전) 9시 00분 ~ (정오) 12시 00분, 주 6일 근무","기간의 정함이 없는 근로계약(시간(선택)제)/ 파견근로 비희망/ 대체인력채용 비희망","재가 요양보호사(550102)","방문 복지서비스 제공업","관계없음","학력무관","","26-08-19","채용시까지  26-10-18","","[서울대입구역 인근] 4등급 여자 어르신   - 신체지원, 가사일상지원, 정서지원 등   - 근무시간: 09:00~12:00 / 주6일(격주 토 가능)  - 수당포함 13,000원","서류,면접","기타(전화접수후 면접 진행)","기타(요양보호사 자격증)","","","평일 : (근무시간) (오전) 9시 00분 ~ (정오) 12시 00분, 주 6일 근무"
"서울요양복지센터","신구로자이나인스에비뉴, 2등급 할머님 방문요양 재...","(08293)  서울특별시 구로구 구로중앙로 134, 구로동 (구로동, 신구로자이나인스에비뉴)","08284 서울특별시 구로구 가마산로 229","시급10,320원 이상 ~ 13,000원 이하,","평일 : (근무시간) (정오) 12시 00분 ~ (오후) 4시 00분, 주 6일 근무","기간의 정함이 없는 근로계약(시간(선택)제)/ 파견근로 비희망/ 대체인력채용 비희망","재가 요양보호사(550102)","개인 간병 및 유사 서비스업","관계없음","학력무관","","26-07-30","채용시까지  26-09-29","","- 대 상 자: 2등급 할머님, 부축도움받아 거동가능, 실내외 휠체어로 이동, 자녀분들과 함께 거주중,  - 업무내용: 식사도움, 가사, 세탁, 청소 등 일상생활 및 정서지원, 병원동행 - 근로시간: 12:00-16:00/주6일 - 급      여: 시급 10,320원[주휴수당+연차수당+기타수당포함시13,000원]  * 이용자의 상황에 따라 근로시간 외 추가시간(2시간)이 있을 수 있음. *병원진료가많은어르신이라병원동행가능한분지원바랍니다. * 교포 비희망","서류,면접","방문,고용24","기타(요양보호사 자격증, 건강검진 결과지, 인권교육 수료증)","","02-6408-6600","평일 : (근무시간) (정오) 12시 00분 ~ (오후) 4시 00분, 주 6일 근무"
"국군복지단","군마트 진열 및 판매보조","(17387)  경기도 이천시 마장면 마도로 12, 국군복지단 아름영외마트 (아름수리아파트)","04353 서울특별시 용산구 두텁바위로 54-99 (용산동2가)","시급10,320원 이상 ~ 10,320원 이하,","평일 : (근무시간) (오전) 10시 00분 ~ (오후) 5시 00분, 주 5일 근무","기간의 정함이 있는 근로계약1 개월/ 파견근로 비희망/ 대체인력채용 비희망","매장 정리원(매장 보조원)(617901)","골프장 운영업","관계없음","학력무관","","26-07-30","채용시까지  26-09-29","","매장 내 물품 진열·보조 / 정리 업무.","서류,면접","방문","이력서","","","평일 : (근무시간) (오전) 10시 00분 ~ (오후) 5시 00분, 주 5일 근무"
"사단법인 경기도시각장애인연합회 오산시지회","근로지원인 모집 (수원 경기도청 )","(16508)  경기도 수원시 영통구 도청로 30, 경기도청 (이의동)","18104 경기도 오산시 충신이상재길 8-16, 참사랑복지회관 (서동, 참사랑복지회관)","시급10,320원 이상 ~ 10,320원 이하,","평일 : 근무시간 : 09:00~18:00 (휴게시간 1시간 포함), 주 5일 근무","기간의 정함이 있는 근로계약(시간(선택)제)5 개월/ 파견근로 비희망/ 대체인력채용 비희망","장애인 생활지도원(장애인활동보조원 포함)(232903)","종합복지관 운영업","관계없음","학력무관","","26-07-30","채용시까지  26-09-28","","수원 영통구 ""경기도청""에서 근로하시는 시각 장애인 근로자를 지원하는 업무입니다.  -채용인원 : 1명   -급여 : 시급 10,320원 (주휴수당 지급, 공휴일 유급휴가, 4대보험 가입)   -근무예정기간 : 2026.08.01 ~                    -근무시간 : 09:00~18:00 (휴게시간: 12:00~13:00) =>> 8시간 근무, 1시간 휴무    -업무 : 행정사무업무지원, 대독대필, 근무시 이동보조, 식사보조 등","서류,면접","고용24,이메일","이력서","","031-378-4789","평일 : 근무시간 : 09:00~18:00 (휴게시간 1시간 포함), 주 5일 근무"
"일오삼재가노인복지센터","재가요양보호사 포천 휴먼시아 아파트 (5등급 여자...","(11148)  경기도 포천시 왕방로118번길 7, 106동 (신읍동, 휴먼시아)","11181 경기도 포천시 소흘읍 죽엽산로 24","시급10,320원 이상 ~ 10,320원 이하,","평일 : (근무시간) (오후) 1시 00분 ~ (오후) 4시 00분, 주 5일 근무","기간의 정함이 없는 근로계약(시간(선택)제)/ 파견근로 비희망/ 대체인력채용 비희망","재가 요양보호사(550102)","노인 요양 복지시설 운영업","관계없음","학력무관","","26-07-30","채용시까지  26-09-29","","여자어르신케어 거동 가능  *주휴수당 별도 지급(주휴수당 포함시 13,400원) *오후13시 ~ 16시 (3시간) 오전 오후시간 조절 가능 *자차 필수*","면접","방문,고용24,이메일","이력서","","031-543-5777","평일 : (근무시간) (오후) 1시 00분 ~ (오후) 4시 00분, 주 5일 근무"
"다사랑재가복지센터","재가요양보호사 구인 - 4등급 여자어르신","(14652)  경기도 부천시 원미구 소사로282번길 39 (소사동, 대림하이츠)","08252 서울특별시 구로구 고척로 85, . (개봉동, 거성푸르뫼1차아파트)","시급13,000원 이상 ~ 13,000원 이하,","평일 : (근무시간) (오전) 9시 00분 ~ (정오) 12시 00분, 주 5일 근무","기간의 정함이 없는 근로계약/ 파견근로 비희망/ 대체인력채용 비희망","요양보호사(550100)","노인 요양 복지시설 운영업","관계없음","학력무관","","26-07-30","채용시까지  26-09-19","","** 근무지 : 부천시 소사로 282번길 39 - 요양보호대상자: 4등급 할머니(85세,단독보행,인지있음/자녀거주_출근) - 직무내용: 청소 및 정리정돈, 일상생활지원,병원/산책동행 - 근로시간 : 09시~12시 / 주5일 - 시급 : 13,000 (기타수당포함) - 문의 : 02) 6013-9988","서류,면접","방문,기타(전화 후 방문)","기타(자격증)","","02-6013-9988","평일 : (근무시간) (오전) 9시 00분 ~ (정오) 12시 00분, 주 5일 근무"
"주식회사인동","[남양주 오남읍] 오남아이파크 미화원 모집","(12044)  경기도 남양주시 진건오남로759번길 110, 전체 (오남아이파크)","01729 서울특별시 노원구 중계로 90 (중계동)","시급10,320원 이상 ~ 10,320원 이하,","평일 : 주 5일 / 평일 08:00-14:30(휴게 12:00-13:00) 토요일 휴무, 주 5일 근무","기간의 정함이 있는 근로계약12 개월/ 파견근로 비희망/ 대체인력채용 비희망","거리 및 공공장소 청소원(환경 미화원)(561300)","경비 및 경호 서비스업","관계없음","학력무관","","26-07-30","채용시까지  26-09-29","","□  오남읍 오남아이파크아파트 미화원 구인   - 근무 주 5일:   평일 08:00-14:30(휴게 12:00-13:00), 토요일 휴무   - 급여: 1,479,890원    - 현장면접 010, 4732, 3314 미화반장님                서전 전화 약속 후 면접 진행(이력서 지참) - 이력서 제출, 팩스 02-932-5220, 이메일 indong0229@daum.net       ☆주의사항: 아파트 관리사무실 전화 및 방문 금지","서류,면접","방문,팩스,고용24,이메일","이력서","","02-951-5220","평일 : 주 5일 / 평일 08:00-14:30(휴게 12:00-13:00) 토요일 휴무, 주 5일 근무"
"효나눔노인복지센터","[천왕동] 재가 요양보호사 모집","(08364)  서울특별시 구로구 천왕로1길 36 (천왕동, 천왕타운하우스1)","08257 서울특별시 구로구 오리로 1299","시급10,320원 이상 ~ 13,000원 이하,","평일 : (근무시간) (오전) 9시 00분 ~ (오후) 1시 00분, 주 6일 근무","기간의 정함이 없는 근로계약(시간(선택)제)/ 파견근로 희망/ 대체인력채용 비희망","재가 요양보호사(550102)","노인 요양 복지시설 운영업","경력","학력무관","","26-07-30","채용시까지  26-09-29","","천왕동[천왕중학교인근]  - 대상자: 1등급 할머니, 와상, 루게릭, 의사소통 어려움, 기저귀착용, 배우자와 거주 - 직무내용: 기저귀케어, 신체지원, 가사 및 일상생활지원 - 근로시간 : 09:00~13:00/주6일 - 급여:  시급 10,320원[포괄 시급 13,000원], 중증수당 6,000원","서류,면접","방문,기타(핸드폰문의 010-4250-5547)","이력서,기타(건강검진표,요양보호사 자격증)","","02-2685-5547","평일 : (근무시간) (오전) 9시 00분 ~ (오후) 1시 00분, 주 6일 근무"
"장수노인복지센터","재가요양보호사 구인(간석동)","(21545)  인천광역시 남동구 남동대로898번길 18 (간석동, 늘푸름)","22142 인천광역시 미추홀구 주안로205번길 20, 3층 (주안동)","시급10,320원 이상 ~ 10,320원 이하,","평일 : 14:00~17:00 기본 주6일 근무이나, 한달 24일 근무로 각 월에 따라 토요일 근무는 유동적임. , 주 6일 근무","기간의 정함이 없는 근로계약(시간(선택)제)/ 파견근로 비희망/ 대체인력채용 비희망","재가 요양보호사(550102)","방문 복지서비스 제공업","관계없음","학력무관","","26-07-30","채용시까지  26-09-29","","* 4등급 여 어르신 케어 (간석동) - 근무시간 : 14:00~17:00 (주6일, 3시간)   (한달기준 24일 근무로, 월에 따라 토요일 근무는 변동있음) - 근무내용 : 신체지원, 정서지원, 가사일상지원, 말벗 - 반려동물 없음 - 채용담당자 : 010-4190-4109","면접","방문","이력서,기타(요양보호사 자격증, 건강검진결과지, 직무교육이수증, 의무교육수료증)","","","평일 : 14:00~17:00 기본 주6일 근무이나, 한달 24일 근무로 각 월에 따라 토요일 근무는 유동적임. , 주 6일 근무"
"평안휴케어센터","재가요양보호사 구인","(12215)  경기도 남양주시 덕소로116번길 49, 104동 (현대홈타운아파트)","14912 경기도 시흥시 비둘기공원7길 39, 평안휴케어센터 (대야동)","시급10,320원 이상,","평일 : (근무시간) (오전) 9시 00분 ~ (정오) 12시 00분, 주 6일 근무","기간의 정함이 없는 근로계약(시간(선택)제)/ 파견근로 비희망/ 대체인력채용 비희망","재가 요양보호사(550102)","노인 요양 복지시설 운영업","관계없음","학력무관","","26-07-30","채용시까지  26-09-29","","- 3등급 남자 어르신 - 시급13,500원(기본시급+주휴수당+연차수당포함) - 거동가능, 신체활동지원, 정서지원, 일상생활지원 -","면접","방문,기타(채용담당자  유선 통화 후 면접)","기타(요양보호사 자격증 건강검진)","","031-314-7588","평일 : (근무시간) (오전) 9시 00분 ~ (정오) 12시 00분, 주 6일 근무"
"참좋은복지센터","재가 요양보호사 구인","(18127)  경기도 오산시 초평중앙로 10, 2201 (탑동, 오산세교 한신더휴)","18116 경기도 오산시 은여울로43번길 17 (은계동)","시급10,320원 이상 ~ 10,320원 이하,","평일 : (근무시간) (오전) 9시 00분 ~ (정오) 12시 00분, 주 5일 근무","기간의 정함이 없는 근로계약(시간(선택)제)/ 파견근로 비희망/ 대체인력채용 비희망","재가 요양보호사(550102)","노인 요양 복지시설 운영업","관계없음","학력무관","","26-07-30","채용시까지  26-09-28","","*  대 상 자 : 3등급 할머니 *  근 무 지 : 세교 더휴아파트 *  근무내용 : 9시~12시 (월~금  주 5일)  *  급여 : 시급 10,320 + 주휴수당 + 연차수당 + 기타수당 = 총 13,500원","서류,면접,기타(요양보호사자격증, 26년 건강검진증명서)","고용24,기타(통화상담)","기타(채용확정이후 : 요양 보호사 자격증, 건강 검진 증명서)","","031-378-8571","평일 : (근무시간) (오전) 9시 00분 ~ (정오) 12시 00분, 주 5일 근무"
"고운손 방문요양간호센터","[금정/2등급/89세/남성] 방문요양 요양보호사 ...","(15826)  경기도 군포시 금산로 47, 109동 (산본동, e편한세상 금정역 에코센트럴 아파트)","15887 경기도 군포시 대야1로22번길 3, 402호 (대야미동)","시급10,320원 이상 ~ 10,320원 이하,","평일 : (근무시간) (오전) 8시 00분 ~ (오전) 11시 00분, 주 5일 근무","기간의 정함이 없는 근로계약(시간(선택)제)/ 파견근로 비희망/ 대체인력채용 비희망","재가 요양보호사(550102)","노인 요양 복지시설 운영업","관계없음","학력무관","","26-07-30","채용시까지  26-09-29","","*근무시간: 오전 8~11시(3시간)  -남자 와상어르신/ 소변줄 있음 -아침 식사 준비, 체위변경, 기저귀케어 -가사도움 없음.   -시급: 15000원(중증수당 포함)","면접","방문,고용24","기타(1년이내 건강검진결과지)","","070-8211-1570","평일 : (근무시간) (오전) 8시 00분 ~ (오전) 11시 00분, 주 5일 근무"
"에덴재가노인복지센터","재가요양보호사 -상봉동 3등급, 여, 오후 주5일...","(02087)  서울특별시 중랑구 망우로 353, - (상봉동, 상봉 프레미어스 엠코)","14345 경기도 광명시 양지로 21 (일직동, TTower)","시급10,320원 이상 ~ 10,320원 이하,","평일 : 16-19시, , 주 5일 근무","기간의 정함이 없는 근로계약/ 파견근로 비희망/ 대체인력채용 비희망","재가 요양보호사(550102)","방문 복지서비스 제공업","관계없음","학력무관","","26-07-30","26-09-29","","- 16시-19시, 주5일,   - 기본급 10,320원+주차수당+여러가지수당=13,000원","서류","방문","이력서","","","평일 : 16-19시, , 주 5일 근무"
"명성재가복지센터","[번동2단지 , 4등급 여 어르신] / 재가요양보...","(01230)  서울특별시 강북구 한천로105길 7, 임의기재/번동2단지 (번동)","01478 서울특별시 도봉구 우이천로4길 7, 1","시급10,320원 이상 ~ 10,320원 이하,","평일 : (근무시간) (오전) 9시 00분 ~ (정오) 12시 00분, 주 6일 근무","기간의 정함이 있는 근로계약(시간(선택)제)12 개월/ 파견근로 비희망/ 대체인력채용 비희망","재가 요양보호사(550102)","사회복지 상담서비스 제공업","관계없음","학력무관","","26-07-30","채용시까지  26-09-29","","- 직무내용 : 신체활동지원  가사지원 등 일상생할지원 - 근무조건 : 09:00 ~ 12:00  / 주 6일근무 - 포괄시급 : 13,000원(기본시급+주휴수당 등 포함)","면접","방문,고용24","이력서","","","평일 : (근무시간) (오전) 9시 00분 ~ (정오) 12시 00분, 주 6일 근무"
"굿케어재가복지센터","재가 요양보호사 채용","(14579)  경기도 부천시 원미구 소향로 206, 0 (중동, 미리내마을)","14530 경기도 부천시 원미구 길주로363번길 23-1, 일부 (춘의동)","시급10,320원 이상 ~ 13,100원 이하,","평일 : (근무시간) (오전) 9시 00분 ~ (정오) 12시 00분, 주 5일 근무","기간의 정함이 있는 근로계약12 개월/ 파견근로 비희망/ 대체인력채용 비희망","재가 요양보호사(550102)","노인 요양 복지시설 운영업","관계없음","학력무관","","26-07-23","채용시까지  26-09-22","","4급 할머니 오전 재가","면접","방문","이력서","","","평일 : (근무시간) (오전) 9시 00분 ~ (정오) 12시 00분, 주 5일 근무"
"소망재가복지센터","[월롱면 국사봉길] 3등급 여자어르신 요양보호사 ...","(10843)  경기도 파주시 국사봉길 18","10937 경기도 파주시 조리읍 봉천로 1, 소망재가복지센터 (태양상가)","시급10,320원 이상 ~ 10,320원 이하,","평일 : (근무시간) (오전) 11시 30분 ~ (오후) 2시 30분, 주 5일 근무","기간의 정함이 없는 근로계약(시간(선택)제)/ 파견근로 비희망/ 대체인력채용 비희망","재가 요양보호사(550102)","노인 요양 복지시설 운영업","관계없음","학력무관","","26-07-30","채용시까지  26-09-29","","[월롱면 국사봉길] 3등급 여자어르신 요양보호사 모집  / (식사,청소,말벗) / / 주 5일 11:30~14:30 / 시급 10,320원 + 주휴수당 포함 = 13,200원 + 유류비 지원   ***요양보호사 실제 서비스 제공기간에 따라 임금을 계산하여 지급하는 형태로 채용 시 근로자마다 주 소정근로시간이나 임금, 근무(예정)지 등에 차이가 있을 수 있음.**","서류,면접","방문,기타(전화 문의 후 면접)","기타(요양보호사 자격증, 자차이동 (개인정보가림처리 필수))","","031-949-2548","평일 : (근무시간) (오전) 11시 30분 ~ (오후) 2시 30분, 주 5일 근무"
"재가나눔요양센터","[녹번동]재가요양보호사(4등급)","(03375)  서울특별시 은평구 진흥로12가길 7-6, . (녹번동)","03397 서울특별시 은평구 통일로65길 26-19, 1층 (대조동)","시급13,000원 이상 ~ 13,000원 이하,","평일 : (근무시간) (오후) 1시 00분 ~ (오후) 4시 00분, 주 5일 근무","기간의 정함이 없는 근로계약(시간(선택)제)/ 파견근로 비희망/ 대체인력채용 비희망","요양보호사(550100)","방문 복지서비스 제공업","관계없음","학력무관","","26-07-30","채용시까지  26-09-29","","-직무대상: 4등급 여 자 어르신 -직무내용: 몸씻기도움 등 개인위생관리, 이동시 부축도움, 복약도움, 말벗, 세탁청소 및 주변정돈, 병원동행 -근무시간:13:00~16:00/주5일 -시급13,000원 -근무지:은평구 진흥로12가길","면접","방문","기타(건강검진, 요양보호사자격증 사본.)","","02-359-3291","평일 : (근무시간) (오후) 1시 00분 ~ (오후) 4시 00분, 주 5일 근무"
"늘봄시니어방문요양센터","[3등급 여자어르신 / 오전 / 대화동] 재가 요...","(10221)  경기도 고양시 일산서구 송포로 11 (대화동, 킨텍스아이파크)","10401 경기도 고양시 일산동구 중앙로 1305-30 (장항동, 마이다스 오피스텔)","시급10,320원 이상 ~ 10,320원 이하,","평일 : (근무시간) (오전) 9시 00분 ~ (정오) 12시 00분, 주 5일 근무","기간의 정함이 없는 근로계약(시간(선택)제)/ 파견근로 비희망/ 대체인력채용 비희망","재가 요양보호사(550102)","방문 복지서비스 제공업","관계없음","학력무관","","26-07-30","채용시까지  26-09-29","","* 대상자 - 3등급 여자어르신 * 근무시간 - 주5일/ 1일3시간/ 오전9시~정오12시 * 근무장소 - 일산서구 송포로 11. 대화마을8단지(킨텍스아이파크 아파트), 대화고 근처. * 주거형태 - 아파트거주 * 근무내용 - 일상생활 도움 등 재가 방문요양보호사 업무 * 포괄시급 - 13,100원(주휴수당, 연차수당 등 포함)","면접","기타(면접 시)","기타(요양보호사자격증)","","031-994-8811","평일 : (근무시간) (오전) 9시 00분 ~ (정오) 12시 00분, 주 5일 근무"
"나이스방문요양센터","시흥시 재가요양보호사모집","(14944)  경기도 시흥시 미산로143번길 10, 은계7단지 (미산동, 부국미산아파트)","18314 경기도 화성시 효행구 봉담읍 장등2길 6-15, 401호","시급13,000원 이상,","평일 : 1. 미산동 부국아파트 -  주6일   어머니 오전11:00~14:00 2. 은계7단지 LH아파트- 주6일  아들    오후 14:30~17:30  2군데 근무(요양보호사 1명 구인), 주 6일 근무","기간의 정함이 없는 근로계약(시간(선택)제)/ 파견근로 비희망/ 대체인력채용 비희망","재가 요양보호사(550102)","방문 복지서비스 제공업","관계없음","학력무관","","26-07-30","채용시까지  26-09-29","","◆ 내용 청소,반찬,목욕, 동행 요양보호사자격증필수  ◆ 시간 및 장소  1. 미산동 부국아파트 -  주6일   어머니 오전11:00~14:00 2. 은계7단지 LH아파트- 주6일  아들    오후 14:30~17:30  * 부국아파트 끝나고 은계7단지로 가서 근무 (요양보호사 1명 구인)  ◆ 급여   - 시급 *시급:10.320원+기타수당:2,680원(주유수당포함)=13,000원","서류,면접","방문","기타(건강검진 자격증)","","031-305-3256","평일 : 1. 미산동 부국아파트 -  주6일   어머니 오전11:00~14:00 2. 은계7단지 LH아파트- 주6일  아들    오후 14:30~17:30  2군데 근무(요양보호사 1명 구인), 주 6일 근무"
"다나음방문요양센터","방문요양보호사(4급 여자어르신)","(10337)  경기도 고양시 일산동구 탄중로 430 (중산동, 중산마을10단지아파트)","10332 경기도 고양시 일산동구 탄중로 341, 다나음방문요양센터 (중산동, 중산마을5단지)","시급10,320원 이상,","평일 : (근무시간) (오후) 2시 00분 ~ (오후) 5시 00분, 주 5일 근무","기간의 정함이 없는 근로계약/ 파견근로 비희망/ 대체인력채용 비희망","재가 요양보호사(550102)","사회복지 상담서비스 제공업","관계없음","학력무관","","26-07-30","채용시까지  26-09-29","","4급 여자어르신 케어(말동무, 간단 가사지원, 산책동행 등) 목욕지원 없음 기타수당 포함 13000원","면접","방문,고용24,기타(전화)","이력서,기타(면접시)","","031-975-7855","평일 : (근무시간) (오후) 2시 00분 ~ (오후) 5시 00분, 주 5일 근무"
"효사랑방문요양센터","능곡동 4등급 여자 어르신- 요양보호사 모집","(14995)  경기도 시흥시 시흥대로268번길 53, . (능곡동, 휴먼시아)","15036 경기도 시흥시 서촌상가3길 21, 코아프라자 502호 (정왕동)","시급10,320원 이상 ~ 10,320원 이하,","평일 : (근무시간) (오전) 9시 00분 ~ (정오) 12시 00분, 주 5일 근무","기간의 정함이 없는 근로계약/ 파견근로 비희망/ 대체인력채용 비희망","재가 요양보호사(550102)","방문 복지서비스 제공업","관계없음","학력무관","","26-07-30","채용시까지  26-09-29","","- 4등급 여자 어르신 - 주 5일/ 오전 09시~12시 - 신체지원 및 가사지원 서비스  - 시급 13,200 (시급 10,320+ 수당) - 1년 이내 건강 검진 받으신 분 - 문의: 031-496-1984","서류,면접","방문","이력서,기타(요양보호사자격증.)","경기도 시흥시청","031-496-1984","평일 : (근무시간) (오전) 9시 00분 ~ (정오) 12시 00분, 주 5일 근무"
"주식회사거산테크","플라스틱사출성형 생산직 모집","(21700)  인천광역시 남동구 남동대로49번길 104, 남동공단 128B-7L (고잔동)","21700 인천광역시 남동구 남동대로49번길 104, 남동공단 128B-7L (고잔동)","시급10,320원 이상,","평일 : (근무시간) (오전) 8시 00분 ~ (오후) 8시 00분, 주 6일 근무","기간의 정함이 없는 근로계약/ 파견근로 비희망/ 대체인력채용 비희망","전자 부품 및 제품 제조 기계 조작원(835300)","그 외 기타 플라스틱 제품 제조업","관계없음","학력무관","","26-07-30","채용시까지  26-09-29","","플라스틱 성형사출기 단순 조작 및 생산품 포장등 *2조2교대 야간근무 가능자만 지원가능","서류,면접","팩스,고용24,이메일","이력서,자기소개서","","032-822-7296","평일 : (근무시간) (오전) 8시 00분 ~ (오후) 8시 00분, 주 6일 근무"
"하이감각통합청각발달센터","[경기 안산] 아동발달센터 행정선생님을 모집합니다","(15461)  경기도 안산시 단원구 광덕대로 197 (고잔동)","15461 경기도 안산시 단원구 광덕대로 197 (고잔동)","시급10,320원 이상 ~ 10,320원 이하,","평일 : (근무시간) (오후) 4시 00분 ~ (오후) 6시 30분, 주 5일 근무","기간의 정함이 있는 근로계약(시간(선택)제)24 개월/ 파견근로 비희망/ 대체인력채용 비희망","사무 보조원(일반사업체)(029904)","기타 교육지원 서비스업","경력","학력무관","","26-07-30","채용시까지  26-09-29","","안녕하세요. 경기도 안산에 위치한 하이감각통합청각발달센터에서 행정선생님을 모집하고 있습니다. 많은 지원 부탁드립니다.   [근무 요일 및 시간] - 주5일(월~금)   월~금 16:00~18:30 (2사간 30분 근무)  - 공휴일, 센터 휴일 시 휴무  [급여] - 시급 10,320원  [근무시작] - 면접 후 협의  [복지] - 센터 지하 주차장 주차비 지원, 명절 선물 제공  [자격요건] - 한글, 엑셀 작업 가능하신 분 - 아동 및 장애아동 관련 근무이력자 우대  [업무] - 전반적인 행정업무 - 이용자 안내 및 전화 응대 - 수납 및 수업 스케줄 관리 (케어플센터 사용) - 대기아동 관리 및 센터 청소와 정리정돈 - 치료사 보조 업무  [제출서류 및 지원방법] - 제출서류 : 이력서 및 자기소개서 - e-mail 접수 : happyi-hear@naver.com - 문의전화 : 031-362-5273 - 서류 확인 후 면접에 대해 별도로 연락드리겠습니다. - 서류는 다시 반환되지 않습니다.","서류,면접","고용24,이메일","이력서,자기소개서","","031-362-5273","평일 : (근무시간) (오후) 4시 00분 ~ (오후) 6시 30분, 주 5일 근무"
"(주)더초록식품","생산직 사원 모집","(11190)  경기도 포천시 내촌면 오림포길 45-33","11190 경기도 포천시 내촌면 오림포길 45-33","시급10,320원 이상 ~ 10,320원 이하,","평일 : (근무시간) (오전) 9시 00분 ~ (오후) 6시 00분, 주 5일 근무","기간의 정함이 없는 근로계약/ 파견근로 비희망/ 대체인력채용 비희망","식품 분야 단순 종사원(890006)","기타 식품 첨가물 제조업","관계없음","학력무관","","26-08-12","채용시까지  26-10-11","","제품 생산, 포장 및 청소 등","서류,면접","방문,팩스,고용24","이력서","","031-534-9998","평일 : (근무시간) (오전) 9시 00분 ~ (오후) 6시 00분, 주 5일 근무"
"시온사랑데이케어센터","[종암동/4등급/오후] 재가요양보호사 구인","(02805)  서울특별시 성북구 종암로19다길 42-12, 고려아파트 (종암동, 종암고려아파트)","04382 서울특별시 용산구 한강대로62나길 6, 1층 (한강로1가)","시급10,320원 이상 ~ 10,320원 이하,","평일 : (근무시간) (오후) 1시 00분 ~ (오후) 4시 00분, 주 5일 근무","기간의 정함이 없는 근로계약(시간(선택)제)/ 파견근로 비희망/ 대체인력채용 비희망","재가 요양보호사(550102)","사회복지 상담서비스 제공업","관계없음","학력무관","","26-07-30","채용시까지  26-09-29","","[ 종암동 고려아파트 ] 4등급 할머니 재가요양보호  - 직무내용 : 식사도움, 가사 및 일상생활지원, 병원동행 등  - 장기요양급여 적용 근로시간 : 1일 3시간     - 주5일  /  근무시간 : 월~금 13:00~16:00  - 시급: 13,000원 (최저시급 10,320원 + 주휴수당 등 별도)","면접","방문,기타(통화 후 면접)","기타(자격증사본)","","02-702-3220","평일 : (근무시간) (오후) 1시 00분 ~ (오후) 4시 00분, 주 5일 근무"
"가족사랑방문요양재가센터","[도봉세무서 건너편/ 4등급 여자/ 오후]  재가...","(01165)  서울특별시 강북구 도봉로20나길 7, 도봉세무서 건너편 (미아동)","01032 서울특별시 강북구 인수봉로72길 42, 108 (수유동, 극동아파트)","시급10,320원 이상 ~ 10,320원 이하,","평일 : (근무시간) (오후) 2시 00분 ~ (오후) 5시 00분, 주 6일 근무","기간의 정함이 있는 근로계약(시간(선택)제)12 개월/ 파견근로 비희망/ 대체인력채용 비희망","재가 요양보호사(550102)","방문 복지서비스 제공업","관계없음","학력무관","","26-07-30","채용시까지  26-09-29","","* 도봉세무서 건너편/ 4등급 여자 - 직무내용 : 청소, 가사, 개인 위생 도움 등 일상생활 지원 - 근무조건 : 14:00~17:00(전후 1시간 정도 조절 가능)/주 6일 - 포괄시급 : 13,000원 (기본 시급,제 수당 등 포함)","면접","방문","자기소개서","","02-993-4677","평일 : (근무시간) (오후) 2시 00분 ~ (오후) 5시 00분, 주 6일 근무"
"사랑보듬재가복지센터","5등급 여자어르신 선생님 모집합니다","(11719)  경기도 의정부시 동일로 397, 103동 (장암동, 장암1단지주공· 장암2단지주공아파트)","01059 서울특별시 강북구 도봉로96길 80","시급10,320원 이상 ~ 10,320원 이하,","평일 : (근무시간) (오전) 8시 30분 ~ (오전) 11시 30분, 주 5일 근무","기간의 정함이 없는 근로계약(시간(선택)제)/ 파견근로 비희망/ 대체인력채용 비희망","재가 요양보호사(550102)","사회복지 상담서비스 제공업","관계없음","학력무관","","26-07-30","채용시까지  26-09-29","","[모집직무] 요양보호사, (치매교육 이수자 필수)  [직무소개] 센터는 5등급 거동 스스로 하시는 여성 어르신을 위한  요양보호사 구인합니다.  [주요업무] - 일상생활 지원 - 인지활동 지원","면접","방문","기타(건강검진, 치매교육 이수자)","","0000-2135-8577","평일 : (근무시간) (오전) 8시 30분 ~ (오전) 11시 30분, 주 5일 근무"
"최고야방문요양센터","[교대역 인근/4등급 여자어르신/13:00~18:...","(06635)  서울특별시 서초구 사임당로23길 45, 서초동 (서초동, 훼미리궁전빌라)","06653 서울특별시 서초구 반포대로14길 36 (서초동, 현대전원오피스텔)","시급10,320원 이상 ~ 10,320원 이하,","평일 : (근무시간) (오후) 1시 00분 ~ (오후) 6시 00분, 주 5일 근무","기간의 정함이 없는 근로계약(시간(선택)제)/ 파견근로 비희망/ 대체인력채용 비희망","요양보호사(550100)","방문 복지서비스 제공업","관계없음","학력무관","","26-07-30","채용시까지  26-09-29","","- 대상자 : 교대역 인근  4등급 여자어르신 90대초반 - 직무 내용 : 일상생활지원, 점심식사준비 - 근무시간 13:00~18:00  주5일  - 시급 10,320원 +  기타 수당  * 지원 문의 : 전화(010-9811-9828)","면접","방문,기타(통화후 면접 (010-9811-9828))","기타(요양보호사 자격증)","","02-2135-7737","평일 : (근무시간) (오후) 1시 00분 ~ (오후) 6시 00분, 주 5일 근무"
"주식회사 삼광엔시팅","제품 조립 및 박스 포장 (단순노무직)","(15528)  경기도 안산시 상록구 용담로 97, 팔곡이동 50-12 (팔곡이동)","15528 경기도 안산시 상록구 용담로 97 (팔곡이동)","시급10,320원 이상 ~ 10,320원 이하,","평일 : (근무시간) (오전) 8시 00분 ~ (오후) 5시 00분, 주 5일 근무","기간의 정함이 없는 근로계약/ 파견근로 비희망/ 대체인력채용 비희망","기타 제조 관련 단순 종사원(890000)","금속 가구 제조업","관계없음","학력무관","","26-07-30","채용시까지  26-09-29","","당사는 공연장및 예술의전당,학교 등  의자 생산업체입니다. 제품 조립 및 박스 포장  단순 노무직입니다.","서류,면접","방문,팩스,고용24","이력서,기타(채용 후: 주민등록등본)","안산고용센터","031-412-6917","평일 : (근무시간) (오전) 8시 00분 ~ (오후) 5시 00분, 주 5일 근무"
"국군복지단","[봉담읍] 군마트 진열 및 판매보조","(18336)  경기도 화성시 효행구 봉담읍 방골길 63-7, 덕산스포텔 1층, 국군복지단 덕산대마트","04353 서울특별시 용산구 두텁바위로 54-99 (용산동2가)","시급10,320원 이상 ~ 10,320원 이하,","평일 : 10:00~16:30(휴게시간 0.5시간), 주 5일 근무","기간의 정함이 있는 근로계약1 개월/ 파견근로 비희망/ 대체인력채용 비희망","매장 정리원(매장 보조원)(617901)","골프장 운영업","관계없음","학력무관","","26-07-30","채용시까지  26-09-29","","[봉담읍] 군마트 진열 및 판매보조  ▣ 근무 내용 : 매장 내 물품 진열·보조 / 정리 업무 ▣ 근무 시간 : 10:00~16:30(휴게시간 30분) [주 5일 30시간] ▣ 임금 : 시급 10,320원 ▣ 근무지 : 경기도 화성시 효행구 봉담읍 방골길 63-7","면접","방문","이력서","","","평일 : 10:00~16:30(휴게시간 0.5시간), 주 5일 근무"
"(A+)시니어복지센터","광교 요양보호사님 구인","(16943)  경기도 용인시 수지구 광교마을로 90 (상현동, 휴먼시아아파트)","16977 경기도 용인시 기흥구 강남서로 9, 844호","시급10,320원 이상 ~ 10,320원 이하,","평일 : (근무시간) (오전) 8시 30분 ~ (오전) 11시 30분, 주 6일 근무","기간의 정함이 없는 근로계약(시간(선택)제)/ 파견근로 비희망/ 대체인력채용 비희망","재가 요양보호사(550102)","보건 및 복지 행정","관계없음","학력무관","","26-07-30","채용시까지  26-09-29","","4등급 독거어머님 간단한 식사제공 가사지원이 필요합니다.","면접","방문","기타(자걱증, 건강검진표)","","031-305-6870","평일 : (근무시간) (오전) 8시 30분 ~ (오전) 11시 30분, 주 6일 근무"
"보듬방문요양센터","강북구 수유동 수유보건지소 인근 대원빌라  5등급...","(01111)  서울특별시 강북구 수유로 21-11, . (수유동, 대원빌라)","12147 경기도 남양주시 호평로67번길 5 (호평동, 경은빌딩)","시급10,320원 이상 ~ 10,320원 이하,","평일 : 강북구 수유동 수유보건지소 인근 대원빌라  5등급 여자어르신 재가요양보호사 구인  강북구 수유로21-11  월~금 10-13시 (시간조율 가능)  청소, 위생관리 , 점심차려 드리기, 말벗 이용 원하심 ., 주 5일 근무","기간의 정함이 없는 근로계약(시간(선택)제)/ 파견근로 비희망/ 대체인력채용 비희망","재가 요양보호사(550102)","방문 복지서비스 제공업","경력","학력무관","","26-07-30","채용시까지  26-09-29","","강북구 수유동 수유보건지소 인근 대원빌라  5등급 여자어르신 재가요양보호사 구인  강북구 수유로21-11  월~금 10-13시 (시간조율 가능)  청소, 위생관리 , 점심차려 드리기, 말벗 이용 원하심 .","서류,면접","고용24","이력서,기타(면접 시 제출 서류 :이력서  합격 후 제출 서류 : 등본사본 주민등록증 자격증사본)","","031-513-2772","평일 : 강북구 수유동 수유보건지소 인근 대원빌라  5등급 여자어르신 재가요양보호사 구인  강북구 수유로21-11  월~금 10-13시 (시간조율 가능)  청소, 위생관리 , 점심차려 드리기, 말벗 이용 원하심 ., 주 5일 근무"
"화목한방문요양센터","증산동 3등급 할머니  재가요양호사 구인","(03505)  서울특별시 은평구 수색로 200, . (증산동, DMC센트럴자이)","03498 서울특별시 은평구 증산로7길 28-1, 지층 (증산동)","시급10,320원 이상 ~ 13,100원 이하,","평일 : (근무시간) (오전) 9시 00분 ~ (정오) 12시 00분, 주 6일 근무","기간의 정함이 없는 근로계약(시간(선택)제)/ 파견근로 비희망/ 대체인력채용 비희망","재가 요양보호사(550102)","방문 복지서비스 제공업","관계없음","학력무관","","26-07-30","26-09-29","","[증산동/오전/여] -대상: 3등급 -내용: 아들과거주(직장가심), 일상생활지원 -시간: 10시-13시(주6일) -급여: 13,100원(각종수당포함) -근무지: 수색로200,204동(dmc센트럴자이)","면접","방문,기타(전화문의)","기타(자격증사본)","","02-2637-3307","평일 : (근무시간) (오전) 9시 00분 ~ (정오) 12시 00분, 주 6일 근무"
"효자매노인재가센터","3등급 80대 남자어르신 요양보호사 선생님 구인합...","(02462)  서울특별시 동대문구 제기로37길 2-19, 3층 (청량리동)","14988 경기도 시흥시 목감남서로 9-19, 502호,603호,604호 (조남동)","시급13,700원 이상,","평일 : (오전) 8시 30분~(오전) 11시 30분, 주 5일 근무","기간의 정함이 없는 근로계약/ 파견근로 비희망/ 대체인력채용 비희망","재가 요양보호사(550102)","방문 복지서비스 제공업","관계없음","학력무관","","26-07-30","채용시까지  26-09-29","","3등급 80대  남자 어르신 요양 보호사님 모십니다 배우자와 함께 거주중이시며 청결한 환경 관리 도움과  샤워 도움 필요합니다 월~토 근무합니다.(협의 가능 합니다) 시급: 13,700원(기본시급10,320원+그외수당포함),교통비 지원합니다","기타(전화통화)","고용24,기타(전화)","이력서,기타(자격증)","","031-402-1771","평일 : (오전) 8시 30분~(오전) 11시 30분, 주 5일 근무"
"효드림재가복지센터","요양보호사 구인","(08107)  서울특별시 양천구 신정로 260, . (신정동, 신트리4단지아파트)","07912 서울특별시 양천구 남부순환로40길 53 (신월동)","시급10,320원 이상 ~ 10,320원 이하,","평일 : (근무시간) (오후) 2시 00분 ~ (오후) 5시 00분, 주 3일 근무","기간의 정함이 없는 근로계약(시간(선택)제)/ 파견근로 비희망/ 대체인력채용 비희망","재가 요양보호사(550102)","노인 요양 복지시설 운영업","관계없음","학력무관","","26-07-30","26-09-29","","4등급 여자 어르신(84세, 독거) - 식사도움, 청소, 세탁도움 - 주3일, 화,목,토 14:00~17:00 - 시급 13,200원(기타수당 포함)","면접","기타(전화상담)","기타(요양보호사자격증 사본)","","","평일 : (근무시간) (오후) 2시 00분 ~ (오후) 5시 00분, 주 3일 근무"
"우리실버홈케어복지센터","재가요양보호사 구인","(07909)  서울특별시 양천구 가로공원로61길 12, 대호연립","07905 서울특별시 양천구 가로공원로 123 (신월동, 우진팰리스)","시급10,320원 이상 ~ 10,320원 이하,","평일 : (근무시간) (오전) 9시 00분 ~ (정오) 12시 00분, 주 3일 근무","기간의 정함이 없는 근로계약(시간(선택)제)/ 파견근로 비희망/ 대체인력채용 비희망","재가 요양보호사(550102)","방문 복지서비스 제공업","관계없음","학력무관","","26-07-30","26-09-29","","5등급 할아버지 직무내용 : 일상 생활 지원, 가사 지원, 말벗 등 근무시간 : 주 3일  / 09:00~12:00 (9시간) 시급 : 13,000원 (최저시급 10,320원 + 주휴수당 등 별도)","면접","방문,기타(전화)","기타(요양보호사 자격증)","","02-2608-8087","평일 : (근무시간) (오전) 9시 00분 ~ (정오) 12시 00분, 주 3일 근무"
"국군복지단","이천 군마트 내/외부 환경미화(청소)","(17414)  경기도 이천시 장호원읍 경충대로597번길 227-25, 국군복지단 상승마트","04353 서울특별시 용산구 두텁바위로 54-99 (용산동2가)","시급10,320원 이상 ~ 10,320원 이하,","평일 : (근무시간) (오전) 9시 00분 ~ (오후) 1시 00분, 주 5일 근무","기간의 정함이 있는 근로계약(시간(선택)제)1 개월/ 파견근로 비희망/ 대체인력채용 비희망","건물 청소원(공공건물,아파트,사무실,병원,상가,공장 등)(561101)","골프장 운영업","관계없음","학력무관","","26-07-30","채용시까지  26-09-29","","군 마트 내/외부 환경미화(청소)","면접","방문","이력서","","","평일 : (근무시간) (오전) 9시 00분 ~ (오후) 1시 00분, 주 5일 근무"
"돌봄 잘하는 재가복지센터","비봉면 3등급 어르신을 담당할 요양보호사님을 찾습...","(18283)  경기도 화성시 효행구 새비봉서로1길 14, 비봉면 (비봉 금강 펜테리움)","16649 경기도 수원시 권선구 고색로78번길 19 (고색동)","시급10,320원 이상 ~ 10,320원 이하,","평일 : (근무시간) (오후) 12시 30분 ~ (오후) 3시 30분, 주 5일 근무","기간의 정함이 없는 근로계약/ 파견근로 비희망/ 대체인력채용 비희망","재가 요양보호사(550102)","방문 복지서비스 제공업","관계없음","학력무관","","26-07-30","채용시까지  26-09-29","","[모집직무] 방문요양   [주요업무] - 3등급 방문요양 - 배우자님과 거주하고 계시는 남자 어르신을 대상으로 신체활동지원, 정서지원, 일상생활지원, 개인활동지원 등 방문 요양 업무 -재활을 위한 실내외 운동 지원(가벼운 산책 및 실내 운동 등)이 필요합니다. -매주 금요일 재활 병원 진료로 인해 보호자분 부재 시 동행이 필요할 수 있습니다.  [시급] 포괄 13,200원 기본 시급 10,320 + 주휴수당 + 연차수당 + 기타수당 = 총 13,200원","서류,면접","방문,기타(전화문의부탁드립니다)","이력서,기타(채용시 2026건강 검진 결과지 및  요양보호사 자격증)","","031-8067-6319","평일 : (근무시간) (오후) 12시 30분 ~ (오후) 3시 30분, 주 5일 근무"
"대흥노인복지센터","(방문요양) 재가요양보호사 구인합니다.( 우만주공...","(16230)  경기도 수원시 팔달구 창룡대로210번길 13, 306동 (우만동, 주공3단지아파트)","16230 경기도 수원시 팔달구 창룡대로210번길 13, 103호 (우만동, 주공3단지아파트)","시급10,320원 이상,","평일 : (근무시간) (오후) 1시 00분 ~ (오후) 4시 00분, 주 5일 근무","기간의 정함이 없는 근로계약(시간(선택)제)/ 파견근로 비희망/ 대체인력채용 비희망","요양보호사(550100)","사회복지 상담서비스 제공업","경력","학력무관","","26-07-30","채용시까지  26-09-29","","- 우만동 우만주공3단지에 거주하시는 4등급 남자 어르신입니다.  - 근무시간은 월~금 (주 5일) / 3시간 (오후 13시-16시)  - 신체활동, 정서, 가사 및 일상생활지원 업무 등.  - 자세한 어르신 상태 및 시급, 기타 전달 사항은 면접 시 안내해드리도록 하겠습니다.  -최저시급 : 10,320원 주휴수당: 2,086 원 ,주휴수당: 594원   합: 13,000원","서류,면접","방문,기타(전화접수 가능)","기타(요양보호사 자격증, 건강검진결과서)","","031-222-7850","평일 : (근무시간) (오후) 1시 00분 ~ (오후) 4시 00분, 주 5일 근무"
"（주）홈스웰","아파트 외곽 미화원 채용","(23438)  인천광역시 검단구 금정로 11, . (불로동, 신검단중앙역 우미 린 클래스원)","14056 경기도 안양시 동안구 학의로 282, a동 2110호 (관양동)","시급10,320원 이상,","평일 : 평일 08:00-15:00 토요일 08:00-11:00 (격주 근무) 휴게시간: 12:00-13:00, 주 5일 근무","기간의 정함이 있는 근로계약(시간(선택)제)3 개월/ 계약기간 만료 후 상용직전환검토/ 파견근로 비희망/ 대체인력채용 비희망","건물 청소원(561100)","경비 및 경호 서비스업","관계없음","학력무관","","26-07-30","채용시까지  26-09-29","","- 불로동 우미린클래스원 @ 외곽, 지하주차장(청소차 운행), 분리수거등 청소 - 근무시간: 평일 08:00-15:00, 토요일 08:00-11:00 (격주 근무), 휴게시간: 12:00-13:00 - 급여: 1,950,000원 - 유선연락 후 면접: 010-8930-9792","서류,면접","방문","이력서","","","평일 : 평일 08:00-15:00 토요일 08:00-11:00 (격주 근무) 휴게시간: 12:00-13:00, 주 5일 근무"
"주식회사삼주산업","생산직 사원모집","(17501)  경기도 안성시 양성면 양성로 558","17501 경기도 안성시 양성면 양성로 558","시급10,320원 이상 ~ 10,320원 이하,","평일 : (근무시간) (오전) 8시 30분 ~ (오후) 5시 30분, 주 5일 근무","기간의 정함이 없는 근로계약/ 파견근로 비희망/ 대체인력채용 비희망","기타 제조 관련 단순 종사원(890000)","그 외 기타 달리 분류되지 않은 운송장비 제조업","신입","학력무관","","26-07-30","채용시까지  26-09-29","","파이프와 전동드릴을 이용해 단순 랙 제작입니다.","서류,면접","팩스","이력서","","031-338-1369","평일 : (근무시간) (오전) 8시 30분 ~ (오후) 5시 30분, 주 5일 근무"
"브라보 시니어케어 강남센터","[잠실 레이크팰리스/4등급 여자어르신/10~13시...","(05607)  서울특별시 송파구 잠실로 88 (잠실동, 레이크팰리스)","06231 서울특별시 강남구 도곡로 221, 3층 2호실 (역삼동)","시급10,320원 이상 ~ 10,320원 이하,","평일 : (근무시간) (오전) 10시 00분 ~ (오후) 1시 00분, 주 5일 근무","기간의 정함이 없는 근로계약(시간(선택)제)/ 파견근로 비희망/ 대체인력채용 비희망","요양보호사(550100)","그 외 기타 분류 안된 사업지원 서비스업","관계없음","학력무관","","26-07-30","채용시까지  26-09-29","","- 대상자 : 잠실 레이크팰리스 4등급 여자어르신 - 직무 내용 :  일상생활지원, 정리정돈, 산책 - 근무 시간 : 10~13시 주5일 - 시급 : 10,320원 + 기타 수당  * 채용담당 010-3988-4279","면접","기타(* 지원 문의 : 전화(010-3988-4279))","이력서","","","평일 : (근무시간) (오전) 10시 00분 ~ (오후) 1시 00분, 주 5일 근무"
"햇살방문요양센터","동천동/2등급 어르신/2시~6시/ 중증가산수당 별...","(16822)  경기도 용인시 수지구 동천로153번길 6 (동천동, 한빛마을 래미안 이스트팰리스 4단지)","16825 경기도 용인시 수지구 동천로 22 (동천동)","시급10,320원 이상 ~ 10,320원 이하,","평일 : (근무시간) (오후) 2시 00분 ~ (오후) 6시 00분, 주 5일 근무","기간의 정함이 없는 근로계약(시간(선택)제)/ 파견근로 비희망/ 대체인력채용 비희망","재가 요양보호사(550102)","방문 복지서비스 제공업","관계없음","학력무관","","26-07-30","채용시까지  26-09-29","","시급 14,000원(제수당 포함, 중증가산수당 별도)용인시 수지구 동천동에 거주하고 계신 2등급 남자 어르신을 도와 주실 선생님을 모십니다 .근무 요일 : 월요일~금요일(또는 토요일) 근무 시간 : 오후 2시~6시 또는 오후 1시 30분 ~ 5시 30분 (4시간), 주요 업무 : 식사준비, 기저귀케어(낮동안 소변기 사용), 가벼운 운동 도움, 어르신 공간 청소","서류,면접","고용24","이력서","","031-272-0077","평일 : (근무시간) (오후) 2시 00분 ~ (오후) 6시 00분, 주 5일 근무"
"예사랑재가노인복지센터","[인천 미추홀구 문학동] 예사랑재가노인복지센터에서...","(22238)  인천광역시 미추홀구 소성로350번길 18-19, . (문학동, 중앙하이츠)","22231 인천광역시 미추홀구 매소홀로535번길 8-1 (문학동)","시급10,320원 이상 ~ 10,320원 이하,","평일 : (근무시간) (오전) 9시 00분 ~ (정오) 12시 00분, 주 5일 근무","기간의 정함이 있는 근로계약(시간(선택)제)3 개월/ 계약기간 만료 후 상용직전환검토/ 파견근로 비희망/ 대체인력채용 비희망","재가 요양보호사(550102)","노인 요양 복지시설 운영업","관계없음","학력무관","","26-07-30","채용시까지  26-09-29","","- 근무지역 : 인천 미추홀구 문학동 부근 - 직무내용  4등급 할머니 재가업무 - 근무시간 : 12:00~15:00_주 5일 근무 - 급여안내 : 시급 13,000원(각종 수당 포함) - 기타내용 : 요양보호사 자격증 소지자","면접","방문","이력서","","","평일 : (근무시간) (오전) 9시 00분 ~ (정오) 12시 00분, 주 5일 근무"
"목동중앙데이케어센터","[목4동성당 근처 / 3등급 여자어르신/ 주5일 ...","(07958)  서울특별시 양천구 목동중앙남로9길 15, 00 (목동)","07946 서울특별시 양천구 목동중앙북로7가길 60","시급10,320원 이상 ~ 10,320원 이하,","평일 : (근무시간) (오전) 8시 30분 ~ (오전) 9시 30분, 주 5일 근무","기간의 정함이 있는 근로계약11 개월/ 파견근로 비희망/ 대체인력채용 비희망","재가 요양보호사(550102)","방문 복지서비스 제공업","경력","학력무관","","26-07-30","채용시까지  26-09-29","","[목4동 성당 근처 / 3등급 여자어르신/ 데이케어 이용 송영 도움]  - 대상 : 3등급 여자어르신 36년생   - 근무시간 : 주5일 08:30-09:30  - 업무 : 식사 도움, 위생관리 도움, 주간보호 차량 탑승 도움  - 독거 세대, 자녀가 인근 거주하며 도움  - 포괄시급 : 16,000원 (시급 10,320원+기타수당)","서류,면접","방문","이력서","","02-2654-9717","평일 : (근무시간) (오전) 8시 30분 ~ (오전) 9시 30분, 주 5일 근무"
"봄날재가요양센터","가양역 근처 월드메르디앙 1등급 어르신 모실 요양...","(07573)  서울특별시 강서구 양천로 420, 월드메르디앙아파트 (등촌동, 등촌동월드메르디앙아파트)","07587 서울특별시 강서구 공항대로41길 66, B153호 (등촌동)","시급10,320원 이상 ~ 10,320원 이하,","평일 : 월~토 13:00- 15:00 (3사간) / 첫째, 둘째주 일요일 09:00-17:00 (8시간), 주 6일 근무","기간의 정함이 없는 근로계약(시간(선택)제)/ 파견근로 비희망/ 대체인력채용 비희망","재가 요양보호사(550102)","방문 복지서비스 제공업","관계없음","학력무관","","26-07-30","채용시까지  26-09-29","","- 1등급 할머니 (40년생) - 거동 불가. 신체 활동 지원, 위생 관리, 식사 도움 (비위관 영양공급 ) ,목욕 도움, 일상생활 지원 및 주변 환경 정리 - 시간 : 주 6회 (월~토) 3시간  + 첫째, 둘째 주 일요일 8시간 - 시급 : 13,300원(기본 10,320원+ 주휴 등 기타수당 포함) - 요양원 근무 경험자 우대","면접","기타(전화부탁드립니다.)","기타(요양보호사 자격증,건강검진표)","","070-7585-1621","평일 : 월~토 13:00- 15:00 (3사간) / 첫째, 둘째주 일요일 09:00-17:00 (8시간), 주 6일 근무"
"우리사랑방문요양센터","[청담동/ 4등급 할머님/ 주6일] 재가요양보호사...","(06074)  서울특별시 강남구 학동로 513 (청담동, 진흥아파트)","14070 경기도 안양시 동안구 관평로138번길 24 (평촌동, 초원아파트 상가동)","시급10,320원 이상 ~ 13,300원 이하,","평일 : (근무시간) (오전) 10시 00분 ~ (오후) 1시 00분, 주 6일 근무","기간의 정함이 없는 근로계약(시간(선택)제)/ 파견근로 비희망/ 대체인력채용 비희망","요양보호사(550100)","방문 복지서비스 제공업","관계없음","학력무관","","26-07-30","채용시까지  26-09-29","","[청담동/ 4등급 80대 할머님/ 주 6일] 재가요양보호사 채용  - 근무 : 주6일 10:00~13:00, 시간협의 가능 - 업무 : 워커이동 도움, 반찬, 청소, 산책, 목욕 등 개인위생과 일상생활지원 - 시급 : 13,300원(제수당 포함) - 우대 : 내국인  *지원문의 : 010-3530-4814","서류,면접","방문,기타(전화 지원 후 방문)","이력서,기타(채용시 요양보호사 자격증, 건강검진서류)","","031-381-9985","평일 : (근무시간) (오전) 10시 00분 ~ (오후) 1시 00분, 주 6일 근무"
"한결재가돌봄센터","가사간병 요양보호사 채용","(01488)  서울특별시 도봉구 덕릉로 350 (창동, 주공4단지아파트)","01322 서울특별시 도봉구 도봉로164길 33-25 (도봉동, 북부법조타운)","시급10,320원 이상 ~ 10,320원 이하,","평일 : (근무시간) (오전) 9시 00분 ~ (정오) 12시 00분, 주 2일 근무","기간의 정함이 없는 근로계약/ 파견근로 비희망/ 대체인력채용 비희망","요양보호사(550100)","그 외 기타 보건업","관계없음","학력무관","","26-07-30","채용시까지  26-09-29","","[가사간병 요양보호사 채용] - 근무지: 창동 주공 4단지 (녹천역 1번출구 도보 5분) - 직무내용: 신체, 가사, 정서지원 - 근무시간 : 일3시간/ 주2회 (월 24시간)  * 시간 요일 협의 가능합니다. - 시급: 14,000원 - 자격조건: 요양보호사 필수","면접,기타(통화 후 면접)","기타(전화접수  채용담당자 김은주 070-4221-2689)","경력증명서","","070-4221-2689","평일 : (근무시간) (오전) 9시 00분 ~ (정오) 12시 00분, 주 2일 근무"
"어르신방문요양센터","(둔촌동/ 2등급 할머니/(17:00-20:00,...","(05364)  서울특별시 강동구 양재대로102가길 42, 면접시 상세고지 (둔촌동, 삼성씨티빌)","05262 서울특별시 강동구 상암로15길 35, 어르신방문요양센터 (암사동)","시급10,320원 이상 ~ 10,320원 이하,","평일 : (근무시간) (오후) 5시 00분 ~ (오후) 8시 00분, 주 6일 근무","기간의 정함이 없는 근로계약(시간(선택)제)/ 파견근로 비희망/ 대체인력채용 비희망","요양보호사(550100)","노인 요양 복지시설 운영업","관계없음","학력무관","","26-07-30","채용시까지  26-09-29","","- 근무지: 강동구 양재대로 102가길 42(면접시 상세고지 예정임) - 대상자: 할머니(17:00-20:00), 주 6회 - 데이케어 이용 후 귀가한 어르신을 보호자 대신 인계받아 서비스 제공 - 워커로 이동가능하며 엘리베이터 있음 - 독거로 소변 줄을 하고 계셔서 비워주기 원함 - 시   급: 10,320원(중증수당 포함 16,000원) 초과 시간은 사비로 지급예정임) - 연락처: ㅇ10-2076-2011 & ㅇ10-7657-3396","면접","방문","기타(자격증, 건강진단서)","","02-442-2356","평일 : (근무시간) (오후) 5시 00분 ~ (오후) 8시 00분, 주 6일 근무"
"보람복지센터","4등급 할아버지 방문 요양보호사 구인","(15529)  경기도 안산시 상록구 담원안길 24, (팔곡이동)","15328 경기도 안산시 상록구 안산대학로 189, 102호 (일동)","시급13,000원 이상,","평일 : (근무시간) (오전) 8시 30분 ~ (오전) 11시 30분, 주 6일 근무","기간의 정함이 없는 근로계약(시간(선택)제)/ 파견근로 비희망/ 대체인력채용 비희망","재가 요양보호사(550102)","그 외 기타 비거주 복지 서비스업","관계없음","학력무관","","26-07-30","채용시까지  26-09-29","","- 수급자 현황 : 편마비(거동 시, 보조 기구 이용), 인지 및 의사 소통 기능 보통 - 주 욕구 : 아침 약 복용 도움/ 혈압 체크(수첩에 기록)/ 운동 도움/ 정서 지원/ 주 1회 목욕 - 근무시간 : 8시 30분 ~ 11시 30분 (주 6일) - 시급 : 13,000원 (각종 제 수당 포함) - 전화 문의 : 031-481-5088","서류,면접","방문,기타(이력서 제출 시, 검토 후 면접 대상자에게 직접 연락)","이력서","경기도 안산시청","031-481-5088","평일 : (근무시간) (오전) 8시 30분 ~ (오전) 11시 30분, 주 6일 근무"
"장수재가노인복지센터","[5등급 할머님] 재가요양보호사 구인","(21117)  인천광역시 계양구 효서로303번길 20, 중앙하이츠아파트 (작전동, 중앙하이츠아파트)","21090 인천광역시 계양구 주부토로 447, 2층, 장수재가노인복지센터 (작전동)","시급10,320원 이상 ~ 10,320원 이하,","평일 : (근무시간) (오전) 9시 30분 ~ (오후) 12시 30분, 주 5일 근무","기간의 정함이 없는 근로계약(시간(선택)제)/ 파견근로 비희망/ 대체인력채용 비희망","재가 요양보호사(550102)","방문 복지서비스 제공업","관계없음","학력무관","","26-07-30","채용시까지  26-09-29","","* 대상자 : 5등급 할머님 / 치매이수증(필수) * 업무 내용 : 요양보호사 기본업무, 인지활동지원, 일상생활 함께하기 * 빠른 출근 희망 * 시간 : 주 5일(월~금) / 09:30 - 12:30  / 시간 협의 가능 (9:30분 이후로 사간협의 가능) * 시급 : 10,320원+(연차수당,주휴수당 포함) = 13,400원 * 주소 : 인천 계양구 작전동 작전초등학교 근처 중앙하이츠 * 대표번호 : 1588-5618","면접","방문,고용24","기타(채용 후 제출 서류 : 건강검진서(최근 1년 이내) / 요양보호사 자격증, 치매이수증)","","0000-1588-5618","평일 : (근무시간) (오전) 9시 30분 ~ (오후) 12시 30분, 주 5일 근무"
"하늘터노인지원센터","[삼성동 벽산블루밍아파트] 4등급남자어르신 / 1...","(08848)  서울특별시 관악구 호암로 519, 삼성동 (신림동, 벽산블루밍아파트)","08833 서울특별시 관악구 관악로 109, 하늘터노인지원센터 (봉천동)","시급10,320원 이상 ~ 10,320원 이하,","평일 :  13~16시(3시간) /주 3일, 주 3일 근무","기간의 정함이 없는 근로계약(시간(선택)제)/ 파견근로 비희망/ 대체인력채용 비희망","재가 요양보호사(550102)","노인 요양 복지시설 운영업","관계없음","학력무관","","26-07-30","채용시까지  26-09-29","","[벽산블루밍아파트] 4등급남자어르신  - 13~16시(3시간) /주 3일 (월수금 이나 요일조정가능) - 주휴,연휴수당포함 시급 14,000원 - 식사도움, 이동도움, 말벗 등 기본요양 서비스","서류,면접,기타(,)","방문","기타(요양보호사 자격증 필수 유선후 면접)","","","평일 :  13~16시(3시간) /주 3일, 주 3일 근무"
"정나눔실버케어","[ 돌봄 SOS/대방동 ]  재가요양보호사 구인","(07391)  서울특별시 영등포구 여의대방로35가길 19, . (신길동, 보라매 SK VIEW)","07410 서울특별시 영등포구 도림로47길 24-4, 1층 (대림동)","시급10,320원 이상,","평일 : (근무시간) (오전) 9시 00분 ~ (정오) 12시 00분, 주 3일 근무","기간의 정함이 없는 근로계약(시간(선택)제)/ 파견근로 비희망/ 대체인력채용 비희망","재가 요양보호사(550102)","개인 간병 및 유사 서비스업","관계없음","학력무관","","26-07-30","채용시까지  26-09-20","","[돌봄 SOS/대방동]  할아버지 재가요양 보호  - 직무내용: 일상지원(식사준비, 세탁, 청소), 위생관리, 부축도움등  - 장기요양급여 적용 근로시간: 1일 3시간  - 주3일 근무 /  근무시간 : 09:00~12:00   - 시급: 15,000원 (최저시급 10,320원 + 주휴수당 등 별도)","면접","방문,기타(통화 후 면접)","기타(자격증사본)","","","평일 : (근무시간) (오전) 9시 00분 ~ (정오) 12시 00분, 주 3일 근무"
"미소재가노인복지센터","요양보호사 구인(치매교육이수자)","(11331)  경기도 동두천시 어수로 68-16, 경민텔","11333 경기도 동두천시 중앙로 224 (생연동)","시급10,320원 이상 ~ 10,320원 이하,","평일 : (근무시간) (오전) 09시 00분 ~ (정오) 12시 00분, 주 5일 근무","기간의 정함이 없는 근로계약(시간(선택)제)/ 파견근로 비희망/ 대체인력채용 비희망","재가 요양보호사(550102)","방문 복지서비스 제공업","관계없음","학력무관","","26-07-30","채용시까지  26-09-29","","치매교육 이수하신 요양선생님 구인합니다   -5등급  -근무시간:  오전 09:00~12:00 (3시간 ) -근무장소: 어수로 68-16 -근무내용: 인지활동프로그램 /일상생활지원 등 -급여: 장기요양지원 요양 시급: 13,100 (기본급+주휴수당및 기타 수당포함)                                            미소재가노인복지센터 (큰시장위치) 문의 031-868-8808","서류,면접","방문,고용24","기타(-요양보호사 자격증 -건강검진결과지)","","031-868-8808","평일 : (근무시간) (오전) 09시 00분 ~ (정오) 12시 00분, 주 5일 근무"
"오케이방문요양센터","요양보호사 모십니다.","(02145)  서울특별시 중랑구 겸재로29길 27, . (면목동, 아남리치카운티아파트)","02198 서울특별시 중랑구 겸재로54길 22, 1 (면목동)","시급10,320원 이상 ~ 10,320원 이하,","평일 : (근무시간) (오전) 11시 00분 ~ (오후) 2시 00분, 주 5일 근무","기간의 정함이 없는 근로계약/ 파견근로 비희망/ 대체인력채용 비희망","재가 요양보호사(550102)","노인 요양 복지시설 운영업","관계없음","학력무관","","26-07-30","26-09-29","","면목동 요양보호사 모십니다.  *직      무 :  식사준비. 청소.운동도움 필요.                 자녀와 동거하나 낮에는 혼자계심                   *근무시간 :  11:00~14:00(3시간)/ 주 5일 근무  *시      급 :  10,320원  ( 기타제수당 포함 13,100원 ) *근 무 지 :  서울특별시 중랑구 겸재로29길 28","면접","방문,기타(02-433-7451  / 010-9282-2390 유선접수)","이력서,기타(요양보호사자격증)","","02-433-7451","평일 : (근무시간) (오전) 11시 00분 ~ (오후) 2시 00분, 주 5일 근무"
"창동한마음방문요양센터","재가요양보호사 채용(창동)","(01489)  서울특별시 도봉구 덕릉로66길 17 (창동, 주공17단지아파트)","01416 서울특별시 도봉구 노해로 384","시급10,320원 이상 ~ 10,320원 이하,","평일 : (근무시간) (오후) 1시 30분 ~ (오후) 4시 30분, 주 6일 근무","기간의 정함이 없는 근로계약(시간(선택)제)/ 파견근로 비희망/ 대체인력채용 비희망","재가 요양보호사(550102)","방문 복지서비스 제공업","관계없음","학력무관","","26-07-30","채용시까지  26-09-29","","3등급 남어르신 방문 케어  - 창동 주공17단지아파트 거주 - 다리불편하셔서 천천히 걸으시며 낙상 주의 필요 - 산책/운동 도움, 식사조리, 가사 등 일상생활 지원 - 주6일, 13시반-16시반 근무 - 시급 10,320원(수당 포함 시 13,000원)","면접","방문","기타(요양보호사 자격증)","","","평일 : (근무시간) (오후) 1시 30분 ~ (오후) 4시 30분, 주 6일 근무"
"한마음 노인복지센터","재가요양보호사 구인","(23546)  인천광역시 검단구 원당대로840번길 21, , (당하동, 풍림아이원아파트)","22813 인천광역시 서구 고래울로 39, 일부 (가좌동)","시급10,320원 이상 ~ 13,000원 이하,","평일 : -월,수,금: 16:00-19:00 -화,목: 12시 또는 13시부터 19시까지(시간조율 가능) , 주 5일 근무","기간의 정함이 없는 근로계약(시간(선택)제)/ 파견근로 비희망/ 대체인력채용 비희망","재가 요양보호사(550102)","방문 복지서비스 제공업","관계없음","학력무관","","26-07-30","채용시까지  26-09-27","","2등급여성 주5일/13,000원/ -월,수,금: 16:00-19:00 -화,목: 12시 또는 13시부터 19시까지(시간조율 가능)  *투석하심 *기저귀케어 없음","서류,면접","방문,기타(전화:010-3313-9602)","이력서","","032-581-1235","평일 : -월,수,금: 16:00-19:00 -화,목: 12시 또는 13시부터 19시까지(시간조율 가능) , 주 5일 근무"
"중랑효재가복지센터","[면목동] 3등급 여자어르신 오후 재가요양보호사 ...","(02214)  서울특별시 중랑구 면목로44길 32 (면목동)","02214 서울특별시 중랑구 면목로44길 32, 2층 (면목동)","시급10,320원 이상 ~ 10,320원 이하,","평일 : 13:00~16:00/주5일, 주 5일 근무","기간의 정함이 없는 근로계약(시간(선택)제)/ 파견근로 비희망/ 대체인력채용 비희망","재가 요양보호사(550102)","방문 복지서비스 제공업","관계없음","학력무관","","26-07-30","채용시까지  26-09-29","","3등급 여자어르신(87세) 요양보호 업무 거동가능, 말벗, 식사준비 및 가사정리 등 일상생활지원 13:00~16:00/주5일 시급10,320원(주휴, 연차수당 포함 시급13,000원)","면접","방문,기타(전화요망(010-5300-5001))","기타(자격증 사본)","","02-6339-5300","평일 : 13:00~16:00/주5일, 주 5일 근무"
"하남노인복지센터","[방배동] 3등급 여자, 남자어르신 부부돌봄 요양...","(06714)  서울특별시 서초구 남부순환로 2311-12, 1 (방배동, 래미안방배아트힐)","12971 경기도 하남시 신장로 202 (덕풍동)","시급14,000원 이상 ~ 14,000원 이하,","평일 : (근무시간) (오전) 11시 00분 ~ (오후) 5시 00분, 주 5일 근무","기간의 정함이 없는 근로계약/ 파견근로 비희망/ 대체인력채용 비희망","재가 요양보호사(550102)","공중 보건 의료업","신입","학력무관","","26-07-30","채용시까지  26-09-29","","주5회 :  한분 일하실경우 : 월~목 11-17시, 금 10-16시  두분이 일하시는 경우 -오전만 일하실 경우 : 월~목 11-14시,  금 10-13시 -오후만 일하실 경우 : 월~목 14시-17시, 금 13시-16시   3등급 여자 어르신과 3등급 남자 어르신 부부 돌봄 -여자 어르신 : 기저귀 케어, 병원동행(휠체어이동), 식사도움 -남자 어르신: 식사준비, 청소 및 주변 정리","면접","기타(채용담당자 문자 제출)","기타(요양보호사자격증 1년 이내의 건강검진결과)","","031-794-1191","평일 : (근무시간) (오전) 11시 00분 ~ (오후) 5시 00분, 주 5일 근무"
"대한실버재가복지센터","재가 요양보호사 구인(십정동)","(21452)  인천광역시 부평구 백범로468번길 33-7, . (십정동)","21415 인천광역시 부평구 경인로1059번길 7 (부개동)","시급10,320원 이상,","평일 : (근무시간) (오후) 3시 00분 ~ (오후) 6시 00분, 주 3일 근무","기간의 정함이 없는 근로계약(시간(선택)제)/ 파견근로 비희망/ 대체인력채용 비희망","재가 요양보호사(550102)","방문 복지서비스 제공업","관계없음","학력무관","","26-07-30","채용시까지  26-09-29","","* 3등급 자 어르신 * 주3일(월,수,금) / 15:00~18:00 * 시급 : 14,000원(수당 포함)","면접","방문","이력서,기타(자격증 사본)","","032-214-0307","평일 : (근무시간) (오후) 3시 00분 ~ (오후) 6시 00분, 주 3일 근무"
"주식회사 유엔아이 철강","생산직사원 직원채용공고 (생산관리,설비관리,단순생...","(18558)  경기도 화성시 만세구 우정읍 호곡길168번길 76-24, .","18558 경기도 화성시 만세구 우정읍 호곡길168번길 76-24, .","시급10,320원 이상,","평일 : (근무시간) (오전) 8시 00분 ~ (오후) 5시 00분, 주 5일 근무","기간의 정함이 없는 근로계약/ 파견근로 비희망/ 대체인력채용 비희망","기계·금속 분야 단순 종사원(890001)","기타 1차 비철금속 제조업","관계없음","학력무관","","26-07-30","채용시까지  26-09-29","","_철근 절단 및 절곡단순 작업","서류,면접","방문,우편,팩스,고용24,이메일","이력서","","031-366-8721","평일 : (근무시간) (오전) 8시 00분 ~ (오후) 5시 00분, 주 5일 근무"
"송파가족사랑방문요양센터","[오전·오후 / 문정동 / 4등급 부부케어 / 주...","(05810)  서울특별시 송파구 새말로12길 10","05800 서울특별시 송파구 새말로17길 6 (문정동)","시급10,320원 이상 ~ 10,320원 이하,","평일 : 주 6일(월~토) 08:00~14:00, 주 6일 근무","기간의 정함이 없는 근로계약(시간(선택)제)/ 파견근로 비희망/ 대체인력채용 비희망","재가 요양보호사(550102)","노인 요양 복지시설 운영업","관계없음","학력무관","","26-07-30","채용시까지  26-09-29","","- 대상자 : 4등급 부부케어 여자어르신(90세), 남자어르신(91세)  - 직무내용 :  두 분 모두 지팡이 및 보행기를 사용하며, 화장실 이동 시 부축 필요 식사 준비 및 제공, 정리정돈 여자어르신은 치매 진단을 받으셨으나 온화한 성격이심 남자어르신은 인지상태 양호 두 분 모두 의사소통 원활  - 근무시간 : 주 6일(월~토) 08:00~14:00 - 임금 : 시급 10,030원(기본급) + 주휴수당 및 기타수당 별도 지급  - 문의 : 센터와 통화 후 지원 02-406-5230","면접","방문,팩스,기타(지원시 전화주세요 (02-406-5230))","기타(요양보호사 자격증, 건강검진표)","","02-406-5230","평일 : 주 6일(월~토) 08:00~14:00, 주 6일 근무"
"그레이스방문요양","[도촌동,섬마을휴먼시아9단지@] 3등급 할머니  ...","(13422)  경기도 성남시 중원구 도촌남로 148 (도촌동, 휴먼시아섬마을9단지아파트)","16973 경기도 용인시 기흥구 구갈로28번길 21-13 (구갈동)","시급10,320원 이상 ~ 10,320원 이하,","평일 : (근무시간) (오후) 3시 00분 ~ (오후) 6시 00분, 주 5일 근무","기간의 정함이 없는 근로계약/ 파견근로 비희망/ 대체인력채용 비희망","재가 요양보호사(550102)","방문 복지서비스 제공업","관계없음","학력무관","","26-07-30","채용시까지  26-09-29","","가사도움, 반찬만들기, 말벗, 3등급 독거 할머니,  시급: 10,320+수당=13,300원","서류","방문,고용24","기타(자격증, 건강검진(입사시제출))","","031-287-9420","평일 : (근무시간) (오후) 3시 00분 ~ (오후) 6시 00분, 주 5일 근무"
"블루보틀커피코리아 유한회사","[블루보틀커피] Barista - 삼성 Samse...","(06164)  서울특별시 강남구 테헤란로 517, 1층 블루보틀 삼성 카페 (삼성동)","04789 서울특별시 성동구 아차산로 7, 블루보틀커피코리아 (성수동1가)","시급11,250원 이상,","평일 : ▶ 주 7일 중 5일 근무, 일 5시간(휴게 별도) ▶ 스케줄 근무 (1개월 전 전달) ▶ 3교대 (오픈, 미들, 마감) - 오픈: 09:00-14:30 (휴게시간 30분 포함) - 미들: 12:00-17:30 (휴게시간 30분 포함) - 마감: 15:00-20:30 (휴게시간 30분 포함), 주 5일 근무","기간의 정함이 없는 근로계약/ 파견근로 비희망/ 대체인력채용 비희망","주점·커피숍 접객서빙원(532203)","커피 전문점","관계없음","학력무관","","26-07-30","채용시까지  26-09-29","","음료 제조, 접객, 홀 및 바 정리 등  ▶ Welcome Everyone 우리를 찾아주는 모든 사람들을 따뜻한 환대로 맞이합니다. ▶ Raise The Bar 끊임없이 노력하는 마인드를 갖고 Self-Starter 로서 능동적으로 성장하고자 합니다. ▶ Build For Tomorrow 지속가능성을 실천하여 지구를 위한 더 나은 미래를 보장하고, 맛있는 커피의 유산을 보존하는 데 기여합니다. ▶ Simplify 팀과 게스트가 맛있는 커피에 집중할 수 있도록 불필요한 요소를 최대한 줄입니다. ▶ Grow Together 커피에 대한 지식과 경험을 쌓고 팀과 함께 성장합니다.","서류,면접","고용24,이메일,자사채용사이트(https://jobs.lever.co/bluebottlecoffee/15c554eb-2ae6-4bcb-b8e2-0907640e3948)","이력서","","","평일 : ▶ 주 7일 중 5일 근무, 일 5시간(휴게 별도) ▶ 스케줄 근무 (1개월 전 전달) ▶ 3교대 (오픈, 미들, 마감) - 오픈: 09:00-14:30 (휴게시간 30분 포함) - 미들: 12:00-17:30 (휴게시간 30분 포함) - 마감: 15:00-20:30 (휴게시간 30분 포함), 주 5일 근무"
"(주)엘피스케어유통","[ 위례 학암동 ] 3등급 할아버지 /오전/재가요...","(13015)  경기도 하남시 위례광장로 265 (학암동, 위례 센트로엘)","06260 서울특별시 강남구 강남대로58길 45, 강남대로58길45,2층 (도곡동)","시급13,500원 이상,","평일 : (근무시간) (오전) 9시 30분 ~ (오후) 12시 30분, 주 5일 근무","기간의 정함이 있는 근로계약(시간(선택)제)12 개월/ 파견근로 비희망/ 대체인력채용 비희망","재가 요양보호사(550102)","그 외 기타 보건업","관계없음","학력무관","","26-07-30","채용시까지  26-09-21","","-  3등급 할아버지 케어 - 식사준비및 도움,  신체유지활동 도움, 일상생활지원(청소,세탁) 등 - 근무시간 : 09:300~12:30 - 급여 : 시급 10.320원 + 기타수당 - 지원: 010-9255-7575","면접","방문,기타(전화)","자기소개서,경력증명서,기타(요양보호사 자격증)","","02-572-9701","평일 : (근무시간) (오전) 9시 30분 ~ (오후) 12시 30분, 주 5일 근무"
"국군복지단","군마트 주차관리원 모집","(04398)  서울특별시 용산구 녹사평대로 66, . (동빙고동, 용산푸르지오파크타운)","04353 서울특별시 용산구 두텁바위로 54-99 (용산동2가)","시급10,320원 이상 ~ 10,320원 이하,","평일 : (근무시간) (오전) 10시 00분 ~ (오후) 4시 30분, 주 5일 근무","기간의 정함이 있는 근로계약(시간(선택)제)1 개월/ 파견근로 비희망/ 대체인력채용 비희망","주차 관리원 및 안내원(564300)","골프장 운영업","경력","학력무관","","26-07-30","26-09-29","","▣ 국군복지단 군마트 주차관리원 모집  - 주차 관리 및 주변정리 - 시간: 10:00~16:30/ 주 5일(30시간/ 휴게시간: 30분) - 시급 10,320원","서류,면접","방문,기타(통화)","이력서,자기소개서,경력증명서","","","평일 : (근무시간) (오전) 10시 00분 ~ (오후) 4시 30분, 주 5일 근무"
"가나안노인복지센터","재가요양보호사 구인","(22718)  인천광역시 서해구 염곡로 728 (연희동, 미륭아트빌)","23542 인천광역시 검단구 청마로112번길 20 (당하동)","시급10,320원 이상,","평일 : (근무시간) (오후) 1시 00분 ~ (오전) 4시 00분, 주 5일 근무","기간의 정함이 없는 근로계약(시간(선택)제)/ 파견근로 비희망/ 대체인력채용 비희망","재가 요양보호사(550102)","노인 요양 복지시설 운영업","관계없음","학력무관","","26-07-30","채용시까지  26-09-29","","4등급 할머니 13:00~16:00(주5일) 시급: 13,000원(주휴수당 포함)  가사지원, 신체활동지원, 일상생활지원","서류,면접","방문,기타(유선연락 후 면접)","이력서","","","평일 : (근무시간) (오후) 1시 00분 ~ (오전) 4시 00분, 주 5일 근무"
"길상화노인복지센터","재가요양보호사 구인(만수동)","(21541)  인천광역시 남동구 담방로 105, . (만수동, 만수주공7,8단지아파트)","21571 인천광역시 남동구 인주대로614번길 2 (구월동, 금화오피스텔)","시급10,320원 이상 ~ 10,320원 이하,","평일 : (근무시간) (오전) 8시 30분 ~ (오전) 11시 30분, 주 5일 근무","기간의 정함이 없는 근로계약(시간(선택)제)/ 파견근로 비희망/ 대체인력채용 비희망","재가 요양보호사(550102)","노인 요양 복지시설 운영업","관계없음","학력무관","","26-07-30","채용시까지  26-09-29","","- 4등급 남자 어르신(71세)    일상생활및 가사지원서비스   정서지원서비스   각종수당 포함 1시간 13,000원","서류,면접","방문,고용24","이력서","","032-428-0700","평일 : (근무시간) (오전) 8시 30분 ~ (오전) 11시 30분, 주 5일 근무"
"가정방문요양콜센터","재가 요양보호사 구인","(10017)  경기도 김포시 통진읍 김포대로1978번길 18-19, 1층","10018 경기도 김포시 통진읍 서암로84번길 19-11, 1층","시급10,320원 이상 ~ 10,320원 이하,","평일 : (근무시간) (오전) 9시 00분 ~ (정오) 12시 00분, 주 6일 근무","기간의 정함이 없는 근로계약(시간(선택)제)/ 파견근로 비희망/ 대체인력채용 비희망","재가 요양보호사(550102)","사회복지 상담서비스 제공업","관계없음","학력무관","","26-07-30","채용시까지  26-09-29","","* 4등급 여자분  * 일상 생활지원 및 가사지원,  * 오전 9~12시  주6일 / 교통비 별도지급  * 시급 10,320+ 주휴수당 및 기타 수당포함 하여 15,000원","서류,면접","방문,팩스","이력서","","031-989-9551","평일 : (근무시간) (오전) 9시 00분 ~ (정오) 12시 00분, 주 6일 근무"
"브이아이피코리아(VIPKorea)가정방문요양센터","[송파동/4등급(할아버지)14;00~17:00] ...","(05663)  서울특별시 송파구 백제고분로46길 31-16, 송파동 (송파동, 삼성팰리스)","05616 서울특별시 송파구 백제고분로40길 31","시급10,320원 이상 ~ 10,320원 이하,","평일 : 14:00~17:00(월~금), 주 5일 근무","기간의 정함이 없는 근로계약(시간(선택)제)/ 파견근로 비희망/ 대체인력채용 비희망","재가 요양보호사(550102)","방문 복지서비스 제공업","관계없음","학력무관","","26-07-30","26-09-29","","4등급할아버지케어(송파동) 위생관리 및 말벗 일상생활지원,  청소, 병원동행등","면접","방문,팩스,기타(전화)","이력서","","","평일 : 14:00~17:00(월~금), 주 5일 근무"
"한마음장기요양기관","[잠실동/ 4등급할머니/10:00~13:00] 재...","(05503)  서울특별시 송파구 송파대로 567 (잠실동, 잠실주공아파트)","05510 서울특별시 송파구 올림픽로35가길 11, 오피스텔 (신천동, 한신잠실코아오피스텔)","시급10,320원 이상 ~ 10,320원 이하,","평일 : (근무시간) (오전) 10시 00분 ~ (오후) 1시 00분, 주 5일 근무","기간의 정함이 없는 근로계약(시간(선택)제)/ 파견근로 비희망/ 대체인력채용 비희망","요양보호사(550100)","노인 요양 복지시설 운영업","신입","학력무관","","26-07-30","채용시까지  26-09-29","","-근무지: 송파대로 567 -대상자: 4등급할머니(1000-1300,주5일) -시   급: 10,320원(기타, 연차 및 주휴수당 포람시 13,500원) -업   무: 가사 및 일상생활지원 -담당자: 010-2961-2040","면접","방문","이력서","","","평일 : (근무시간) (오전) 10시 00분 ~ (오후) 1시 00분, 주 5일 근무"
"(주)에스엔비","화장품용기 코팅 / 증착 (검수,포장,투입,증착기...","(17127)  경기도 용인시 처인구 이동읍 서리로101번길 53-19","17127 경기도 용인시 처인구 이동읍 서리로101번길 53-19","시급10,320원 이상 ~ 10,320원 이하,","평일 : (근무시간) (오전) 8시 30분 ~ (오후) 5시 30분, 주 5일 근무","기간의 정함이 없는 근로계약/ 파견근로 비희망/ 대체인력채용 비희망","플라스틱제품 조립원 및 검사원(852402)","그 외 기타 플라스틱 제품 제조업","관계없음","학력무관","","26-07-30","채용시까지  26-09-28","","화장품 용기 증착 코팅업체 입니다.  제품 투입 / 검사 / 포장을 주 업무로 합니다.  입식 근무형태 입니다.","면접,기타(* 근무시간, 급여 등 상세 근로조건은 면접(입사전)시 재확인하시기 바랍니다.)","방문,고용24","이력서,기타(* 주민번호가 기재된 서류는 채용확정 후 제출바랍니다.)","","031-338-7290","평일 : (근무시간) (오전) 8시 30분 ~ (오후) 5시 30분, 주 5일 근무"
"행복드림재가노인복지센터","요양보호사님  채용합니다.","(22785)  인천광역시 서해구 가정로293번길 11-4 (석남동)","22781 인천광역시 서해구 새오개로54번길 15-1, 502호 (신현동)","시급10,320원 이상,","평일 : (근무시간) (오전) 09시 00분 ~ (오후) 12시 00분 , 주 5일 근무","기간의 정함이 없는 근로계약(시간(선택)제)/ 파견근로 비희망/ 대체인력채용 비희망","재가 요양보호사(550102)","노인 요양 복지시설 운영업","관계없음","학력무관","","26-07-30","채용시까지  26-09-29","","[인천 서구 석남동] 재가요양보호사  -석남동 강남시장근처 인근(석남동) 5등급 여자어르신  -근무시간: 09:00 ~ 12:00 (주5일)  -급여: 시급 10,320원( 주휴수당, 연차수당, 기타수당 포함하여 1시간당 13,200원 드립니다.) *요양보호사 자격증 필수 *치매교육이수 필수 *음식잘하시는선생님, 초보자선생님 환영합니다.","서류,면접","방문","이력서","","","평일 : (근무시간) (오전) 09시 00분 ~ (오후) 12시 00분 , 주 5일 근무"
"인덕종합관리(주)","이대역푸르지오시티 오피스텔 기전기사 채용","(04104)  서울특별시 마포구 신촌로 170, 이대역 푸르지오시티 오피스텔 (대흥동)","01330 서울특별시 도봉구 마들로 664-5, 601호 (도봉동)","시급10,320원 이상,","평일 : 3교대(주당비)   주간: 09:00~18:00((휴게시간 2.42H)   당직: 09:00~익일 09:00(휴게시간 7.82H, 주간 2.42H, 야간 5.4H)   비번 , 주 4일 근무","기간의 정함이 있는 근로계약12 개월/ 파견근로 비희망/ 대체인력채용 비희망","건물 보수원 및 영선원(아파트 기계·전기 시설관리 제외)(702901)","경비 및 경호 서비스업","경력","학력무관","","26-07-30","채용시까지  26-09-29","","- 오피스텔 기전실 업무   기계설비유지관리자 중급 선임, 소방보조 선임(방화관리 2급 이상) 필수  - 3교대(주당비)   주간: 09:00~18:00((휴게시간 2.42H)   당직: 09:00~익일 09:00(휴게시간 7.82H, 주간 2.42H, 야간 5.4H)   비번   - 급여( 2,780,000원)  - 지원문의( 담당자 연락처 : 010-3559-9840 )","서류,면접","팩스,고용24,이메일,기타(- 지원문의(담당자 연락처: 010-3559-9840 ))","이력서","","02-707-0811","평일 : 3교대(주당비)   주간: 09:00~18:00((휴게시간 2.42H)   당직: 09:00~익일 09:00(휴게시간 7.82H, 주간 2.42H, 야간 5.4H)   비번 , 주 4일 근무"
"(A+)다연재가복지센터","[아차산역인근 중곡동] 4등급 독거 남자어르신(8...","(04931)  서울특별시 광진구 천호대로125길 36 (중곡동, 킹하우스)","01489 서울특별시 도봉구 덕릉로 398 (창동, 주공아파트17단지)","시급10,320원 이상,","평일 :  09:30-12:30 주6일, 주 6일 근무","기간의 정함이 없는 근로계약(시간(선택)제)/ 파견근로 비희망/ 대체인력채용 비희망","재가 요양보호사(550102)","사회복지 상담서비스 제공업","관계없음","학력무관","","26-08-03","채용시까지  26-10-02","","[아차산역인근 중곡동] 4등급 독거 남자어르신(88세) 오전 09:30-12:30 주6일 / 재가 요양보호사 모집  - 거동가능, 가사서비스 및 일상 생활 지원  - 시급 : 13,300원 * 지원 문의 : 전화(010-8291-3263)","면접","방문,기타(전화 010-8291-3263 )","기타(자격증)","","02-907-3263","평일 :  09:30-12:30 주6일, 주 6일 근무"
"대한재가노인복지센터","거여동 4등급 여자 어르신 요양보호사 구합니다.","(05764)  서울특별시 송파구 오금로 551 (거여동, e편한세상 송파 파크센트럴)","05802 서울특별시 송파구 새말로 153, 203 (문정동, 삼봉빌딩)","시급10,320원 이상 ~ 10,320원 이하,","평일 : (근무시간) (오후) 1시 00분 ~ (오후) 4시 00분, 주 5일 근무","기간의 정함이 없는 근로계약(시간(선택)제)/ 파견근로 비희망/ 대체인력채용 비희망","재가 요양보호사(550102)","개인 간병 및 유사 서비스업","관계없음","학력무관","","26-07-30","채용시까지  26-09-29","","거여동 e편한세상파크센트럴 4등급 할머니 거동 불편하시지만 보행보조기로 거동하시고 인지양호하심  식사준비 및 어르신 말벗  어르신주변정리 등 요양보호사업무  오후1시~4시 (일3시간) 월~금  02-401-3094 전화로 지원바랍니다","면접","기타(02-401-3094)","기타(자격증 사본, 건강검진결과서)","","02-401-3094","평일 : (근무시간) (오후) 1시 00분 ~ (오후) 4시 00분, 주 5일 근무"
"소나무노인방문요양센터","창동)  31년생 여자어르신 요양사 구인","(01398)  서울특별시 도봉구 도봉로136길 28, 520동 (창동, 북한산 아이파크)","01902 서울특별시 노원구 석계로11길 33, 1층 (월계동)","시급10,320원 이상 ~ 10,320원 이하,","평일 : (근무시간) (오전) 9시 00분 ~ (오후) 1시 30분, 주 6일 근무","기간의 정함이 없는 근로계약/ 파견근로 비희망/ 대체인력채용 비희망","재가 요양보호사(550102)","방문 복지서비스 제공업","신입","학력무관","","26-07-30","채용시까지  26-09-29","","*창동 *2등급 / 여자어르신 (31년생) *근무시간 : 09:00~13:00(월 ~ 토) / 주 6회 *근무업무 : 식사도움, 청소 및 정리 정돈 등 요양사 기본업무 * 시급 : 13.050원 (연차, 주휴, 기본급포함)","서류,면접","방문","기타(요양보호사 자격증  건강검진 서류(1년이내) 치매교육이수 필수)","","02-2233-7424","평일 : (근무시간) (오전) 9시 00분 ~ (오후) 1시 30분, 주 6일 근무"
"하와이재가방문요양센터","방문요양사 구인","(11164)  경기도 포천시 가산로348번길 26-6, . (경일빌라)","11171 경기도 포천시 소흘읍 송우로 118","시급10,320원 이상 ~ 10,320원 이하,","평일 : (근무시간) (오후) 12시 30분 ~ (오후) 3시 30분, 주 5일 근무","기간의 정함이 없는 근로계약(시간(선택)제)/ 파견근로 비희망/ 대체인력채용 비희망","재가 요양보호사(550102)","노인 요양 복지시설 운영업","관계없음","학력무관","","26-07-30","채용시까지  26-09-29","","지원문의 : 031-541-2094  방문  요양보호사  구인 4등급 어르신 일상케어 월~금 오후12시30~15시30분 시간 조정가 가산면 하나로마트 근처 시급 : 13,000원 (수당 포함)","면접","방문","이력서","","031-541-2094","평일 : (근무시간) (오후) 12시 30분 ~ (오후) 3시 30분, 주 5일 근무"
"금빛재가복지센터","요양보호사 구인","(01464)  서울특별시 도봉구 덕릉로59아길 34, 창동 대우아파트 근처","01458 서울특별시 도봉구 도봉로110길 42, 1층","시급10,320원 이상 ~ 10,320원 이하,","평일 : (근무시간) (정오) 12시 00분 ~ (오후) 3시 00분, 주 5일 근무","기간의 정함이 없는 근로계약(시간(선택)제)/ 파견근로 비희망/ 대체인력채용 비희망","재가 요양보호사(550102)","사회복지 상담서비스 제공업","관계없음","학력무관","","26-07-30","채용시까지  26-09-29","","[재가요양보호사 공고] *3등급 여자어르신 / 이동변기 사용  (1~2등급으로 등급 상향 예정) *일상생활 지원 *주 5~6일 근무 / 12시~15시 *시급: 13,200(10,320원+주휴수당 등)","서류,면접","방문,기타(유선통화 후 방문면접 진행)","기타(요양보호사 자격증)","","","평일 : (근무시간) (정오) 12시 00분 ~ (오후) 3시 00분, 주 5일 근무"
"금빛재가복지센터","[청림동, 관악푸르지오 2단지] 4등급 여자 어르...","(08734)  서울특별시 관악구 청림5길 28, 201동 (봉천동, 관악푸르지오2단지아파트)","08793 서울특별시 관악구 남부순환로246가길 12, 101호 (봉천동)","시급10,320원 이상 ~ 10,320원 이하,","평일 : (근무시간) (오후) 1시 00분 ~ (오후) 4시 00분, 주 5일 근무","기간의 정함이 없는 근로계약(시간(선택)제)/ 파견근로 비희망/ 대체인력채용 비희망","재가 요양보호사(550102)","방문 복지서비스 제공업","관계없음","학력무관","","26-07-30","채용시까지  26-09-29","","[청림동, 관악푸르지오 2단지] 4등급 여자 어르신 - 독거, 거동 가능하시고 말씀 잘하심. - 신체지원, 정서지원 및 일상생활지원 -  주 5일, 오후 3시간 (13:00~16:00) - 시급: 13,500원(주휴수당, 연차수당 포함)","면접","방문","기타(요양보호사 자격증, 건강검진확인서)","","02-877-6530","평일 : (근무시간) (오후) 1시 00분 ~ (오후) 4시 00분, 주 5일 근무"
"보리수재가요양센터","방문요양 요양보호사 구함","(18125)  경기도 오산시 여들동로 26, 102동 (서동, 더샵오산엘리포레)","18140 경기도 오산시 운천로 13","시급10,320원 이상,","평일 : (근무시간) (오전) 9시 00분 ~ (정오) 12시 00분, 주 5일 근무","기간의 정함이 없는 근로계약/ 파견근로 비희망/ 대체인력채용 비희망","요양보호사(550100)","노인 요양 복지시설 운영업","관계없음","학력무관","","26-07-30","채용시까지  26-09-29","","68세 남자어르신  4등급 집안정리정돈 및 반찬 일상생활도움","면접","방문,고용24,기타(전화 031-372-5291)","기타(요양보호사 자격증 건강검진)","","031-372-5291","평일 : (근무시간) (오전) 9시 00분 ~ (정오) 12시 00분, 주 5일 근무"
"참사랑 방문요양센터","(강일동/5등급/오후)재가요양보호사 모집","(05211)  서울특별시 강동구 아리수로93가길 25, 면접시 상세주소 안내 예정 (강일동, 강일리버파크1단지아파트)","04924 서울특별시 광진구 천호대로125길 46 (중곡동)","시급10,320원 이상 ~ 10,320원 이하,","평일 : 14:00~17:00 (주5일) , 주 5일 근무","기간의 정함이 없는 근로계약(시간(선택)제)/ 파견근로 비희망/ 대체인력채용 비희망","재가 요양보호사(550102)","방문 복지서비스 제공업","관계없음","학력무관","","26-07-30","채용시까지  26-09-29","","- 요양보호대상자: 5등급 할아버님 (만91세, 독거), 치매교육 이수 필수 - 직무내용: 신체활동 및 일생생활지원, 식사도움  - 장기요양급여 적용 근로시간 : 14:00~17:00 (주5일)  - 장기요양급여 시급: 10,320원 (주차, 연차, 기타수당 충족시, 시급 13,000원) - 지원방법: 통화 후, 내방(02-455-2351)","서류,면접","기타(통화 후, 내방(02-455-2351))","기타(자격증, 건강검진확인증)","","02-455-2351","평일 : 14:00~17:00 (주5일) , 주 5일 근무"
"예솜재가방문요양센터","(연서로) 3등급 독거 할머니 케어 재가요양보호사...","(03414)  서울특별시 은평구 연서로11길 30-1, . (구산동, 삼성캐스빌)","10953 경기도 파주시 광탄면 보광로 509-9, 예솜재가방문요양센터","시급10,320원 이상 ~ 10,320원 이하,","평일 : (근무시간) (오전) 9시 00분 ~ (정오) 12시 00분, 주 5일 근무","기간의 정함이 없는 근로계약/ 파견근로 비희망/ 대체인력채용 비희망","재가 요양보호사(550102)","노인 요양 복지시설 운영업","관계없음","학력무관","","26-07-30","채용시까지  26-09-29","","-3등급 독거할머니 케어  -일상생활지원, 식사, 세탁 및 청소 도움 -주5일 9-12시 -시급10,320원+연차수당=13,000원","서류,면접","방문,고용24","이력서","","","평일 : (근무시간) (오전) 9시 00분 ~ (정오) 12시 00분, 주 5일 근무"
"사랑마을재가방문요양센터","연희동(모래내설렁탕 건너편 홍연아파트) 여자어르신...","(03661)  서울특별시 서대문구 홍제천로 172, 홍연아파트","03654 서울특별시 서대문구 모래내로17길 72-9 (홍은동)","시급10,320원 이상 ~ 10,320원 이하,","평일 : (근무시간) (오전) 10시 00분 ~ (오후) 1시 00분, 주 3일 근무","기간의 정함이 없는 근로계약/ 파견근로 비희망/ 대체인력채용 비희망","재가 요양보호사(550102)","방문 복지서비스 제공업","관계없음","학력무관","","26-07-30","채용시까지  26-09-29","","- 수급자 : 4등급, 82세, 여자어르신(어르신이 무난하시고 좋으세요.)  - 근무내용 : 가사 및 일상생활지원   - 거주지 : 서울시 서대문구 홍제천로 172, 홍연아파트(현대교통종점 건너편 홈마트 근방)  - 근무시간 : 월, 수, 금요일 (주 3일), 오전 9시 30분 ~ 12시 30분 (3시간)    - 시급 14,000원(각종 수당이 포함된 금액)  - 전화로 문의해주시면 자세히 안내해드리겠습니다.","면접","방문,기타((전화상담) 02-391-4472)","기타(건강검진진단서(1년이내, 면접 시 제출), 요양보호사 자격증(면접 시 제출))","","02-391-4472","평일 : (근무시간) (오전) 10시 00분 ~ (오후) 1시 00분, 주 3일 근무"
"브라보 시니어케어 강남센터","[여의도역 인근/2등급 독거여자어르신/15:00~...","(07320)  서울특별시 영등포구 여의대로 8, 메리어트호텔 장기투숙 (여의도동)","06231 서울특별시 강남구 도곡로 221, 3층 2호실 (역삼동)","시급10,320원 이상 ~ 10,320원 이하,","평일 : (근무시간) (오후) 3시 00분 ~ (오후) 7시 00분, 주 5일 근무","기간의 정함이 없는 근로계약(시간(선택)제)/ 파견근로 비희망/ 대체인력채용 비희망","요양보호사(노인요양사)(550101)","그 외 기타 분류 안된 사업지원 서비스업","관계없음","학력무관","","26-07-30","26-09-29","","- 대상자 :  여의도역 인근 2등급 독거여자어르신 (90대 초반) - 직무 내용 :  일상 생활 지원, 정서지원, 기저귀케어 - 근무 시간 :  15:00~19:00 주5일 - 시급 : 10,320원 + 기타 수당, 비급여   * 채용담당 010-3988-4279","면접","기타(* 지원 문의 : 전화(010-3988-4279))","이력서","","","평일 : (근무시간) (오후) 3시 00분 ~ (오후) 7시 00분, 주 5일 근무"
"세교노인복지센터","요양선생님 모집","(17855)  경기도 평택시 비전3로 76, 110동 (비전동, 우미린센트럴파크)","17833 경기도 평택시 세교3로 5, 205호 (세교동, 우성꿈그린아파트)","시급10,320원 이상 ~ 10,320원 이하,","평일 : (근무시간) (오전) 9시 00분 ~ (정오) 12시 00분, 주 2일 근무","기간의 정함이 있는 근로계약(시간(선택)제)12 개월/ 파견근로 비희망/ 대체인력채용 비희망","요양보호사(550100)","방문 복지서비스 제공업","관계없음","학력무관","","26-07-30","채용시까지  26-09-29","","요양보호 3등급 여자 어르신 가사 및 일상생활 지원","기타(전화 상담 요청   031-656-4069  031-657-3953  부재중시 휴대폰 번호로 전화 상담 부탁드립니다.)","방문,고용24,기타(전화 상담 요청  031-656-4069  031-657-3953  부재중시 휴대폰 번호로 전화 상담 부탁드립니다.)","기타(요양보호사 자격증, 건강검진 진단서)","","031-656-4069","평일 : (근무시간) (오전) 9시 00분 ~ (정오) 12시 00분, 주 2일 근무"
"행복한동행재가복지센터","(복포리) 3등급 어르신 재가요양보호사 모집","(12581)  경기도 양평군 양서면 남한강변길 83, 한길병원 인","12572 경기도 양평군 강상면 강남로 1052","시급10,320원 이상,","평일 : (근무시간) (오전) 9시 00분 ~ (정오) 12시 00분, 주 5일 근무","기간의 정함이 없는 근로계약(시간(선택)제)/ 파견근로 비희망/ 대체인력채용 비희망","재가 요양보호사(550102)","방문 복지서비스 제공업","관계없음","학력무관","","26-07-30","채용시까지  26-09-28","","- 대상자 : 3등급 할아버지 - 직무내용 : 일상생활지원 및 개인활동 지원(산책 및 병원동행 등) - 근무시간 : 주5일 9시~12시 - 시급 : 13,200원(각종수당 포함) - 한길병원 인근","면접","방문,기타(전화 후 방문 010-7131-3592)","기타(요양보호사 자격증)","","031-774-3592","평일 : (근무시간) (오전) 9시 00분 ~ (정오) 12시 00분, 주 5일 근무"
"소나무노인방문요양센터","창동)  48년생 여자어르신 요양사 구인","(01398)  서울특별시 도봉구 도봉로136길 14, 520 (창동)","01902 서울특별시 노원구 석계로11길 33, 1층 (월계동)","시급10,320원 이상 ~ 10,320원 이하,","평일 : (근무시간) (오후) 1시 30분 ~ (오후) 4시 30분, 주 5일 근무","기간의 정함이 없는 근로계약/ 파견근로 비희망/ 대체인력채용 비희망","재가 요양보호사(550102)","방문 복지서비스 제공업","관계없음","학력무관","","26-07-30","채용시까지  26-09-29","","*창동 *3등급 / 여자어르신 (48년생) *근무시간 : 13:30~16:30(월 ~ 금) / 주 5회 *근무업무 : 식사준비, 청소 및 세탁 등 요양사 기본 업무 * 시급 : 13.050원 (연차, 주휴, 기본급포함)","서류,면접","방문","기타(요양보호사 자격증  건강검진 서류(1년이내) 치매교육이수 필수)","","02-2233-7424","평일 : (근무시간) (오후) 1시 30분 ~ (오후) 4시 30분, 주 5일 근무"
"다온재가방문요양센터","안양 요양보호사님 모집합니다.","(14022)  경기도 안양시 만안구 장내로 46 (안양동)","14125 경기도 안양시 동안구 경수대로 472 (호계동)","시급10,320원 이상,","평일 : 근무는 주 5일로 근무시간은 10~12시 (2시간),                                          17~19시 (2시간) , 주 5일 근무","기간의 정함이 없는 근로계약(시간(선택)제)/ 파견근로 비희망/ 대체인력채용 비희망","재가 요양보호사(550102)","방문 복지서비스 제공업","관계없음","학력무관","","26-07-30","채용시까지  26-09-29","","안양시 만안구 성원아파트 근처에서 근무하실 선생님 모십니다.   대상 어르신은 80대 남자 어르신이며 장기요양 등급 1등급 어르신입니다.     아예 거동을 못하시진 않으시며 어느정도 의사소통도 가능합니다.    하셔야 하는 업무는 어르신 약 챙겨 드리기 및 대소변시 뒷처리 입니다.   어느정도 화장실을 가시긴 하시나 뒷처리가 미흡하시고 간혹 실수가 있을때도 있습니다.   또한 어르신이 혼자서 사용하시는 화장실 청소정도만 해주심 됩니다.   나머지 가사 일체는 배우자분께서 하고 계시기 때문에 청소 설거지 음식 준비등은 안하셔도 됩니다.   어르신을 섬세하고 친절하게 케어해주실 수 있는 남자 요양보호사님을 모십니다. (남성분이다 보니 남자 요영보호사님을 원합니다. 어르신의 성적 수치심 문제) 근무는 주 5일로 근무시간은 10~12시 (2시간),                                          17~19시 (2시간)  총 4시간이며 각자 따로 모집을 하고 있으나 한분이 다 하셔도 무관합니다.   요양보호사 자격증 필수, 1년이내 건강검진서 (흉부 x-ray ) 필요합니다.   급여는 시간당 10320원 + 주휴수당 2064원 + 연차수당 435원 +기타수당 681원 총 13500원이며 중증수당 1500원해서 총 15000원 지급됩니다.","서류,면접,필기","고용24,기타(전화 031-427-2536)","이력서","","031-427-2536","평일 : 근무는 주 5일로 근무시간은 10~12시 (2시간),                                          17~19시 (2시간) , 주 5일 근무"
"사랑재가노인복지센터","[사근동/4등급/할머니/13~16시 주5일] 재가...","(04762)  서울특별시 성동구 살곶이길 176, 사근벽산아파트 (사근동, 사근동 벽산아파트)","04745 서울특별시 성동구 고산자로8길 23-1 (행당동)","시급10,320원 이상 ~ 13,000원 이하,","평일 : (근무시간) (오후) 1시 00분 ~ (오후) 4시 00분, 주 5일 근무","기간의 정함이 없는 근로계약(시간(선택)제)/ 파견근로 비희망/ 대체인력채용 비희망","재가 요양보호사(550102)","방문 복지서비스 제공업","관계없음","학력무관","","26-07-30","채용시까지  26-09-29","","4등급 독거할머니 일상생활지원  근무시간 13:00~16:00 주5일  시급 10,320원(주휴,연차수당등을 포함한 포괄시급 13,000원)","면접","방문,팩스","이력서","","02-2298-7179","평일 : (근무시간) (오후) 1시 00분 ~ (오후) 4시 00분, 주 5일 근무"
"가가호호방문요양센터","행신동 소만마을 3등급 여자어르신 요양보호사 구인","(10531)  경기도 고양시 덕양구 행신동 충경로 138 (행신동, 소만마을3단지아파트)","10518 경기도 고양시 덕양구 충장로 118-31, 502호 (행신동, 원스톱라이프상가)","시급10,320원 이상 ~ 10,320원 이하,","평일 : (근무시간) (오후) 2시 00분 ~ (오후) 5시 00분, 주 5일 근무","기간의 정함이 없는 근로계약/ 파견근로 비희망/ 대체인력채용 비희망","요양보호사(노인요양사)(550101)","사회복지 상담서비스 제공업","관계없음","학력무관","","26-07-30","채용시까지  26-09-29","","- 3등급 여자어르신  - 월~금  14:00~17:00  /  시간 조정 가능  - 척추협착증 거동어려움  - 몸씻기, 관절구축운동, 이동변기 도움, 청소도움 등  - 시급 13,100원","면접","고용24","기타(요양보호사 자격증, 건강검진서)","","0000-8968-9961","평일 : (근무시간) (오후) 2시 00분 ~ (오후) 5시 00분, 주 5일 근무"
"꽃동산재가복지센터","[중계동] 4등급 어르신 재가 요양보호사 구인","(01777)  서울특별시 노원구 동일로207길 18, - (중계동, 중계그린아파트)","01850 서울특별시 노원구 섬밭로 139, 공릉동풍림아파트 (공릉동, 공릉풍림아파트)","시급10,320원 이상,","평일 : (근무시간) (오전) 9시 00분 ~ (정오) 12시 00분, 주 5일 근무","기간의 정함이 없는 근로계약(시간(선택)제)/ 파견근로 비희망/ 대체인력채용 비희망","재가 요양보호사(550102)","노인 요양 복지시설 운영업","관계없음","학력무관","","26-07-30","채용시까지  26-09-29","","◆[중계그린아파트] 4등급 할아버지 케어 -거동가능 -식사준비 및 가사지원 -근무시간:  9시~12시, 주 5일 -포괄시급: 13,200원 -반찬, 청소, 산책 동행 등 일상생활지원  *따뜻한 마음으로 어르신 돌봄해 주실 분","면접","방문,기타(전화 010-4228-8832)","기타(요양보호사 자격증, 건강검진 결과지)","","","평일 : (근무시간) (오전) 9시 00분 ~ (정오) 12시 00분, 주 5일 근무"
"수퍼빈 주식회사","[수퍼빈] 인천 압축장 생산직 정규직 (지게차 필...","(22774)  인천광역시 서해구 봉수대로277번길 17, 수퍼빈 인천압축장 (석남동)","56059 전북특별자치도 순창군 금과면 서암로 201, 수퍼빈","시급11,060원 이상 ~ 11,060원 이하,","평일 : (근무시간) (오전) 8시 00분 ~ (오후) 5시 00분, 주 5일 근무","기간의 정함이 없는 근로계약/ 파견근로 비희망/ 대체인력채용 비희망","플라스틱제품 생산기 조작원(852200)","산업용 로봇 제조업","관계없음","학력무관","","26-07-30","채용시까지  26-09-29","","1. 주요업무 - 식음료용 투명페트병 압축 및 설비(압축기) 일상 점검 - 지게차 운행을 통한 입출고 지원 및 창고 내 물류 정돈  2. 자격요건 - 학력 무관 / 경력 무관 - 지게차 면허 소지자 (필수)  3. 우대사항 - 지게차 및 설비 경정비 가능자 우대 - 장기근속 가능자 우대  4. 근무지 - 인천광역시 서구 석남동 223-610 세윤기계 건물 내 (봉수대로 227번길 17)  5. 근무조건 및 처우 - 근무형태: 정규직 - 근무시간: 08:00 ~ 17:00 (기본 근무시간 / 휴게시간 1시간 포함)  ※ 현장 물류 및 회수 상황에 따라 이른 아침(새벽) 조기 출근이 발생할 수 있으며, 이 경우 퇴근 시간도 동일하게     앞당겨집니다. - 급여조건: 시급 11,060원 - 참고사항: 물량에 따라 간헐적인 연장 및 휴일 근무가 발생할 수 있으며, 발생 시 관련 수당(특근/연장수당 등)이                  근로기준법에 의거하여 별도 지급됩니다.","서류,면접","고용24,이메일","이력서,자기소개서","","031-605-6226","평일 : (근무시간) (오전) 8시 00분 ~ (오후) 5시 00분, 주 5일 근무"
"인천헤아림복지센터","만수6동(3지구) 방문요양보호사 구인","(21596)  인천광역시 남동구 담방로21번길 61, . (만수동, 만수뉴서울아파트)","21577 인천광역시 남동구 남동대로 730, 2층 (구월동)","시급10,320원 이상,","평일 : (근무시간) (오전) 9시 00분 ~ (정오) 12시 00분, 주 5일 근무","기간의 정함이 없는 근로계약/ 파견근로 비희망/ 대체인력채용 비희망","재가 요양보호사(550102)","방문 복지서비스 제공업","관계없음","학력무관","","26-07-30","채용시까지  26-09-28","","3등급 여자어르신 92세 혼자거주 거동가능  신체활동 정서지원 가사및 일상생활지원","서류,면접","고용24","기타(채용신체검사 결과지 )","","032-433-0129","평일 : (근무시간) (오전) 9시 00분 ~ (정오) 12시 00분, 주 5일 근무"
"다솜플러스재가복지센터","[자양동] 3등급 (80대) 할머님 / 오후/ 주...","(05096)  서울특별시 광진구 능동로 18 (자양동, 이튼타워리버3차)","02766 서울특별시 성북구 돌곶이로34길 13 (장위동)","시급10,320원 이상,","평일 : (근무시간) (오후) 1시 00분 ~ (오후) 4시 00분, 주 3일 근무","기간의 정함이 없는 근로계약(시간(선택)제)/ 파견근로 비희망/ 대체인력채용 비희망","재가 요양보호사(550102)","노인 요양 복지시설 운영업","관계없음","학력무관","","26-07-30","채용시까지  26-09-27","","[자양동] 3등급 (80대) 할머님 / 오후/ 3일 /   시간 : 13:00~16:00  업무 : 인지 활동 및 일상생활지원 (음식조리 안함)","면접","기타(전화)","기타(전화 후 방문)","","02-943-2088","평일 : (근무시간) (오후) 1시 00분 ~ (오후) 4시 00분, 주 3일 근무"
"(주)엘씨아이","제조분야 단순직종 종사원","(17555)  경기도 안성시 원곡면 원당로 149, (주)엘씨아이","17555 경기도 안성시 원곡면 원당로 149, (주)엘씨아이","시급10,320원 이상,","평일 : (오전) 8시 00분~(오후) 17시 00분 (물량에 따라 잔업 2시간 있음)  * 휴게시간 90분  오전 10:00 ~ 10:15  점심 12:00 ~ 13:00  오후 15:00 ~ 15:15 , 주 5일 근무","기간의 정함이 없는 근로계약/ 파견근로 비희망/ 대체인력채용 비희망","고무제품 조립원 및 검사원(852401)","화학 살균？살충제 및 농업용 약제 제조업","관계없음","학력무관","","26-07-30","채용시까지  26-09-29","","- 프레스 생산","서류,면접","고용24","이력서,자기소개서","","","평일 : (오전) 8시 00분~(오후) 17시 00분 (물량에 따라 잔업 2시간 있음)  * 휴게시간 90분  오전 10:00 ~ 10:15  점심 12:00 ~ 13:00  오후 15:00 ~ 15:15 , 주 5일 근무"
"금빛재가복지센터","[은천동, 벽산블루밍아파트] 4등급 여자 어르신,...","(08715)  서울특별시 관악구 양녕로 117, 303동 (봉천동, 벽산블루밍아파트)","08793 서울특별시 관악구 남부순환로246가길 12, 101호 (봉천동)","시급10,320원 이상 ~ 10,320원 이하,","평일 : (근무시간) (오후) 2시 00분 ~ (오후) 5시 00분, 주 5일 근무","기간의 정함이 없는 근로계약(시간(선택)제)/ 파견근로 비희망/ 대체인력채용 비희망","재가 요양보호사(550102)","방문 복지서비스 제공업","관계없음","학력무관","","26-07-30","채용시까지  26-09-29","","[은천동, 벽산블루밍아파트] 4등급 여자 어르신, 독거 - 신체지원, 정서지원 및 일상생활지원 - 주 5일, 오후 3시간(14:00~17:00) - 시급: 13,500원(주휴수당, 연차수당 포함)","면접","방문,기타(전화)","이력서","","02-877-6530","평일 : (근무시간) (오후) 2시 00분 ~ (오후) 5시 00분, 주 5일 근무"
"너른고을돌봄센터","서현동 요양선생님 구합니다.","(13573)  경기도 성남시 분당구 새마을로83번길 15 (서현동, 서현포스파크)","12821 경기도 광주시 신현로 65-22, 202호 (신현동, 현대모닝사이드1차 상가)","시급10,320원 이상 ~ 10,320원 이하,","평일 : (근무시간) (오전) 8시 00분 ~ (오전) 11시 00분, 주 5일 근무","기간의 정함이 없는 근로계약(시간(선택)제)/ 파견근로 비희망/ 대체인력채용 비희망","재가 요양보호사(550102)","노인 요양 복지시설 운영업","관계없음","학력무관","","26-07-30","채용시까지  26-09-29","","4등급 어머님이시고 혼자 거주하십니다.  08:00 ~ 11:00시 까지 월~금 주 5일 근무입니다.   주휴수당 포함 13,100원 입니다","서류","고용24","기타(요양보호사 1급자격증 건강검진 (1년 이내))","","031-715-6680","평일 : (근무시간) (오전) 8시 00분 ~ (오전) 11시 00분, 주 5일 근무"
"그린힐홈케어","절골길 스타벅스 뒤 1등급 어머님 케어 도움 주실...","(12775)  경기도 광주시 절골길 63, . (장지동, 상록타운)","12747 경기도 광주시 탄벌길 108-7, 시계탑건물 (탄벌동)","시급10,320원 이상 ~ 10,320원 이하,","평일 : (근무시간) (오후) 1시 00분 ~ (오후) 5시 30분, 주 6일 근무","기간의 정함이 없는 근로계약(시간(선택)제)/ 파견근로 비희망/ 대체인력채용 비희망","재가 요양보호사(550102)","그 외 기타 보건업","관계없음","학력무관","","26-07-29","채용시까지  26-09-27","","-신체 케어 위주 -월~토(주 6일) -중증 가산 있음.","면접","방문","기타(자격증,신분증,건강진단서)","","031-798-8663","평일 : (근무시간) (오후) 1시 00분 ~ (오후) 5시 30분, 주 6일 근무"
"해가빛복지센터","[후암동/4등급] 재가요양보호사 구인","(04329)  서울특별시 용산구 두텁바위로57길 12, .","04360 서울특별시 용산구 효창원로12길 37, 원효로 4가 19 정영 빌딩 5층 501호 (원효로4가)","시급10,320원 이상,","평일 : (근무시간) (오후) 2시 00분 ~ (오후) 5시 00분, 주 5일 근무","기간의 정함이 없는 근로계약(시간(선택)제)/ 파견근로 비희망/ 대체인력채용 비희망","재가 요양보호사(550102)","그 외 기타 비거주 복지 서비스업","관계없음","학력무관","","26-07-30","채용시까지  26-09-23","","[후암동 ] 4등급 할머니 재가요양보호  - 직무내용: 주변정리, 말벗 등  - 장기요양급여 적용 근로시간: 1일 3시간   - 주5일 근무 / 근무시간 : 14:00~17:00   - 시급: 13,000원~13,200원(최저시급 10,320원 + 주휴수당 등 별도)","면접","방문,기타(통화 후 면접)","기타(요양보호사 자격증)","","","평일 : (근무시간) (오후) 2시 00분 ~ (오후) 5시 00분, 주 5일 근무"
"예담재가센터","[ 진접읍 ] 4등급 할머님 재가요양보호사 구인","(12004)  경기도 남양주시 진접읍 금강로 1530-33 (남양주장현행복주택2단지)","12055 경기도 남양주시 진접읍 해밀예당3로 134, 504 (진접프라자)","시급10,320원 이상,","평일 : 주5일, 격주토요일 가능, 주 5일 근무","기간의 정함이 없는 근로계약(시간(선택)제)/ 파견근로 비희망/ 대체인력채용 비희망","재가 요양보호사(550102)","노인 요양 복지시설 운영업","신입","학력무관","","26-07-30","채용시까지  26-09-29","","- 장현 행복주택 4등급 독거 할머님 케어도움 - 가사, 일상생활지원도움 및 병원동행 - 화장실이동및 단독보행가능 - 08:30~11:30 주5일, 격주토요일. - 시급 13,000원 (10,320원+기타 수당 포함) - 담당자: 010-5228-6664","서류","방문,기타(전화통화후 방문 010-5228-6664)","이력서,기타(건강검진)","","031-575-9981","평일 : 주5일, 격주토요일 가능, 주 5일 근무"
"다올림노인복지재가센터","용인 처인구 마평동 3등급 어머니 재가요양보호사 ...","(17145)  경기도 용인시 처인구 동부로 7, . (마평동, 라이프아파트)","05264 서울특별시 강동구 상암로 41 (암사동, 암사동양덱스빌)","시급13,100원 이상 ~ 13,100원 이하,","평일 : (근무시간) (오후) 2시 00분 ~ (오후) 5시 00분, 주 5일 근무","기간의 정함이 없는 근로계약/ 파견근로 비희망/ 대체인력채용 비희망","요양보호사(550100)","방문 복지서비스 제공업","관계없음","학력무관","","26-07-30","채용시까지  26-09-25","","- 용인시 처인구 마평동 3등급 어머니 케어 - 주1회 샤워 도움, 주변정리정돈, 말벗도움, 식사도움, 복약도움, 병원동행, 장보기 - 청력이 저하인상태라  가끔은 딴소리하시는 바람에 요양사님이 오해를 하시는데     미리 알고 환자로 받아들이시면 오해할 일도 없을 듯 - 급여 : 시급 13,100 (시급 10,320원 + 수당) - 근무시간 : 주5일 (월~금 / 14:00~17:00)","서류,면접","방문,기타(전화 후 방문)","이력서,기타(요양보호사 자격증 필수)","","02-429-8250","평일 : (근무시간) (오후) 2시 00분 ~ (오후) 5시 00분, 주 5일 근무"
"양천재가복지센터","[남부터미널역인근] 재가요양보호사모집","(06721)  서울특별시 서초구 효령로68길 81, 서초동 (서초동, 서초자이아파트)","07971 서울특별시 양천구 목동중앙북로18길 5 (목동, 언드탑)","시급10,320원 이상 ~ 15,000원 이하,","평일 : (근무시간) (오전) 9시 00분 ~ (정오) 12시 00분, 주 5일 근무","기간의 정함이 있는 근로계약(시간(선택)제)12 개월/ 파견근로 비희망/ 대체인력채용 비희망","재가 요양보호사(550102)","기타 사회서비스 관리 행정","관계없음","학력무관","","26-07-30","채용시까지  26-09-29","","서초동, 서초자이아파트/남부터미널역인근  - 대상자: 3등급 할아버지, 거동가능, 배우자와 거주 - 직무내용: 가사 및 일상생활지원 - 근로시간: 09시~12시/주5일 - 시급 10,320원[포괄 시급 15,000원]","서류,면접","방문,기타(전화 02-2651-2133)","기타(자격증, 건강검진 결과지)","","02-2651-2133","평일 : (근무시간) (오전) 9시 00분 ~ (정오) 12시 00분, 주 5일 근무"
"광명노인복지센터","재가요양보호사 구인","(21537)  인천광역시 남동구 인주대로811번길 6-7 (구월동, 동도빌라)","21647 인천광역시 남동구 호구포로 294-1 (논현동)","시급10,320원 이상,","평일 : (근무시간) (오전) 8시 00분 ~ (오전) 11시 00분, 주 6일 근무","기간의 정함이 없는 근로계약(시간(선택)제)/ 파견근로 비희망/ 대체인력채용 비희망","재가 요양보호사(550102)","방문 복지서비스 제공업","관계없음","학력무관","","26-07-30","채용시까지  26-09-22","","- 3등급 남자어르신 방문요양/독거 - 각종 수당 포함시 시급 13,000원 - 주6일 근무","면접","방문","이력서","","","평일 : (근무시간) (오전) 8시 00분 ~ (오전) 11시 00분, 주 6일 근무"
"브라보 시니어케어 강남센터","[자곡동 강남한양수자인/2등급,5등급 치매여자어르...","(06370)  서울특별시 강남구 자곡로 260, 자곡동 (자곡동, 강남한양수자인아파트)","06231 서울특별시 강남구 도곡로 221, 3층 2호실 (역삼동)","시급10,320원 이상 ~ 10,320원 이하,","평일 : 근무 시간 : 주4일 8시간, 주1일 4시간/ 요일, 시간 협의, 주5일, 주 5일 근무","기간의 정함이 없는 근로계약(시간(선택)제)/ 파견근로 비희망/ 대체인력채용 비희망","요양보호사(550100)","그 외 기타 분류 안된 사업지원 서비스업","관계없음","학력무관","","26-07-29","26-09-28","","- 대상자 : 자곡동  2등급,5등급 치매여자어르신  (90대 중반) - 직무 내용 :  일상 생활 지원, 정서지원, 인지지원 - 근무 시간 : 주4일 8시간, 주1일 4시간/ 요일, 시간 협의, 주5일 - 시급 : 10,320원 + 기타 수당   * 채용담당 010-3988-4279","면접","기타(* 지원 문의 : 전화(010-3988-4279))","이력서","","","평일 : 근무 시간 : 주4일 8시간, 주1일 4시간/ 요일, 시간 협의, 주5일, 주 5일 근무"
"알라딘재가방문요양센터","(안양동) 요양보호사 구인","(13988)  경기도 안양시 만안구 박달로557번길 27, 1 (안양동, 청솔노블빌)","13987 경기도 안양시 만안구 박달로545번길 11, 알라딘재가방문요양센터 (박달동)","시급10,320원 이상 ~ 10,320원 이하,","평일 : (근무시간) (오후) 1시 30분 ~ (오후) 4시 30분, 주 3일 근무","기간의 정함이 없는 근로계약(시간(선택)제)/ 파견근로 비희망/ 대체인력채용 비희망","재가 요양보호사(550102)","방문 복지서비스 제공업","관계없음","학력무관","","26-07-30","채용시까지  26-09-28","","4등급, 40년생 여자어르신 어르신 아들과 거주하시나 직장인으로 낮시간에는 혼자 계심. 요양보호사 일반업무 통합시급 13,500( 시급10,320 + 주휴수당 + 기타수당 포함) 근무시간 13:30~16:30(주 3일)","기타(통화 후 면접)","기타(통화 후 면접)","기타(요양보호사 자격증, 취업 건강검진 진단서)","","031-393-1569","평일 : (근무시간) (오후) 1시 30분 ~ (오후) 4시 30분, 주 3일 근무"
"늘봄요양보호센터","별내면 청학리 2등급 남자어르신 케어해주실 재가요...","(12083)  경기도 남양주시 청학로68번길 6, 5단지 (청학주공5단지아파트)","12080 경기도 남양주시 별내면 청학로학교길 10-32","시급10,320원 이상 ~ 10,320원 이하,","평일 : (근무시간) (오후) 4시 30분 ~ (오후) 7시 30분, 주 6일 근무","기간의 정함이 없는 근로계약(시간(선택)제)/ 파견근로 비희망/ 대체인력채용 비희망","요양보호사(노인요양사)(550101)","그 외 기타 보건업","관계없음","학력무관","","26-07-30","채용시까지  26-09-29","","2등급 남자자어르신 신체활동지원 정서지원 가사 및 일상생활 지원  *각종 수당포함 시급 13,150원 (중증 수당 별도)  자격증/건강검진 필수  근무시간 (월~토) 오후 16시30분~19시30분","면접","방문,기타(전화 또는 방문)","기타(<면접시 제출> 요양보호사 자격증 건강검진결과확인서  <합격시 제출> 통장사본 주민등록증 사본 )","","031-821-1213","평일 : (근무시간) (오후) 4시 30분 ~ (오후) 7시 30분, 주 6일 근무"
"드림재가복지센터","수유시장근처 3등급 여 어르신/ 요양보호사 구인","(01125)  서울특별시 강북구 도봉로59길 23 (미아동, 서후그랑빌)","01345 서울특별시 도봉구 방학로2길 35, 2층 전부 (방학동)","시급10,320원 이상 ~ 10,320원 이하,","평일 : (근무시간) (오전) 9시 00분 ~ (정오) 12시 00분, 주 6일 근무","기간의 정함이 없는 근로계약(시간(선택)제)/ 파견근로 비희망/ 대체인력채용 비희망","재가 요양보호사(550102)","방문 복지서비스 제공업","경력","학력무관","","26-07-30","채용시까지  26-09-29","","* 3등급 여어르신  - 업무 : 일상생활지원, 가사, 기저귀케어/ 어르신은 혼자서 식사하시고 체위변경하심.    - 동거가족 : 남편         * 근무장소 : 수유시장 근처  * 근무시간 : 09:00~12:00, 주5~6일, 격주토근무   * 시급10,320원 (주휴수당 등 포함 시 시급 13,100원)","면접","방문","기타(요양보호사자격증, 건강검진확인서 (2026년))","","","평일 : (근무시간) (오전) 9시 00분 ~ (정오) 12시 00분, 주 6일 근무"
"한결애복지센터","신길동 3등급 할머니 오전 케어가능한 분","(15400)  경기도 안산시 단원구 삼일로 13, 0 (신길동, 휴먼시아)","15240 경기도 안산시 단원구 선부광장1로 26, 205 (선부동, 문정프라자)","시급10,320원 이상 ~ 10,320원 이하,","평일 : (근무시간) (오전) 8시 30분 ~ (오전) 11시 30분, 주 6일 근무","기간의 정함이 없는 근로계약(시간(선택)제)/ 파견근로 비희망/ 대체인력채용 비희망","재가 요양보호사(550102)","방문 복지서비스 제공업","관계없음","학력무관","","26-07-29","채용시까지  26-09-28","","몸이 불편한 어르신댁에 직접 방문하여 하루에 3시간씩  일상생활함께하기 ,정서지원, 병원동행 등 일상생활지원등의  서비스를 진행하여  어르신의  안정된 삶이 지속되도록 도움을 드리는 서비스입니다.   * 실제 서비스 제공기간에 따라 임금을 계산하여 지급하는 형태로 채용시 근로자마다  주 소정근로시간이나 임금, 근무(예정)지 등에 차이가 있을 수 있음. * 제수당포함 13,000원 * 주6일 (시간: 08:30 ~11:30)","면접","방문,팩스,고용24,이메일,자사채용사이트(longcare.or.kr)","기타(채용시: 신분증.등본.자격증.건강검진결과지.범죄조회회보서 등 서류첨부)","","031-411-1911","평일 : (근무시간) (오전) 8시 30분 ~ (오전) 11시 30분, 주 6일 근무"
"효담재가센터","2등급 남자어르신 도와주실 남자요양보호사님 구합니...","(16853)  경기도 용인시 수지구 성복1로164번길 20, 101동 (성복동, 버들치마을 성복자이1차)","16816 경기도 용인시 수지구 수지로227번길 4 (신봉동)","시급10,320원 이상 ~ 10,320원 이하,","평일 : (근무시간) (오전) 8시 00분 ~ (오전) 11시 00분, 주 6일 근무","기간의 정함이 없는 근로계약/ 파견근로 비희망/ 대체인력채용 비희망","재가 요양보호사(550102)","방문 복지서비스 제공업","관계없음","학력무관","","26-07-29","채용시까지  26-09-28","","2등급 남자어르신 도와주실 남자 요양보호사님 구합니다  오른쪽 편마비   월요일~ 토요일  08:00~11:00  * 포괄 시급 - 13,200  식사도움, 산책, 개인위생도움  배우자와 함께 거주","서류,기타(전화)","방문,기타(전화)","기타(전화)","","031-262-2295","평일 : (근무시간) (오전) 8시 00분 ~ (오전) 11시 00분, 주 6일 근무"
"다원재가센터","4등급 51년생 서울 양천구 신월동 여자어르신 요...","(07920)  서울특별시 양천구 곰달래로5길 57-1, 301호","13166 경기도 성남시 중원구 자혜로 70-1, 1층 다원재가센터 (금광동)","시급10,320원 이상 ~ 13,000원 이하,","평일 : (근무시간) (오전) 9시 00분 ~ (정오) 12시 00분, 주 5일 근무","기간의 정함이 없는 근로계약(시간(선택)제)/ 파견근로 비희망/ 대체인력채용 비희망","재가 요양보호사(550102)","노인 요양 복지시설 운영업","경력","학력무관","","26-07-30","채용시까지  26-09-29","","4등급 51년생 여자 어르신 위치 : 서울 양천구 곰달래로5길 57-1, 301호 시간 : 월~금 9시~12시  시급 : 13,000원(최저임금+주휴수당+연차수당+기타수당)","서류,면접","방문","이력서","","031-747-7434","평일 : (근무시간) (오전) 9시 00분 ~ (정오) 12시 00분, 주 5일 근무"
"강동천호재가복지센터","[신곡동/5등급 할아버님]재가요양보호사 모집","(11739)  경기도 의정부시 회룡로 245 (신곡동, 풍림·한국아파트)","05245 서울특별시 강동구 천중로2길 35-26, 102호 (천호동)","시급10,320원 이상 ~ 10,320원 이하,","평일 : 1일 3시간 협의(주5일), 주 5일 근무","기간의 정함이 있는 근로계약12 개월/ 파견근로 비희망/ 대체인력채용 비희망","재가 요양보호사(550102)","방문 복지서비스 제공업","관계없음","학력무관","","26-07-29","채용시까지  26-09-28","","-요양보호대상자: 5등급 할아버님(83세) -근무지: 의정부 신곡동 한국아파트 -근무시간: 1일 3시간 협의(주5일) -직무내용: 병원동행, 말벗, 일상가사지원 등 -장기요양급여: 시급13,100원(주휴 및 연차수당 포함/교통비60,000원 별도지급) -문 의: 010-3100-8862","면접","방문,기타(전화상담후 면접)","기타(자격증사본, 건강검진확인증)","","02-477-3777","평일 : 1일 3시간 협의(주5일), 주 5일 근무"
"아리아케어 방문요양 관악신림센터","[남강고등학교 인근] 3등급 여자 어르신, 주 6...","(08854)  서울특별시 관악구 난곡로34나길 40, 2층","08858 서울특별시 관악구 난곡로 167, 105동 지하층 202호&203호 아리아케어 방문요양 관악신림센터 (신림동, 임광관악파크아파트)","시급10,320원 이상 ~ 10,320원 이하,","평일 : 오전 10:00~13:00 1명 오후 15:00~18:00 1명, 주 6일 근무","기간의 정함이 없는 근로계약(시간(선택)제)/ 파견근로 비희망/ 대체인력채용 비희망","요양보호사(550100)","노인 요양 복지시설 운영업","관계없음","학력무관","","26-07-30","채용시까지  26-09-29","","[남강고등학교 인근] 3등급 여자 어르신, 주 6일, 오전10:00~13:00 / 오후 15:00~18:00  - 직무: 산책동행, 주변정리정돈, 말벗, 간단한 가사지원 - 정상보행 가능하시나 낙상방지 위해 도움필요 / 요실금으로 기저귀착용중이나 기저귀케어는 안함 - 근무시간: 주 6일, 오전10:00~13:00 / 오후 15:00~18:00 , 각각 3시간 - 시급: 13,000원(주휴수당, 연차수당 포함)","면접","방문,자사채용사이트(sohemy@naver.com),기타(전화)","기타(요양보호사 자격증, 건강검진 확인서)","","","평일 : 오전 10:00~13:00 1명 오후 15:00~18:00 1명, 주 6일 근무"
"길 남양재가복지센터","급구)안산시(사동/후곡3길23) 요양보호사","(15589)  경기도 안산시 상록구 후곡3길 23, 1층","18258 경기도 화성시 만세구 남양읍 남양성지로 183, 103호","시급13,000원 이상 ~ 13,000원 이하,","평일 : (근무시간) (오전) 9시 00분 ~ (정오) 12시 00분, 주 5일 근무","기간의 정함이 있는 근로계약(시간(선택)제)12 개월/ 파견근로 비희망/ 대체인력채용 비희망","재가 요양보호사(550102)","방문 복지서비스 제공업","관계없음","학력무관","","26-07-30","채용시까지  26-09-28","","-대상자 : 5등급 할아버지 -근무시간 : 주6일 09~12시 -식사준비, 청소, 세탁, 산책/병원동행, 말벗 -급여 : 시급 10,320원 + 기타수당 2,680원 = 13,000원 -치매교육이수 필수","서류,면접","방문,고용24","기타(-요양보호사 자격증(치매교육 이수필) -건강검진 결과지(만료일 1년이내이며 판정일이나 판독일이 기재되어있어야 함(공단서류 기준임)))","","031-355-8484","평일 : (근무시간) (오전) 9시 00분 ~ (정오) 12시 00분, 주 5일 근무"
"100세시대재가요양센터","등촌9단지) 여자어르신 오전3시간 주5일 요양보호...","(07577)  서울특별시 강서구 화곡로63가길 92, 901동 (등촌동, 등촌9단지주공아파트)","07577 서울특별시 강서구 화곡로63가길 92, 106호 100세재가요양센터 (등촌동, 등촌9단지주공아파트)","시급10,320원 이상 ~ 10,320원 이하,","평일 : (근무시간) (오전) 9시 00분 ~ (정오) 12시 00분, 주 5일 근무","기간의 정함이 없는 근로계약(시간(선택)제)/ 파견근로 비희망/ 대체인력채용 비희망","재가 요양보호사(550102)","노인 요양 복지시설 운영업","관계없음","학력무관","","26-07-29","채용시까지  26-09-28","","74세 4등급 여자어르신/ 거동가능/딸과 동거  가사위주(반찬만들어 식사차리기)  * 시급 : 13000원 (기본 10,320원+ 주휴 등 기타수당 포함)","서류","고용24","이력서","","02-3662-0906","평일 : (근무시간) (오전) 9시 00분 ~ (정오) 12시 00분, 주 5일 근무"
"(주)유진금속","자동차금형,현장직모집","(15607)  경기도 안산시 단원구 별망로270번길 14 (성곡동)","15607 경기도 안산시 단원구 별망로270번길 14 (성곡동)","시급10,320원 이상 ~ 10,320원 이하,","평일 : (근무시간) (오전) 8시 00분 ~ (오후) 5시 30분, 주 5일 근무","기간의 정함이 없는 근로계약/ 파견근로 비희망/ 대체인력채용 비희망","CNC 밀링기 조작원(NC 밀링기 조작원)(813203)","알루미늄주물 주조업","신입","학력무관","","26-07-29","채용시까지  26-09-28","","자동차금형원,현장직모집","서류,면접","팩스,이메일","이력서","","031-431-4997","평일 : (근무시간) (오전) 8시 00분 ~ (오후) 5시 30분, 주 5일 근무"
"주식회사 금화피앤에스","금화피앤에스 생산직 사원 모집","(17604)  경기도 안성시 미양면 제4산단1로 10, 주식회사 금화피앤에스","17604 경기도 안성시 미양면 제4산단1로 10, 주식회사 금화피앤에스","시급11,450원 이상 ~ 11,450원 이하,","평일 : (근무시간) (오전) 8시 00분 ~ (오후) 5시 30분 오전 쉬는시간 10:00~10:15 오후 쉬는시간 15:00~15:15 점심시간 12:00~13:00, 주 5일 근무","기간의 정함이 있는 근로계약12 개월/ 계약기간 만료 후 상용직전환검토/ 파견근로 비희망/ 대체인력채용 비희망","식품 분야 단순 종사원(890006)","가금류 가공 및 저장 처리업","관계없음","학력무관","","26-07-30","채용시까지  26-09-28","","단순노무 및 포장","서류,면접","고용24,이메일","이력서","","031-671-6611","평일 : (근무시간) (오전) 8시 00분 ~ (오후) 5시 30분 오전 쉬는시간 10:00~10:15 오후 쉬는시간 15:00~15:15 점심시간 12:00~13:00, 주 5일 근무"
"지극정성 노인복지센터","부평동 / 부평중학교 인근 / 4등급 어르신케어 ...","(21356)  인천광역시 부평구 장제로197번길 23, . (부평동, 영빈빌리지)","21984 인천광역시 연수구 송도과학로16번길 13-18, 805호 (송도동, 송도건원테크노큐브)","시급10,320원 이상 ~ 13,000원 이하,","평일 : (근무시간) (정오) 12시 00분 ~ (오후) 3시 00분, 주 6일 근무","기간의 정함이 없는 근로계약(시간(선택)제)/ 파견근로 비희망/ 대체인력채용 비희망","재가 요양보호사(550102)","방문 복지서비스 제공업","관계없음","학력무관","","26-07-30","채용시까지  26-09-29","","[부평동/ 주6일 / 4등급 어르신케어 요양보호사 모집]  - 4등급 할머니 / 인지양호 / 거동가능  - 가사 지원 및 일상생활 지원   - 12:00~15:00 / 주 6일   - 시급: 13,000원 (최저시급 10,320원+기타수당)   - 부평구 장제로 197번길 23 소재","서류,면접","방문","이력서","","","평일 : (근무시간) (정오) 12시 00분 ~ (오후) 3시 00분, 주 6일 근무"
"(주)케어링 방문요양센터 용인 처인점","성실한 요양보호사 선생님 모집 합니다. (안성 난...","(17501)  경기도 안성시 재인길 69-9","17136 경기도 용인시 처인구 이동읍 경기동로 713, 2층","시급10,320원 이상,","평일 : (근무시간) (오후) 1시 00분 ~ (오후) 4시 00분, 주 5일 근무","기간의 정함이 없는 근로계약(시간(선택)제)/ 파견근로 비희망/ 대체인력채용 비희망","재가 요양보호사(550102)","사회복지 상담서비스 제공업","신입","학력무관","","26-07-30","채용시까지  26-09-29","","여자 어르신(4등급) 동거인 : 배우자, 자녀  근무 일정: 월~금(주5일) 근무 시간: 13:00~16:00  식사 도움 청소 등 환경정비 외출, 장보기, 병원 동행 등 외부활동 지원  기타 수당 포함 13,500원","서류,면접,기타(*근무 시간 및 급여 등 상세 근로조건은 입사 전 재확인하시기 바랍니다.   *시급 10,320+주휴수당+기타수당: 13,000원)","방문,고용24,기타(요양보호사 자격증 사본,건강검진 결과지 (1년미만 검진결과지),입사 시  통장사본)","이력서,기타(* 주민번호가 기재된 서류는 채용 확정 후 제출바랍니다. * 1년 이내의 건강검진 결과지 (1차 검진) 제출 요망.)","","031-335-5004","평일 : (근무시간) (오후) 1시 00분 ~ (오후) 4시 00분, 주 5일 근무"
"한결애복지센터","4등급 수암동 할머니 오전케어가능한 분","(15202)  경기도 안산시 상록구 원당골1길 4-4, 0 (수암동, 삼도빌라)","15240 경기도 안산시 단원구 선부광장1로 26, 205 (선부동, 문정프라자)","시급10,320원 이상 ~ 10,320원 이하,","평일 : (근무시간) (오전) 9시 00분 ~ (정오) 12시 00분, 주 6일 근무","기간의 정함이 없는 근로계약(시간(선택)제)/ 파견근로 비희망/ 대체인력채용 비희망","재가 요양보호사(550102)","방문 복지서비스 제공업","관계없음","학력무관","","26-07-29","채용시까지  26-09-28","","몸이 불편한 어르신댁에 직접 방문하여 하루에 3시간씩  신체활동 ,정서지원,병원동행 등 일상생활지원등의  서비스를 진행하여  어르신의  안정된 삶이 지속되도록 도움을 드리는 서비스입니다.   * 실제 서비스 제공기간에 따라 임금을 계산하여 지급하는 형태로 채용시 근로자마다  주 소정근로시간이나 임금, 근무(예정)지 등에 차이가 있을 수 있음. * 제수당포함 13,000원","면접","방문,팩스,고용24,이메일,자사채용사이트(longcare.or.kr)","기타(채용시: 신분증.등본.자격증.건강검진결과지.범죄조회회보서 등 서류첨부)","","","평일 : (근무시간) (오전) 9시 00분 ~ (정오) 12시 00분, 주 6일 근무"
"（주）이마트","채용대행[이마트 에브리데이] 통일동산점 PT파트너...","(10861)  경기도 파주시 사슴벌레로73번길 51, 이마트에브리데이 통일동산점","04511 서울특별시 중구 세종대로7길 37 (순화동)","시급10,320원 이상 ~ 10,320원 이하,","평일 :     오전조 : 09:00 ~ 15:00 ( 휴게 시간 12:00 ~ 12:30 포함 )    중간조 : 12:00 ~ 18:00 ( 휴게 시간 15:00 ~ 15:30 포함 )        or    : 14:00 ~ 20:00 ( 휴게 시간 17:00 ~ 17:30 포함 )      저녁조 : 17:00 ~ 23:00 ( 휴게 시간 20:00 ~ 20:30 포함 )    , 주 6일 근무","기간의 정함이 없는 근로계약(시간(선택)제)/ 파견근로 비희망/ 대체인력채용 비희망","상품 진열원(617902)","대형 마트","관계없음","학력무관","","26-07-29","채용시까지  26-09-27","","[채용대행] [ 이마트에브리데이 ] 통일동산점에서 근무하실 PT파트너 모집합니다. ( 무기계약직 )  [ 근무 장소 ]  - 점포명 : 이마트에브리데이 통일동산점   - 구인 인원 : 3명 ( 상품 진열원 / 계산원 공통 업무 )  - 점포 주소 : 경기 파주시 탄현면 사슴벌레로73번길 51    [ 공통 업무 ]   - 캐셔 / 상품 진열 / 온라인 피패킹 / 재고 관리 / 고객 응대 등   [ 근무 시간 ]   - 주 6일, 하루 5시간 30분, 휴게 30분 ( 주33시간 ) 스케쥴 근무   - 상세 시간      오전조 : 09:00 ~ 15:00 ( 휴게 시간 12:00 ~ 12:30 포함 )     중간조 : 12:00 ~ 18:00 ( 휴게 시간 15:00 ~ 15:30 포함 )        or    : 14:00 ~ 20:00 ( 휴게 시간 17:00 ~ 17:30 포함 )      저녁조 : 17:00 ~ 23:00 ( 휴게 시간 20:00 ~ 20:30 포함 )     ※ 상황에 따라 출근 및 휴게시간 상이  지원문의 : 한명숙 상담사(031-940-9782)","서류,면접","고용24,자사채용사이트(https://job.shinsegae.com/)","이력서,자기소개서","지자체 위탁 취업알선기관_경기  파주시","031-940-9782","평일 :     오전조 : 09:00 ~ 15:00 ( 휴게 시간 12:00 ~ 12:30 포함 )    중간조 : 12:00 ~ 18:00 ( 휴게 시간 15:00 ~ 15:30 포함 )        or    : 14:00 ~ 20:00 ( 휴게 시간 17:00 ~ 17:30 포함 )      저녁조 : 17:00 ~ 23:00 ( 휴게 시간 20:00 ~ 20:30 포함 )    , 주 6일 근무"
"늘푸른 방문요양센터","[은천교차로 인근 ] 3등급 남자 어르신/ 4등급...","(08719)  서울특별시 관악구 봉천로23나길 7 (봉천동)","08767 서울특별시 관악구 남부순환로 1459 (신림동)","시급10,320원 이상 ~ 10,320원 이하,","평일 :  오전 09:30~12:30/ 12:40~15:40, 주 6일 근무","기간의 정함이 없는 근로계약(시간(선택)제)/ 파견근로 비희망/ 대체인력채용 비희망","재가 요양보호사(550102)","방문 복지서비스 제공업","관계없음","학력무관","","26-07-29","채용시까지  26-09-28","","[은천교차로 인근 ] 3등급 남자 어르신(87세)/ 4등급 여자 어르신(85세). 긴시간 - 오전 09:30~12:30/ 12:40~15:40 ,주 6일 - 직무: 신체활동지원, 일상생활 지원, 개인활동 지원, 정서지원 등 - 시급: 13.200원(연차 및 주휴 수당 포함)  (아들 함께거주하나 출근함)","서류,면접","방문","이력서,기타(자격증 사본, 건강검진결과 통보서)","","02-856-0061","평일 :  오전 09:30~12:30/ 12:40~15:40, 주 6일 근무"
"서울방문간호요양센터","[성수동/4등급/할아버지/14~17시 주5일] 재...","(04788)  서울특별시 성동구 왕십리로16길 12-54, .. (성수동1가, (구)부용연립)","04784 서울특별시 성동구 뚝섬로 401-2, 331-2 일산빌딩3층 (성수동2가, 일산빌딩)","시급10,320원 이상,","평일 : -근무시간 14:00~17:00  주5일, 주 5일 근무","기간의 정함이 없는 근로계약(시간(선택)제)/ 파견근로 비희망/ 대체인력채용 비희망","재가 요양보호사(550102)","사회복지 상담서비스 제공업","관계없음","학력무관","","26-07-29","채용시까지  26-09-28","","-4등급 할아버지 방문요양  -근무시간 14:00~17:00  주5일  -시급 10,320원 (주휴수당, 연차수당 포함 13,000원)","서류,면접","방문","이력서","","02-499-7226","평일 : -근무시간 14:00~17:00  주5일, 주 5일 근무"
"민들레재가센터","[미사13단지] 4등급 할머니 재가요양보호사 모집","(12910)  경기도 하남시 아리수로 565 (망월동, 미사강변도시13단지)","05530 서울특별시 송파구 올림픽로49길 12, 민들레재가센터 (풍납동)","시급10,320원 이상,","평일 : (근무시간) (오전) 9시 00분 ~ (정오) 12시 00분, 주 5일 근무","기간의 정함이 없는 근로계약(시간(선택)제)/ 파견근로 비희망/ 대체인력채용 비희망","요양보호사(550100)","방문 복지서비스 제공업","관계없음","학력무관","","26-07-29","채용시까지  26-09-28","","[미사13단지] 4등급 80대 할머님 재가요양보호사 케어  ㅇ부부거주(남편분 출근), 음식은 안함, 식재료 정리 후 주변정리, 일상생활 도움 듬 ㅇ근무시간 : 주5일(월~금) 09:00 ~ 12:00 ㅇ급여 : 기본시급 10,320원 + 기타수당 포함 = 시급 13,000원  ◆전화( 010-2951-7812 )상담 후 지원 ◆","면접","기타(◆전화( 010-2951-7812 )상담 후 지원◆)","기타(요양보호사 자격증, 건강검진표)","","02-488-6081","평일 : (근무시간) (오전) 9시 00분 ~ (정오) 12시 00분, 주 5일 근무"
"우리들재가복지센터","[ 화도읍 ] 4등급 할머님 재가요양보호사 구인","(12168)  경기도 남양주시 화도읍 묵현로 21-21, 104동 (예일그린빌)","12167 경기도 남양주시 화도읍 묵현로14번길 10-1","시급10,320원 이상 ~ 10,320원 이하,","평일 : (근무시간) (오전) 9시 00분 ~ (정오) 12시 00분, 주 6일 근무","기간의 정함이 없는 근로계약(시간(선택)제)/ 파견근로 비희망/ 대체인력채용 비희망","재가 요양보호사(550102)","방문 복지서비스 제공업","관계없음","학력무관","","26-08-14","26-09-13","","- 4등급 독거할머님 일상생활지원 도움 - 9~12시 , 주6일 - 시급 13,000 원 (기본시급 10,320원 + 기타수당 포함 - 담당자: 010-9870-9199","면접","방문,기타(전화 상담 후 방문)","이력서,기타(요양보호사 자격증, 건강검진 서류(채용 후 제출))","","","평일 : (근무시간) (오전) 9시 00분 ~ (정오) 12시 00분, 주 6일 근무"
"(주)가온사랑재가복지센터","[재가요양보호사 모집] 영등포동7가 / 3등급 /...","(07247)  서울특별시 영등포구 국회대로54길 27 (영등포동7가, 근상프리즘아파트)","01852 서울특별시 노원구 동일로195길 7, 동욱빌딩 4층 (공릉동)","시급10,320원 이상 ~ 10,320원 이하,","평일 :  09:30~12:30 (30분 앞으로 조정가능) / 주5일, 주 5일 근무","기간의 정함이 없는 근로계약/ 파견근로 비희망/ 대체인력채용 비희망","재가 요양보호사(550102)","기타 사회서비스 관리 행정","관계없음","학력무관","","26-07-30","채용시까지  26-09-29","","직무: 3등급 남자 어르신 돌봄 - 부부거주, 거동가능, 신체지원, 가사일상지원, 정서지원 등   근무시간: 09:30~12:30 (30분 앞으로 조정가능) / 주5일  근무처: 서울특별시 영등포구 국회대로54길 27(영등포동7가, 근상프리즘아파트)  시급: 10,320원 (주휴수당 2,064원, 연차수당 594원, 기타수당 122원 별도)  * 전화지원 010-8670-8883","서류,면접","기타(* 전화지원 010-8670-8883)","이력서,기타(자격증, 건강검진확인증)","","","평일 :  09:30~12:30 (30분 앞으로 조정가능) / 주5일, 주 5일 근무"
"사랑채 재가복지센터","(단월면 명성리 ) 3등급 어르신(할아버지) 요양...","(12526)  경기도 양평군 통골길 18-11, 마을회관 인근","12515 경기도 양평군 용문면 연수로 72, 104호","시급10,320원 이상,","평일 : (근무시간) (오전) 9시 00분 ~ (정오) 12시 00분, 주 5일 근무","기간의 정함이 없는 근로계약/ 파견근로 비희망/ 대체인력채용 비희망","재가 요양보호사(550102)","개인 간병 및 유사 서비스업","관계없음","학력무관","","26-07-30","채용시까지  26-09-28","","*따뜻한 마음으로 어르신을 섬기실 요양보호사님을 모십니다.  1. 대 상 자 : 3등급 아버님 2. 근무시간 : 09:00~12:00 (주 5일 : 월~금) 3. 주 업 무 : 일상생활지원 및 가사지원 등 4. 근 무 지 : 단월면 명성1리 마을회관 인근(센터문의) 5. 시     급 : 10,320원+제수당=13,500원 6. 입사일 기준 최근 1년 이내 건강검진 서류 필수","서류,면접","방문,고용24,기타(*전화문의 : 031) 773-2150)","이력서,기타(1. 요양보호사 자격증 사본 1부. 2. 건강검진결과서 1부.)","","031-773-2150","평일 : (근무시간) (오전) 9시 00분 ~ (정오) 12시 00분, 주 5일 근무"
"한결방문요양센터","어르신을 위한 따뜻한 배려로 가득한 돌봄 서비스 ...","(17367)  경기도 이천시 영창로 126 (관고동)","17386 경기도 이천시 마장면 덕평로 1082, 3호","시급10,320원 이상 ~ 10,320원 이하, 면접 후 재조정 가능","평일 : (근무시간) (오후) 2시 00분 ~ (오후) 5시 00분, 주 5일 근무","기간의 정함이 없는 근로계약/ 파견근로 비희망/ 대체인력채용 비희망","요양보호사(550100)","노인 요양 복지시설 운영업","관계없음","학력무관","","26-07-30","채용시까지  26-09-28","","[모집직무] 요양보호사 최저시급+각종수당 13,100원 이상 협의 가능  [직무소개] 우리 회사는 어르신들의 건강하고 행복한 노후를 위한 돌봄 서비스를 제공하고 있습니다. 본 직무는 어르신들을 돕고, 그들의 삶의 질을 향상시키는 데 기여하는 중요한 역할을 수행합니다.  [주요업무] - 어르신들의 일상생활 지원 - 식사 및 식습관 관리 - 투약 관리 및 건강 상태 확인 - 가벼운 운동 및 취미 활동 지원 - 심리적 안정과 소통 제공","면접","방문,팩스,고용24","이력서","","","평일 : (근무시간) (오후) 2시 00분 ~ (오후) 5시 00분, 주 5일 근무"
"세종재가복지센터","4등급 여자어르신 도와드릴 요양보호사 선생님 모십...","(21679)  인천광역시 남동구 앵고개로815번길 22 (논현동, 소래휴먼시아3단지)","22230 인천광역시 미추홀구 미추홀대로 532 (주안동)","시급10,320원 이상 ~ 10,320원 이하,","평일 : (근무시간) (오전) 9시 30분 ~ (오후) 12시 30분, 주 6일 근무","기간의 정함이 없는 근로계약(시간(선택)제)/ 파견근로 비희망/ 대체인력채용 비희망","재가 요양보호사(550102)","노인 요양 복지시설 운영업","경력","학력무관","","26-07-29","채용시까지  26-09-28","","- 4등급 여자 어르신 케어 - 청소, 식사, 말벗, 병원 동행 - 각종수당포함시급 13,000원","면접","방문","이력서,기타(요양보호사 자격증)","","","평일 : (근무시간) (오전) 9시 30분 ~ (오후) 12시 30분, 주 6일 근무"
"그린힐홈케어","[보정동] 3등급 할머님 오전 요양보호사 구인(주...","(16905)  경기도 용인시 기흥구 용구대로2469번길 20, . (보정동, 죽전자이2차)","12747 경기도 광주시 탄벌길 108-7, 시계탑건물 (탄벌동)","시급10,320원 이상 ~ 13,100원 이하,","평일 : (근무시간) (오전) 8시 00분 ~ (오전) 11시 00분, 주 6일 근무","기간의 정함이 없는 근로계약(시간(선택)제)/ 파견근로 비희망/ 대체인력채용 비희망","재가 요양보호사(550102)","그 외 기타 보건업","관계없음","학력무관","","26-07-30","채용시까지  26-09-29","","- 3등급 할머니 : 아침식사 수발, 신체케어 - 08:00~11:00 - 시급 10,320원+연차수당+주휴수당 포함=13,100원(협의가능)","면접,기타(전화)","방문,기타(전화후 방문)","기타(자격증,신분증,건강진단서 *주민번호가 기재된 서류는 채용확정 후 제출바랍니다.)","","031-798-8663","평일 : (근무시간) (오전) 8시 00분 ~ (오전) 11시 00분, 주 6일 근무"
"가온복지센터","재가요양보호사 구인","(14102)  경기도 안양시 동안구 관평로 68, . (평촌동, 꿈마을한신아파트)","14067 경기도 안양시 동안구 시민대로 230, 1 (관양동, 평촌아크로타워)","시급10,320원 이상 ~ 13,500원 이하,","평일 : (근무시간) (오후) 5시 00분 ~ (오후) 7시 00분, 주 5일 근무","기간의 정함이 없는 근로계약(시간(선택)제)/ 파견근로 비희망/ 대체인력채용 비희망","재가 요양보호사(550102)","사회복지 상담서비스 제공업","관계없음","학력무관","","26-07-30","26-09-29","","- 4등급 남자어르신 송영(하원), 개인위생관리 - 남자요양보호사 구인 - 시급 13,500(주휴.연차.기타수당포함)","면접","방문,기타(가온복지센터(010-5024-2765)로 전화주세요)","이력서","","","평일 : (근무시간) (오후) 5시 00분 ~ (오후) 7시 00분, 주 5일 근무"
"샘솟는 방문요양","방문 요양보호사 모집합니다.","(11707)  경기도 의정부시 평화로290번길 11, 104동 (호원동, 한주1차아파트)","11785 경기도 의정부시 용민로26번길 33 (용현동, 대흥빌딩)","시급10,320원 이상 ~ 10,320원 이하,","평일 : (근무시간) (오전) 11시 00분 ~ (오후) 2시 00분, 주 5일 근무","기간의 정함이 없는 근로계약(시간(선택)제)/ 파견근로 비희망/ 대체인력채용 비희망","재가 요양보호사(550102)","방문 복지서비스 제공업","관계없음","학력무관","","26-07-29","채용시까지  26-09-28","","4등급 여자 어르신 동거인 : 딸     ■ 주요 업무 내용 1. 신체활동 지원  - 세면, 입욕, 식사 수발 및 보조  - 체위 변경, 이동 보조 및 복약 지도  2. 가사활동 지원  - 어르신 전용 취사(식사 준비)  - 어르신 생활 공간 청소 및 주변 정돈  - 어르신 의류 및 침구류 세탁  3. 일상생활 및 정서 지원  - 외출 동행 (병원 진료, 산책, 생필품 구매 등)  - 말벗 및 정서적 교감, 상태 모니터링  ■ 복리후생 및 근무조건 - 4대 보험 가입 (국민연금, 건강보험, 고용보험, 산재보험)   ※ 월 60시간 이상 근무 시 4대 보험 전액 적용 (60시간 미만 시 산재/고용보험 적용) - 퇴직금 지급 (1년 이상 근무 시)","면접","고용24","이력서,기타(건강 검진표 (취업용) // 요양보호사 자격증)","","031-852-4574","평일 : (근무시간) (오전) 11시 00분 ~ (오후) 2시 00분, 주 5일 근무"
"연리지재가노인복지센터","평택시 현덕면 화양지구 방문요양 요양보호사 채용","(18035)  경기도 평택시 화양현화로 25, 힐스테이트 평택화양 (힐스테이트 평택화양)","17873 경기도 평택시 동부공원로14번길 45, 1층 (비전동)","시급10,320원 이상,","평일 : - 월~토요일 근무 가능자(토요일격주근무) - 08:30~11:30, 주 6일 근무","기간의 정함이 없는 근로계약/ 파견근로 비희망/ 대체인력채용 비희망","재가 요양보호사(550102)","노인 요양 복지시설 운영업","관계없음","학력무관","","26-07-29","채용시까지  26-09-28","","방문요양보호사 모집(남 80대 4등급, 여 80대 2등급 부부 각각 돌봄)  -경기도 평택시 현덕 화양지구 -4대보험, 퇴직금 적용  - 월~토요일 근무 가능자(오전,오후가능자) - 08:30~11:30","면접","방문,우편,팩스,고용24","이력서","","031-618-1271","평일 : - 월~토요일 근무 가능자(토요일격주근무) - 08:30~11:30, 주 6일 근무"
"사단법인 사람과사람","신정동 / 3등급 어르신 요양보호사 구인","(08100)  서울특별시 양천구 목동로3길 57, . (신정동, 양천아파트)","07912 서울특별시 양천구 남부순환로46길 20, 3층 (신월동, 사람과사람비엘디)","시급13,000원 이상 ~ 13,300원 이하,","평일 : (근무시간) (오전) 8시 00분 ~ (오전) 11시 00분, 주 6일 근무","기간의 정함이 없는 근로계약(시간(선택)제)/ 파견근로 비희망/ 대체인력채용 비희망","요양보호사(노인요양사)(550101)","개인 간병 및 유사 서비스업","관계없음","학력무관","","26-07-30","채용시까지  26-09-29","","[신정동 / 3등급 어르신 요양보호사 구인]  - 3등급 할머니 / 인지양호 / 휠체어이동  - 직무 : 식사 준비 / 청소 / 대소변뒷처리 및 주변정돈 / 목욕도움 등  - 근무시간 : 08:00~11::00 / 주 6일   - 시급: 13,300원 ( 기본시급외 수당포함 )  - 양천구 목동로 3길 57 소재","서류,면접","고용24","기타(자격증사본. 건강검진결과지.)","","02-2601-6090","평일 : (근무시간) (오전) 8시 00분 ~ (오전) 11시 00분, 주 6일 근무"
"(주)인터플렉스","[영풍그룹 / ㈜인터플렉스] FPCB 생산직 계약...","(15428)  경기도 안산시 단원구 강촌로 149 (성곡동)","15428 경기도 안산시 단원구 강촌로 149 (성곡동)","시급10,320원 이상,","평일 : * 근무시간 : 주간08:30~20:30, 야간20:30~08:30  * 휴게시간 10:20~10:35(15분), 12:10~13:00(50분), 15:20~15:35(15분), 17:50~18:30(40분), 22:20~22:35(15분), 00:00~00:50(50분), 03:20~03:35(15분), 06:00~06:40(40분), 주 5일 근무","기간의 정함이 있는 근로계약1 개월/ 계약기간 만료 후 상용직전환검토/ 파견근로 비희망/ 대체인력채용 비희망","전자 부품 및 제품 제조 기계 조작원(835300)","연성 및 기타 인쇄회로기판 제조업","관계없음","학력무관","","26-07-29","채용시까지  26-09-28","","■ 모집부문  PCB 생산직 계약직  ■ 근무기간  1개월 단위 계약, 최대 11개월 계약직 후 정규직 전환 검토 계약 연장 불가  ■ 지원자격  성별, 나이무관, F비자 외국인 지원 가능 제조업 생산직 근무 가능자  ■ 담당업무  PCB 생산 관련 업무 배정 공정 : 도금, 드릴, 적층, 회로 등  ■ 근무지  경기도 안산시 단원구 성곡동 (㈜인터플렉스)  ■ 기타  공정 배치는 회사 사정에 따라 입사 당일 결정 즉시 출근 가능자 우대  ※ 자세한 근무조건 및 급여는 면접 시 안내드립니다.","서류,면접","고용24","이력서,자기소개서,경력증명서","안산고용센터","031-412-6918","평일 : * 근무시간 : 주간08:30~20:30, 야간20:30~08:30  * 휴게시간 10:20~10:35(15분), 12:10~13:00(50분), 15:20~15:35(15분), 17:50~18:30(40분), 22:20~22:35(15분), 00:00~00:50(50분), 03:20~03:35(15분), 06:00~06:40(40분), 주 5일 근무"
"백세통합재가센터","[우만1동] 요양보호사 구인","(16230)  경기도 수원시 팔달구 창룡대로210번길 13, . (우만동, 주공3단지아파트)","16480 경기도 수원시 팔달구 경수대로 459, 백세통합재가센터 (인계동, 현대빌딩)","시급13,500원 이상 ~ 13,500원 이하,","평일 : (근무시간) (오전) 9시 00분 ~ (정오) 12시 00분, 주 5일 근무","기간의 정함이 없는 근로계약(시간(선택)제)/ 파견근로 비희망/ 대체인력채용 비희망","재가 요양보호사(550102)","개인 간병 및 유사 서비스업","관계없음","학력무관","","26-07-29","채용시까지  26-09-28","","▣ 근무내용 : 3등급 독거 할머니 요양보호 서비스 제공 ▣ 근무 시간 : 9시~12시[주5일] ▣ 포괄 임금 :  13,500원 ▣ 근무지 :  우만주공3단지","면접","방문,기타(전화 후 방문)","기타(방문)","","031-223-0703","평일 : (근무시간) (오전) 9시 00분 ~ (정오) 12시 00분, 주 5일 근무"